지점,일시,기온(°C),풍향(deg),풍속(m/s),강수량(mm),현지기압(hPa),해면기압(hPa),습도(%),일사(MJ/m^2),일조(hr)
713,2019-01-01 0:00,-0.7,306.5,1.7,0,,,38.9,,
713,2019-01-01 1:00,0.5,283.9,2.5,0,,,45.9,,
713,2019-01-01 2:00,0.6,300.2,2.4,0,,,48.4,,
713,2019-01-01 3:00,0.3,331.3,2.1,0,,,50.6,,
713,2019-01-01 4:00,0.1,325.6,1.8,0,,,51.6,,
713,2019-01-01 5:00,0.5,320.9,2.7,0,,,53.9,,
713,2019-01-01 6:00,0.6,309.5,2.6,0,,,52.2,,
713,2019-01-01 7:00,0.7,308.2,3.1,0,,,52.6,,
713,2019-01-01 8:00,0.9,296,3,0,,,53.3,,
713,2019-01-01 9:00,1.7,266.8,3.2,0,,,52.1,,
713,2019-01-01 10:00,2.6,288,2.7,0,,,50,,
713,2019-01-01 11:00,4,301.9,2.9,0,,,46,,
713,2019-01-01 12:00,4.4,289.4,3.8,0,,,44.8,,
713,2019-01-01 13:00,5.2,289,3.5,0,,,39.2,,
713,2019-01-01 14:00,4.2,282,4,0,,,46.6,,
713,2019-01-01 15:00,4.4,280.2,2.8,0,,,46,,
713,2019-01-01 16:00,3.3,275.4,2.6,0,,,50.1,,
713,2019-01-01 17:00,2.5,282.7,2.9,0,,,57.5,,
713,2019-01-01 18:00,1,256.9,2.5,0,,,71.6,,
713,2019-01-01 19:00,0.8,266.5,2.4,0,,,67.6,,
713,2019-01-01 20:00,0.3,285.3,1.3,0,,,59,,
713,2019-01-01 21:00,0.4,277,1.8,0,,,63.9,,
713,2019-01-01 22:00,0.5,294.9,1.2,0,,,60.8,,
713,2019-01-01 23:00,0.5,327.7,2.3,0,,,60,,
713,2019-01-02 0:00,-0.1,319.2,1.8,0,,,66,,
713,2019-01-02 1:00,0,299.1,2.4,0,,,59.7,,
713,2019-01-02 2:00,-0.5,299.7,2.5,0,,,57.3,,
713,2019-01-02 3:00,-1,297.4,2,0,,,56.4,,
713,2019-01-02 4:00,-1.3,270.2,2.4,0,,,55.2,,
713,2019-01-02 5:00,-2.5,297,0.6,0,,,60.9,,
713,2019-01-02 6:00,-2.9,292.9,0.9,0,,,61.8,,
713,2019-01-02 7:00,-2.8,303.7,1.3,0,,,62.3,,
713,2019-01-02 8:00,-2.1,276,2.9,0,,,60.4,,
713,2019-01-02 9:00,-0.7,271.1,2.6,0,,,57.5,,
713,2019-01-02 10:00,2.2,294.3,3.7,0,,,49.4,,
713,2019-01-02 11:00,3.6,290.6,3.9,0,,,45,,
713,2019-01-02 12:00,4.2,305.6,4.3,0,,,40.4,,
713,2019-01-02 13:00,5,274.3,3.6,0,,,36.6,,
713,2019-01-02 14:00,5.5,301.1,2.8,0,,,34.6,,
713,2019-01-02 15:00,5.1,283,3.8,0,,,36.2,,
713,2019-01-02 16:00,4.9,300.3,2.9,0,,,37.7,,
713,2019-01-02 17:00,3.1,296.6,2.5,0,,,43,,
713,2019-01-02 18:00,1.9,321.3,3,0,,,45.7,,
713,2019-01-02 19:00,0.9,303.2,1.9,0,,,50.9,,
713,2019-01-02 20:00,0.7,284.9,2.2,0,,,52,,
713,2019-01-02 21:00,0.3,276.5,2.2,0,,,53.4,,
713,2019-01-02 22:00,-0.3,280.6,2.4,0,,,54.1,,
713,2019-01-02 23:00,-1.1,269.5,2.1,0,,,56.8,,
713,2019-01-03 0:00,-1.7,334.5,0.9,0,,,57.1,,
713,2019-01-03 1:00,-1,272.5,1,0,,,50.4,,
713,2019-01-03 2:00,-0.4,270.5,2.6,0,,,52.5,,
713,2019-01-03 3:00,-0.7,289.1,1.6,0,,,52.8,,
713,2019-01-03 4:00,-0.8,295.4,2.4,0,,,49.7,,
713,2019-01-03 5:00,-0.8,315.1,1.3,0,,,47.2,,
713,2019-01-03 6:00,-1.6,319.9,0.7,0,,,41.4,,
713,2019-01-03 7:00,-2.8,85.5,1,0,,,52.4,,
713,2019-01-03 8:00,-3.9,60.8,0.9,0,,,58.4,,
713,2019-01-03 9:00,-1.9,45.9,0.8,0,,,50.3,,
713,2019-01-03 10:00,2.9,291.4,1.5,0,,,29.8,,
713,2019-01-03 11:00,4.8,269.7,1.1,0,,,20.2,,
713,2019-01-03 12:00,6.4,154.7,1.5,0,,,20.7,,
713,2019-01-03 13:00,6.6,124.9,1.1,0,,,20.1,,
713,2019-01-03 14:00,6.8,93.5,1.4,0,,,16.5,,
713,2019-01-03 15:00,9.2,282.3,0.7,0,,,14.2,,
713,2019-01-03 16:00,8.6,259.3,1.3,0,,,15.4,,
713,2019-01-03 17:00,6.3,271.5,2.1,0,,,20.2,,
713,2019-01-03 18:00,3.3,345.3,0.7,0,,,31.6,,
713,2019-01-03 19:00,1.2,302.6,1.3,0,,,36.7,,
713,2019-01-03 20:00,-0.4,305.6,0.5,0,,,42.4,,
713,2019-01-03 21:00,-1,296.2,1.1,0,,,46.9,,
713,2019-01-03 22:00,-2,301.4,0.7,0,,,50.6,,
713,2019-01-03 23:00,-2.1,0,0.3,0,,,50.5,,
713,2019-01-04 0:00,-3.2,0,0.2,0,,,60.6,,
713,2019-01-04 1:00,-3.8,0,0.3,0,,,61.3,,
713,2019-01-04 2:00,-4.2,317,0.7,0,,,63.7,,
713,2019-01-04 3:00,-4.4,294.6,0.8,0,,,65.1,,
713,2019-01-04 4:00,-5.1,0,0.4,0,,,67.7,,
713,2019-01-04 5:00,-5.6,0,0.4,0,,,71.8,,
713,2019-01-04 6:00,-5.1,288.7,0.8,0,,,67.6,,
713,2019-01-04 7:00,-5.3,296.5,0.7,0,,,65.5,,
713,2019-01-04 8:00,-4.9,306,0.7,0,,,66.7,,
713,2019-01-04 9:00,-2,0,0.2,0,,,55,,
713,2019-01-04 10:00,1.2,0,0.3,0,,,42.1,,
713,2019-01-04 11:00,4.4,126.4,0.8,0,,,25.9,,
713,2019-01-04 12:00,4.5,213,1.4,0,,,28.2,,
713,2019-01-04 13:00,5.6,0,0.3,0,,,24.9,,
713,2019-01-04 14:00,7.6,281.7,1.6,0,,,18.7,,
713,2019-01-04 15:00,7.6,325.3,1.8,0,,,15.1,,
713,2019-01-04 16:00,6,292.7,1.8,0,,,18.1,,
713,2019-01-04 17:00,4.8,264.4,3.1,0,,,31,,
713,2019-01-04 18:00,4.3,246.8,2.1,0,,,36.9,,
713,2019-01-04 19:00,4.3,301.4,0.6,0,,,38.5,,
713,2019-01-04 20:00,3.8,112.2,0.6,0,,,42.6,,
713,2019-01-04 21:00,3.6,0,0.1,0,,,44.4,,
713,2019-01-04 22:00,3.5,81.7,0.5,0,,,45.8,,
713,2019-01-04 23:00,3.7,0,0.3,0,,,44.6,,
713,2019-01-05 0:00,5.2,292.4,2.9,0,,,48.1,,
713,2019-01-05 1:00,5,295.1,3.1,0,,,52.5,,
713,2019-01-05 2:00,4.6,272.6,2.7,0,,,56,,
713,2019-01-05 3:00,4.5,273.4,2.3,0,,,58.3,,
713,2019-01-05 4:00,4.8,272.5,2.6,0,,,53,,
713,2019-01-05 5:00,4.7,271.7,2.5,0,,,52.2,,
713,2019-01-05 6:00,4.6,284.2,2,0,,,53.5,,
713,2019-01-05 7:00,4.5,280.3,2,0,,,54.6,,
713,2019-01-05 8:00,4,278.1,2.1,0,,,58.2,,
713,2019-01-05 9:00,4.7,272.8,2.5,0,,,52.9,,
713,2019-01-05 10:00,5.8,282,2.5,0,,,44,,
713,2019-01-05 11:00,5.7,268.9,3.2,0,,,43.2,,
713,2019-01-05 12:00,8.5,291.5,3,0,,,24.5,,
713,2019-01-05 13:00,8.7,279.6,3.1,0,,,22.9,,
713,2019-01-05 14:00,10.2,314.1,2.3,0,,,14.1,,
713,2019-01-05 15:00,10.2,289.7,2.3,0,,,10.5,,
713,2019-01-05 16:00,9.3,295.7,3,0,,,8.4,,
713,2019-01-05 17:00,7,286.4,2.1,0,,,11.6,,
713,2019-01-05 18:00,4.8,310.8,1.3,0,,,17.1,,
713,2019-01-05 19:00,3.6,302.3,1.3,0,,,20.6,,
713,2019-01-05 20:00,2.4,302.2,1.2,0,,,25.3,,
713,2019-01-05 21:00,2.1,334.1,1.5,0,,,27.8,,
713,2019-01-05 22:00,0.7,294.5,1.1,0,,,32.9,,
713,2019-01-05 23:00,-0.8,293.5,0.7,0,,,40.3,,
713,2019-01-06 0:00,-1.6,330.1,0.5,0,,,43.1,,
713,2019-01-06 1:00,-2.5,0,0.3,0,,,54.7,,
713,2019-01-06 2:00,-1.4,0,0.4,0,,,48.4,,
713,2019-01-06 3:00,-1.3,0,0.2,0,,,50.7,,
713,2019-01-06 4:00,-1.3,35,0.5,0,,,50.1,,
713,2019-01-06 5:00,-1.6,0,0.2,0,,,51.7,,
713,2019-01-06 6:00,-0.7,334.6,1.3,0,,,31.7,,
713,2019-01-06 7:00,-2.6,0,0.4,0,,,47.5,,
713,2019-01-06 8:00,-3.4,286.8,0.8,0,,,52.4,,
713,2019-01-06 9:00,-1.9,0,0.3,0,,,45.9,,
713,2019-01-06 10:00,1.5,112.4,0.5,0,,,31,,
713,2019-01-06 11:00,5.4,148.9,1.1,0,,,21.4,,
713,2019-01-06 12:00,7,89.4,0.9,0,,,12,,
713,2019-01-06 13:00,8.1,112.8,0.8,0,,,10,,
713,2019-01-06 14:00,9.1,268.9,3.9,0,,,6.8,,
713,2019-01-06 15:00,9.2,264.6,4.1,0,,,7.5,,
713,2019-01-06 16:00,8.3,305.5,3,0,,,9.8,,
713,2019-01-06 17:00,6.4,306.4,1.7,0,,,12.7,,
713,2019-01-06 18:00,5,297.1,2.1,0,,,15.4,,
713,2019-01-06 19:00,3.9,302.1,2.8,0,,,20.6,,
713,2019-01-06 20:00,2.6,287.3,1.4,0,,,29,,
713,2019-01-06 21:00,2.2,329.1,1.4,0,,,34.4,,
713,2019-01-06 22:00,1.6,292.3,0.7,0,,,38.4,,
713,2019-01-06 23:00,1.9,271.7,2.3,0,,,38.1,,
713,2019-01-07 0:00,0.9,278.2,1.8,0,,,41.1,,
713,2019-01-07 1:00,-1.7,123.4,0.5,0,,,50.2,,
713,2019-01-07 2:00,-2.2,83.6,0.6,0,,,52.8,,
713,2019-01-07 3:00,-3.2,0,0.3,0,,,59.6,,
713,2019-01-07 4:00,-4.2,0,0.3,0,,,65.9,,
713,2019-01-07 5:00,-4.4,0,0.3,0,,,65.8,,
713,2019-01-07 6:00,-4.5,0,0.4,0,,,69.6,,
713,2019-01-07 7:00,-4.9,125.2,0.5,0,,,63.4,,
713,2019-01-07 8:00,-4.3,107.1,0.7,0,,,61.1,,
713,2019-01-07 9:00,-1.9,144,0.5,0,,,49,,
713,2019-01-07 10:00,2.9,0,0.4,0,,,34.5,,
713,2019-01-07 11:00,6.2,273.2,1.7,0,,,19,,
713,2019-01-07 12:00,7.2,263.1,3,0,,,17.7,,
713,2019-01-07 13:00,7.5,264.2,3.7,0,,,22.1,,
713,2019-01-07 14:00,7.6,268.1,4,0,,,25,,
713,2019-01-07 15:00,7.3,262.4,4.1,0,,,28.8,,
713,2019-01-07 16:00,7.5,282.8,2.9,0,,,28.7,,
713,2019-01-07 17:00,5.4,278,1.7,0,,,32.3,,
713,2019-01-07 18:00,3.9,295.6,0.9,0,,,37.7,,
713,2019-01-07 19:00,3.2,315.3,1,0,,,41.2,,
713,2019-01-07 20:00,1.6,0,0.3,0,,,48.6,,
713,2019-01-07 21:00,0.9,298.6,0.5,0,,,53.2,,
713,2019-01-07 22:00,0.4,0,0.4,0,,,55,,
713,2019-01-07 23:00,0.5,127.4,0.6,0,,,55.8,,
713,2019-01-08 0:00,2.4,311.5,0.9,0,,,49,,
713,2019-01-08 1:00,2,272.6,1.1,0,,,48.9,,
713,2019-01-08 2:00,0.9,19,0.7,0,,,53.6,,
713,2019-01-08 3:00,0.7,293.9,1.1,0,,,54.5,,
713,2019-01-08 4:00,1.6,298.2,1.6,0,,,53.3,,
713,2019-01-08 5:00,1.3,290.5,0.9,0,,,53.5,,
713,2019-01-08 6:00,1.9,268.9,0.9,0,,,51.6,,
713,2019-01-08 7:00,2.9,270.4,3.4,0,,,45.9,,
713,2019-01-08 8:00,2.4,309.3,3,0,,,54,,
713,2019-01-08 9:00,3.2,292.1,2.3,0,,,51,,
713,2019-01-08 10:00,4.2,273.4,2.8,0,,,46.4,,
713,2019-01-08 11:00,5,269.5,3.7,0,,,42.7,,
713,2019-01-08 12:00,5.6,268.6,4.4,0,,,38.1,,
713,2019-01-08 13:00,6.4,270.3,4,0,,,36.9,,
713,2019-01-08 14:00,6.5,276.6,3.7,0,,,33.2,,
713,2019-01-08 15:00,7.1,294.6,3.2,0,,,31.2,,
713,2019-01-08 16:00,5,315.2,4.4,0,,,31.1,,
713,2019-01-08 17:00,3.1,266.6,3,0,,,33.7,,
713,2019-01-08 18:00,2.1,283.1,2.5,0,,,32.3,,
713,2019-01-08 19:00,1.4,275.4,2.7,0,,,27.7,,
713,2019-01-08 20:00,0.6,311.4,2.3,0,,,28.1,,
713,2019-01-08 21:00,0.2,285.9,1.9,0,,,31.8,,
713,2019-01-08 22:00,0,302.7,3.1,0,,,37.1,,
713,2019-01-08 23:00,-0.4,309.9,2.4,0,,,41.6,,
713,2019-01-09 0:00,-0.4,313.8,2.6,0,,,43.6,,
713,2019-01-09 1:00,-1.1,278.9,2.2,0,,,44.5,,
713,2019-01-09 2:00,-1.3,315.3,2.6,0,,,43.9,,
713,2019-01-09 3:00,-1.6,307.3,2.3,0,,,39.9,,
713,2019-01-09 4:00,-2.3,307.3,1.7,0,,,40.9,,
713,2019-01-09 5:00,-2.9,312.4,0.7,0,,,41.5,,
713,2019-01-09 6:00,-3.4,308.7,1.3,0,,,41.2,,
713,2019-01-09 7:00,-3.4,298.5,1.2,0,,,40.6,,
713,2019-01-09 8:00,-3.6,301.8,1.1,0,,,39.7,,
713,2019-01-09 9:00,-2.2,302.5,1.4,0,,,35.4,,
713,2019-01-09 10:00,0.3,193,1,0,,,30.5,,
713,2019-01-09 11:00,2.6,265.7,0.7,0,,,22.9,,
713,2019-01-09 12:00,5.2,187.9,0.9,0,,,18.8,,
713,2019-01-09 13:00,5.5,164.6,1.1,0,,,21,,
713,2019-01-09 14:00,5.4,127.4,1,0,,,23.9,,
713,2019-01-09 15:00,6,206.4,0.9,0,,,20.9,,
713,2019-01-09 16:00,5.6,152.7,1.4,0,,,24.8,,
713,2019-01-09 17:00,3.6,0,0.3,0,,,28.9,,
713,2019-01-09 18:00,2.6,303.6,1,0,,,32.8,,
713,2019-01-09 19:00,2.3,332.3,0.9,0,,,35.7,,
713,2019-01-09 20:00,1,310.2,0.9,0,,,39.6,,
713,2019-01-09 21:00,0.2,298.8,0.5,0,,,43.5,,
713,2019-01-09 22:00,-0.5,288.4,0.7,0,,,45.9,,
713,2019-01-09 23:00,-0.2,0,0.1,0,,,48.2,,
713,2019-01-10 0:00,0.1,0,0.2,0,,,48.6,,
713,2019-01-10 1:00,0.1,0,0,0,,,47.9,,
713,2019-01-10 2:00,0.9,162.4,0.5,0,,,40.6,,
713,2019-01-10 3:00,0.9,104.4,0.8,0,,,46.9,,
713,2019-01-10 4:00,1.3,66.1,0.6,0,,,43.3,,
713,2019-01-10 5:00,2,95,0.7,0,,,34.3,,
713,2019-01-10 6:00,3.1,277.9,2.3,0,,,15.6,,
713,2019-01-10 7:00,3,264.8,1.7,0,,,19.3,,
713,2019-01-10 8:00,2.9,267,4,0,,,17.9,,
713,2019-01-10 9:00,3.3,267.5,3.1,0,,,27.4,,
713,2019-01-10 10:00,5.3,270.8,3.8,0,,,11.8,,
713,2019-01-10 11:00,6.6,256.7,1.9,0,,,15.1,,
713,2019-01-10 12:00,6.6,271.6,3.7,0,,,20.5,,
713,2019-01-10 13:00,7.8,268.8,3.9,0,,,26.6,,
713,2019-01-10 14:00,7.9,309.9,3.4,0,,,27.9,,
713,2019-01-10 15:00,7.8,309.3,4.2,0,,,34.4,,
713,2019-01-10 16:00,7.1,287,3.5,0,,,39,,
713,2019-01-10 17:00,5.4,286.9,2.5,0,,,46.1,,
713,2019-01-10 18:00,5.3,298,2.8,0,,,50.8,,
713,2019-01-10 19:00,4.9,300.3,2.2,0,,,52.6,,
713,2019-01-10 20:00,4.5,292.1,3.2,0,,,53.7,,
713,2019-01-10 21:00,3.9,301,2.5,0,,,54.9,,
713,2019-01-10 22:00,2.9,267.2,3.1,0,,,59.9,,
713,2019-01-10 23:00,2.6,290.4,1.8,0,,,59.5,,
713,2019-01-11 0:00,2.7,272.5,2.9,0,,,52.7,,
713,2019-01-11 1:00,1.3,288.7,0.7,0,,,58,,
713,2019-01-11 2:00,1.1,327.1,0.7,0,,,59.9,,
713,2019-01-11 3:00,0,0,0.4,0,,,60.8,,
713,2019-01-11 4:00,-1.2,42.5,0.5,0,,,69.8,,
713,2019-01-11 5:00,-2.5,0,0.3,0,,,76,,
713,2019-01-11 6:00,-2.5,18.1,0.5,0,,,75.7,,
713,2019-01-11 7:00,-2,313.7,0.6,0,,,74.1,,
713,2019-01-11 8:00,-1.1,342.1,0.9,0,,,69.1,,
713,2019-01-11 9:00,0.4,0,0.4,0,,,63.8,,
713,2019-01-11 10:00,4.1,308.7,0.6,0,,,50.4,,
713,2019-01-11 11:00,5.7,0,0.4,0,,,41.9,,
713,2019-01-11 12:00,7.5,197.1,1.2,0,,,33.9,,
713,2019-01-11 13:00,8.5,162.7,1.1,0,,,29.1,,
713,2019-01-11 14:00,9.9,163.9,1.7,0,,,25.8,,
713,2019-01-11 15:00,9.6,94.9,2,0,,,22.7,,
713,2019-01-11 16:00,10,94.4,1.9,0,,,24,,
713,2019-01-11 17:00,8.7,105.6,1.5,0,,,28.1,,
713,2019-01-11 18:00,7.7,163.6,0.6,0,,,27.1,,
713,2019-01-11 19:00,7,277.5,1,0,,,29.6,,
713,2019-01-11 20:00,6.3,322.5,0.5,0,,,33.5,,
713,2019-01-11 21:00,6.1,292.9,0.7,0,,,44.5,,
713,2019-01-11 22:00,6.1,311.3,0.7,0,,,41.2,,
713,2019-01-11 23:00,5.9,210.1,0.7,0,,,45.1,,
713,2019-01-12 0:00,5.6,328,0.8,0,,,61.5,,
713,2019-01-12 1:00,4.9,314.7,0.8,0,,,82.2,,
713,2019-01-12 2:00,4.9,313.2,0.9,0.5,,,87.1,,
713,2019-01-12 3:00,4.4,329.6,0.5,1,,,92.4,,
713,2019-01-12 4:00,4,299.6,1.1,0,,,91.6,,
713,2019-01-12 5:00,3.9,310.3,0.9,0,,,92.8,,
713,2019-01-12 6:00,3.7,312.7,0.7,0.5,,,93.4,,
713,2019-01-12 7:00,3.7,294,0.7,0,,,94.6,,
713,2019-01-12 8:00,3.8,296.4,0.7,0.5,,,95,,
713,2019-01-12 9:00,4,0,0.4,0,,,91,,
713,2019-01-12 10:00,4.9,316.1,0.8,0,,,89.1,,
713,2019-01-12 11:00,6,262.5,0.7,0,,,85.6,,
713,2019-01-12 12:00,6.8,103.6,0.6,0,,,80.2,,
713,2019-01-12 13:00,7.8,278,2,0,,,69.3,,
713,2019-01-12 14:00,8.6,348.6,2.2,0,,,66,,
713,2019-01-12 15:00,10.3,303.6,2.1,0,,,54.9,,
713,2019-01-12 16:00,10,334.4,1.8,0,,,52,,
713,2019-01-12 17:00,8.7,299.4,3.2,0,,,47.9,,
713,2019-01-12 18:00,7.6,304.3,2.2,0,,,48.6,,
713,2019-01-12 19:00,6.5,284.4,1.4,0,,,55.5,,
713,2019-01-12 20:00,3.8,0,0.4,0,,,70.7,,
713,2019-01-12 21:00,3,0,0.4,0,,,71.7,,
713,2019-01-12 22:00,1.7,0,0.1,0,,,80.2,,
713,2019-01-12 23:00,1.5,106.4,0.8,0,,,83.9,,
713,2019-01-13 0:00,0,0,0.1,0,,,88.3,,
713,2019-01-13 1:00,-0.5,0,0.3,0,,,91.2,,
713,2019-01-13 2:00,-0.8,0,0.4,0,,,91.9,,
713,2019-01-13 3:00,-1,0,0.3,0,,,94.2,,
713,2019-01-13 4:00,-1.5,0,0.2,0,,,96.2,,
713,2019-01-13 5:00,-2,0,0.2,0,,,95.4,,
713,2019-01-13 6:00,-1.9,332.4,0.5,0,,,94.8,,
713,2019-01-13 7:00,-2.2,0,0.4,0,,,93.8,,
713,2019-01-13 8:00,-1.9,311.1,0.6,0,,,94.3,,
713,2019-01-13 9:00,-0.1,0,0.3,0,,,91.6,,
713,2019-01-13 10:00,3.9,121.5,0.7,0,,,68.8,,
713,2019-01-13 11:00,7.1,125.7,1.1,0,,,52.7,,
713,2019-01-13 12:00,9.9,176.3,0.8,0,,,40.5,,
713,2019-01-13 13:00,10.3,286.9,1.4,0,,,37.1,,
713,2019-01-13 14:00,11.5,269.6,2,0,,,34.4,,
713,2019-01-13 15:00,11.1,273,2.7,0,,,34.7,,
713,2019-01-13 16:00,10.4,267.2,3,0,,,33.2,,
713,2019-01-13 17:00,8.8,270.7,2.7,0,,,38,,
713,2019-01-13 18:00,6.8,284.5,1.2,0,,,41.7,,
713,2019-01-13 19:00,5.3,304.6,0.9,0,,,45.1,,
713,2019-01-13 20:00,4.4,325.2,0.9,0,,,42.3,,
713,2019-01-13 21:00,2.8,306.3,0.5,0,,,55.9,,
713,2019-01-13 22:00,1,0,0.3,0,,,71.5,,
713,2019-01-13 23:00,-0.4,0,0.2,0,,,77.6,,
713,2019-01-14 0:00,-1,0,0.3,0,,,82.8,,
713,2019-01-14 1:00,-1.6,0,0,0,,,86.7,,
713,2019-01-14 2:00,-2.3,0,0,0,,,87.5,,
713,2019-01-14 3:00,-2.3,309.5,0.6,0,,,89.9,,
713,2019-01-14 4:00,-2.7,318.8,0.5,0,,,89.5,,
713,2019-01-14 5:00,-2.9,0,0.3,0,,,86.7,,
713,2019-01-14 6:00,-3.4,0,0.3,0,,,88,,
713,2019-01-14 7:00,-3.5,0,0.4,0,,,88.5,,
713,2019-01-14 8:00,-3.2,307.1,0.5,0,,,85.7,,
713,2019-01-14 9:00,-0.8,0,0.2,0,,,81.1,,
713,2019-01-14 10:00,4.1,0,0.3,0,,,56.4,,
713,2019-01-14 11:00,5.9,105.6,1.7,0,,,44.8,,
713,2019-01-14 12:00,8.9,154.5,0.9,0,,,30.1,,
713,2019-01-14 13:00,10,129.3,1.4,0,,,17.8,,
713,2019-01-14 14:00,11.1,202.9,1.5,0,,,14.9,,
713,2019-01-14 15:00,10.5,156.2,1.6,0,,,16.5,,
713,2019-01-14 16:00,11.2,173,1.7,0,,,16.4,,
713,2019-01-14 17:00,9.2,211,2.8,0,,,19.7,,
713,2019-01-14 18:00,7,308.9,0.8,0,,,23.9,,
713,2019-01-14 19:00,3.4,0,0.3,0,,,38.8,,
713,2019-01-14 20:00,1.9,298,0.7,0,,,48.8,,
713,2019-01-14 21:00,0.7,324.2,0.6,0,,,53.7,,
713,2019-01-14 22:00,-0.8,0,0,0,,,63.5,,
713,2019-01-14 23:00,-0.5,0,0.4,0,,,64.4,,
713,2019-01-15 0:00,-0.2,0,0.3,0,,,62.7,,
713,2019-01-15 1:00,0.2,0,0.1,0,,,64.6,,
713,2019-01-15 2:00,-0.5,0,0.2,0,,,69.4,,
713,2019-01-15 3:00,0,0,0.1,0,,,70.7,,
713,2019-01-15 4:00,3.4,257.4,3,0,,,57.1,,
713,2019-01-15 5:00,2.9,267.4,1.8,0,,,60.5,,
713,2019-01-15 6:00,2.7,278.5,0.8,0,,,63,,
713,2019-01-15 7:00,2.9,191,1.1,0,,,65.1,,
713,2019-01-15 8:00,2.6,214.1,0.5,0,,,68.2,,
713,2019-01-15 9:00,4.7,258.7,1.8,0,,,60.8,,
713,2019-01-15 10:00,6.2,276.5,1.8,0,,,56.2,,
713,2019-01-15 11:00,7.2,275.5,2.3,0,,,47.4,,
713,2019-01-15 12:00,7.8,265.9,3.8,0,,,34.1,,
713,2019-01-15 13:00,8.6,293.8,3,0,,,33.6,,
713,2019-01-15 14:00,9.1,286.7,3.6,0,,,30.2,,
713,2019-01-15 15:00,9.1,279.2,3,0,,,33.8,,
713,2019-01-15 16:00,7.5,268.8,4.7,0,,,34.4,,
713,2019-01-15 17:00,6.8,272.6,4.5,0,,,39,,
713,2019-01-15 18:00,5.3,277.6,4.6,0,,,49.7,,
713,2019-01-15 19:00,3.4,273.4,4,0,,,49.2,,
713,2019-01-15 20:00,2.3,294.4,2.9,0,,,41.8,,
713,2019-01-15 21:00,1.2,297.4,2.9,0,,,49.5,,
713,2019-01-15 22:00,0.4,296.5,2.8,0,,,46.7,,
713,2019-01-15 23:00,-0.2,319.4,2.4,0,,,47.1,,
713,2019-01-16 0:00,-1.3,284,2.4,0,,,49.9,,
713,2019-01-16 1:00,-1.9,305,3,0,,,52.2,,
713,2019-01-16 2:00,-2.3,295.9,2.4,0,,,49.6,,
713,2019-01-16 3:00,-2.7,300.8,2.3,0,,,45.2,,
713,2019-01-16 4:00,-3.4,283.6,1.7,0,,,39,,
713,2019-01-16 5:00,-3.8,283.7,3,0,,,34.7,,
713,2019-01-16 6:00,-4.5,280.3,1.8,0,,,42.3,,
713,2019-01-16 7:00,-5,279.7,1.5,0,,,47,,
713,2019-01-16 8:00,-5.1,265.9,2.1,0,,,47.9,,
713,2019-01-16 9:00,-3.3,266.5,2.7,0,,,39.3,,
713,2019-01-16 10:00,-0.8,271.2,2.8,0,,,26.7,,
713,2019-01-16 11:00,1,275.2,2.4,0,,,17.2,,
713,2019-01-16 12:00,2.7,288,2.7,0,,,15.2,,
713,2019-01-16 13:00,3.6,270.7,3.3,0,,,11.6,,
713,2019-01-16 14:00,4.6,264.3,3.3,0,,,8.6,,
713,2019-01-16 15:00,4.8,293.3,3.3,0,,,6.8,,
713,2019-01-16 16:00,4.5,276,2.9,0,,,9.8,,
713,2019-01-16 17:00,2.6,269.7,2.7,0,,,13.6,,
713,2019-01-16 18:00,1,265.8,2.5,0,,,18,,
713,2019-01-16 19:00,0.4,276.3,2.8,0,,,24,,
713,2019-01-16 20:00,-0.5,276.1,2.6,0,,,30.4,,
713,2019-01-16 21:00,-1.1,301.4,1.7,0,,,39.1,,
713,2019-01-16 22:00,-1.4,306,2.2,0,,,36.7,,
713,2019-01-16 23:00,-0.7,290.8,2.9,0,,,31.3,,
713,2019-01-17 0:00,-1.1,307.4,1.3,0,,,39.4,,
713,2019-01-17 1:00,-1,274.8,1.9,0,,,42.7,,
713,2019-01-17 2:00,-0.6,275.4,1.2,0,,,44.7,,
713,2019-01-17 3:00,-0.3,296,1.2,0,,,42.5,,
713,2019-01-17 4:00,-1,304.7,1.1,0,,,45.6,,
713,2019-01-17 5:00,-0.4,291.3,1,0,,,46.7,,
713,2019-01-17 6:00,-0.1,278.7,1,0,,,45.8,,
713,2019-01-17 7:00,-0.7,263.7,1.2,0,,,48.6,,
713,2019-01-17 8:00,-1.4,235.9,1.4,0,,,53.9,,
713,2019-01-17 9:00,1.7,264.2,2.2,0,,,45.1,,
713,2019-01-17 10:00,3.6,287.3,2.8,0,,,35.1,,
713,2019-01-17 11:00,5.2,319.2,3.4,0,,,31.6,,
713,2019-01-17 12:00,5.4,275,3.4,0,,,31.3,,
713,2019-01-17 13:00,5.6,293.1,3.8,0,,,28.2,,
713,2019-01-17 14:00,6.2,274.7,4.2,0,,,25.6,,
713,2019-01-17 15:00,6.4,319.7,3.1,0,,,26.1,,
713,2019-01-17 16:00,6.7,303.4,3,0,,,23.6,,
713,2019-01-17 17:00,5.4,309.1,3.2,0,,,29.5,,
713,2019-01-17 18:00,4.5,287.2,1.9,0,,,33.5,,
713,2019-01-17 19:00,3.8,319.9,1.8,0,,,43.6,,
713,2019-01-17 20:00,3,290.5,2.2,0,,,49.7,,
713,2019-01-17 21:00,3,303.2,2.1,0,,,48.5,,
713,2019-01-17 22:00,1.9,277.1,1.6,0,,,48.9,,
713,2019-01-17 23:00,1.4,291.1,1,0,,,52.1,,
713,2019-01-18 0:00,1.2,262.1,1.7,0,,,44.3,,
713,2019-01-18 1:00,0.8,291.3,1.3,0,,,39.1,,
713,2019-01-18 2:00,0.5,345.9,0.7,0,,,41.1,,
713,2019-01-18 3:00,-0.6,348.9,0.9,0,,,40.8,,
713,2019-01-18 4:00,-2.6,80.4,1.2,0,,,48.6,,
713,2019-01-18 5:00,-3,0,0.4,0,,,55.4,,
713,2019-01-18 6:00,-4.6,0,0.3,0,,,60.1,,
713,2019-01-18 7:00,-4.1,105.7,0.8,0,,,53.7,,
713,2019-01-18 8:00,-4.5,0,0.4,0,,,57.2,,
713,2019-01-18 9:00,-1.1,0,0.2,0,,,46,,
713,2019-01-18 10:00,3.9,142,0.7,0,,,30.7,,
713,2019-01-18 11:00,5.7,54.9,0.8,0,,,34.8,,
713,2019-01-18 12:00,8,153.6,1.2,0,,,24.4,,
713,2019-01-18 13:00,10.3,244.1,2.1,0,,,18.6,,
713,2019-01-18 14:00,11.5,258.8,2.3,0,,,14.3,,
713,2019-01-18 15:00,11.2,263,2.9,0,,,10.8,,
713,2019-01-18 16:00,10.3,267.1,3.6,0,,,14.2,,
713,2019-01-18 17:00,9,266.1,2.5,0,,,19.6,,
713,2019-01-18 18:00,6.9,301.1,0.9,0,,,25.9,,
713,2019-01-18 19:00,5.8,0,0.4,0,,,34.2,,
713,2019-01-18 20:00,4.2,73.8,0.7,0,,,36.1,,
713,2019-01-18 21:00,2.8,49.4,0.7,0,,,41.8,,
713,2019-01-18 22:00,0.5,250.3,0.5,0,,,50.1,,
713,2019-01-18 23:00,0,327,0.7,0,,,52.3,,
713,2019-01-19 0:00,0,300.1,0.7,0,,,54.4,,
713,2019-01-19 1:00,-0.1,297,0.7,0,,,50.5,,
713,2019-01-19 2:00,-0.3,0,0.4,0,,,51.8,,
713,2019-01-19 3:00,-0.2,295.6,0.5,0,,,52.1,,
713,2019-01-19 4:00,-0.4,0,0.3,0,,,62.4,,
713,2019-01-19 5:00,0.1,325.6,0.7,0,,,60.1,,
713,2019-01-19 6:00,-1.4,0,0.1,0,,,71,,
713,2019-01-19 7:00,-1.3,0,0.4,0,,,73.5,,
713,2019-01-19 8:00,-0.9,297.7,0.9,0,,,71.1,,
713,2019-01-19 9:00,1.6,302.1,0.9,0,,,64.7,,
713,2019-01-19 10:00,5.4,149,0.5,0,,,42.9,,
713,2019-01-19 11:00,9.8,211.4,0.6,0,,,26.9,,
713,2019-01-19 12:00,11.4,155.5,0.9,0,,,23.1,,
713,2019-01-19 13:00,12.3,141.2,0.9,0,,,23.8,,
713,2019-01-19 14:00,11.2,177.7,1.6,0,,,32.6,,
713,2019-01-19 15:00,10.9,234.3,0.8,0,,,33.2,,
713,2019-01-19 16:00,9.9,210.5,1.3,0,,,36.9,,
713,2019-01-19 17:00,9.1,241.2,1.2,0,,,38.9,,
713,2019-01-19 18:00,7.2,0,0.3,0,,,62.8,,
713,2019-01-19 19:00,6.4,105.8,0.6,0,,,68.4,,
713,2019-01-19 20:00,6.2,307.2,1,0,,,77.3,,
713,2019-01-19 21:00,6.2,302.5,0.5,0,,,75.8,,
713,2019-01-19 22:00,6.1,0,0.2,0,,,82.1,,
713,2019-01-19 23:00,5.6,301.3,0.8,0,,,87.3,,
713,2019-01-20 0:00,5.8,341.8,1,0,,,84.9,,
713,2019-01-20 1:00,5.5,278.8,0.5,0,,,88.7,,
713,2019-01-20 2:00,6,276.7,2.4,0,,,80.7,,
713,2019-01-20 3:00,5.6,271.4,2.2,0,,,73.4,,
713,2019-01-20 4:00,5.5,274.9,2.2,0,,,67.8,,
713,2019-01-20 5:00,5.2,266.3,3,0,,,61.6,,
713,2019-01-20 6:00,5,326.4,1,0,,,61.9,,
713,2019-01-20 7:00,4.7,297.7,1.9,0,,,63.5,,
713,2019-01-20 8:00,5.2,273.1,2.7,0,,,64.4,,
713,2019-01-20 9:00,5.6,273.9,2.3,0,,,60.1,,
713,2019-01-20 10:00,5.9,283.5,3.5,0,,,36.9,,
713,2019-01-20 11:00,5.8,270.7,4.7,0,,,32,,
713,2019-01-20 12:00,6.8,278.1,4.4,0,,,31.7,,
713,2019-01-20 13:00,7.2,294.9,3.9,0,,,24.7,,
713,2019-01-20 14:00,7.1,277.8,5,0,,,21.6,,
713,2019-01-20 15:00,6.5,291,4.4,0,,,16.1,,
713,2019-01-20 16:00,5.6,280.9,3.7,0,,,19.9,,
713,2019-01-20 17:00,3.8,284,3.1,0,,,23,,
713,2019-01-20 18:00,2.2,285.6,1.9,0,,,25.5,,
713,2019-01-20 19:00,1.4,302.6,2.5,0,,,30.6,,
713,2019-01-20 20:00,0.7,321,1.9,0,,,32,,
713,2019-01-20 21:00,-0.1,300.8,1.9,0,,,36.7,,
713,2019-01-20 22:00,-0.3,281.1,2.6,0,,,38,,
713,2019-01-20 23:00,-0.3,300.6,3.7,0,,,41.1,,
713,2019-01-21 0:00,-0.5,303.1,2.5,0,,,39.1,,
713,2019-01-21 1:00,-0.9,287.5,3,0,,,30.7,,
713,2019-01-21 2:00,-0.9,271.4,4.1,0,,,33,,
713,2019-01-21 3:00,-1.3,274.3,3.2,0,,,38.3,,
713,2019-01-21 4:00,-1.4,276.1,3.1,0,,,38.1,,
713,2019-01-21 5:00,-1.1,278.9,3.3,0,,,39.6,,
713,2019-01-21 6:00,-1.4,294.3,1.8,0,,,42.6,,
713,2019-01-21 7:00,-1,295.6,2.2,0,,,44,,
713,2019-01-21 8:00,-0.7,296.5,1.7,0,,,45.4,,
713,2019-01-21 9:00,1.2,289.6,2.5,0,,,39.9,,
713,2019-01-21 10:00,3,287,3,0,,,34.7,,
713,2019-01-21 11:00,4.6,312.7,3.2,0,,,31.5,,
713,2019-01-21 12:00,5,272.3,4.6,0,,,29.8,,
713,2019-01-21 13:00,6.5,292.3,3.4,0,,,25.7,,
713,2019-01-21 14:00,8,309.5,2.7,0,,,22,,
713,2019-01-21 15:00,8.7,266.3,4,0,,,17.5,,
713,2019-01-21 16:00,8.8,281.8,3.8,0,,,19.3,,
713,2019-01-21 17:00,7.7,269.4,4,0,,,24.2,,
713,2019-01-21 18:00,5.8,277.1,2.6,0,,,33.2,,
713,2019-01-21 19:00,5.1,263.8,3.2,0,,,42.2,,
713,2019-01-21 20:00,4.5,271.5,3.5,0,,,46.7,,
713,2019-01-21 21:00,4,265.4,3.2,0,,,41,,
713,2019-01-21 22:00,3.5,268.3,1.8,0,,,41.9,,
713,2019-01-21 23:00,3.2,247.6,1.8,0,,,45,,
713,2019-01-22 0:00,2.6,292.4,0.9,0,,,44.4,,
713,2019-01-22 1:00,1.8,281.5,1.1,0,,,48.3,,
713,2019-01-22 2:00,1.7,279.1,1.7,0,,,46.5,,
713,2019-01-22 3:00,1.2,275.7,1,0,,,57,,
713,2019-01-22 4:00,0.4,297.9,0.9,0,,,60.4,,
713,2019-01-22 5:00,-0.2,38.7,0.7,0,,,64.7,,
713,2019-01-22 6:00,-0.6,179.6,0.8,0,,,62.5,,
713,2019-01-22 7:00,-1.4,0,0.2,0,,,63.4,,
713,2019-01-22 8:00,-0.8,0,0.4,0,,,67.5,,
713,2019-01-22 9:00,1.7,113.4,0.8,0,,,57.9,,
713,2019-01-22 10:00,6.3,202.1,1.6,0,,,39.3,,
713,2019-01-22 11:00,8.3,270,3.1,0,,,32.7,,
713,2019-01-22 12:00,9.4,274.7,3.6,0,,,27,,
713,2019-01-22 13:00,10.5,273.2,2.5,0,,,21.5,,
713,2019-01-22 14:00,11.6,273,2.5,0,,,24.1,,
713,2019-01-22 15:00,11.9,307,2.1,0,,,22,,
713,2019-01-22 16:00,10.9,259.5,2.7,0,,,23.3,,
713,2019-01-22 17:00,9.5,269,1.9,0,,,25.8,,
713,2019-01-22 18:00,8.1,264.5,4.3,0,,,19.5,,
713,2019-01-22 19:00,7,261.8,3,0,,,25.6,,
713,2019-01-22 20:00,6.1,271.1,2.2,0,,,33.1,,
713,2019-01-22 21:00,5.3,272.8,1.2,0,,,42.1,,
713,2019-01-22 22:00,5.2,256.7,1.7,0,,,47.1,,
713,2019-01-22 23:00,3.7,310.5,0.9,0,,,46.7,,
713,2019-01-23 0:00,3.5,275.9,1,0,,,50.7,0,0
713,2019-01-23 1:00,1.7,0,0.3,0,,,59.3,,
713,2019-01-23 2:00,3.1,275.6,1.1,0,,,58.7,,
713,2019-01-23 3:00,2,255.8,0.8,0,,,66.2,,
713,2019-01-23 4:00,0.5,0,0.3,0,,,76.7,,
713,2019-01-23 5:00,-0.9,0,0.1,0,,,83.5,,
713,2019-01-23 6:00,-0.4,90,0.7,0,,,80.1,,
713,2019-01-23 7:00,2,147.6,1.1,0,,,73.6,,
713,2019-01-23 8:00,1.6,0,0.3,0,,,72.9,,
713,2019-01-23 9:00,3.8,330.1,0.5,0,,,68.4,,
713,2019-01-23 10:00,7.8,298.7,2.6,0,,,50.4,,
713,2019-01-23 11:00,9.5,284.9,2.7,0,,,42.1,,
713,2019-01-23 12:00,10.2,290.4,3.2,0,,,35.6,,
713,2019-01-23 13:00,11.3,309.3,2.9,0,,,28.3,,
713,2019-01-23 14:00,11.9,304.8,3.5,0,,,24.8,,
713,2019-01-23 15:00,12.2,304.1,2.1,0,,,23.6,,
713,2019-01-23 16:00,11.8,264.3,3.1,0,,,20.7,,
713,2019-01-23 17:00,10.3,323.7,2.4,0,,,23.8,,
713,2019-01-23 18:00,8.3,307.1,2.6,0,,,22.9,,
713,2019-01-23 19:00,7.2,303,2.8,0,,,20.8,,
713,2019-01-23 20:00,6,298.2,2.2,0,,,25.1,,
713,2019-01-23 21:00,5.8,296.6,2.9,0,,,24.5,,
713,2019-01-23 22:00,4.5,277.6,2.6,0,,,26.5,,
713,2019-01-23 23:00,3.7,279.2,2.3,0,,,36.7,,
713,2019-01-24 0:00,2.2,129.7,0.9,0,,,41.9,,
713,2019-01-24 1:00,2.5,262.5,2.2,0,,,31.5,,
713,2019-01-24 2:00,1.9,286.9,1.3,0,,,40.3,,
713,2019-01-24 3:00,-1.1,53,0.5,0,,,56.3,,
713,2019-01-24 4:00,-2.6,0,0.4,0,,,59.6,,
713,2019-01-24 5:00,-2.5,0,0.3,0,,,63.8,,
713,2019-01-24 6:00,-3,315.5,0.8,0,,,65,,
713,2019-01-24 7:00,-4,0,0.3,0,,,70,,
713,2019-01-24 8:00,-3.6,302.6,0.7,0,,,66.4,,
713,2019-01-24 9:00,-0.8,325,0.8,0,,,56.6,,
713,2019-01-24 10:00,3.6,113,0.5,0,,,37.8,,
713,2019-01-24 11:00,6.4,128.7,1,0,,,21.6,,
713,2019-01-24 12:00,8.3,159,1.3,0,,,16.7,,
713,2019-01-24 13:00,8.9,151.7,2.3,0,,,17.5,,
713,2019-01-24 14:00,11.1,155,2.2,0,,,8.9,,
713,2019-01-24 15:00,11.9,160.5,2.4,0,,,8,,
713,2019-01-24 16:00,11.5,263.7,2.9,0,,,8,,
713,2019-01-24 17:00,10.1,270,2.2,0,,,8,,
713,2019-01-24 18:00,7.2,330.4,1.1,0,,,1.7,,
713,2019-01-24 19:00,5.6,298.9,1.2,0,,,9.3,,
713,2019-01-24 20:00,4,284,1.2,0,,,16.1,,
713,2019-01-24 21:00,0.4,0,0.3,0,,,35.4,,
713,2019-01-24 22:00,-0.1,348.4,0.8,0,,,34.7,,
713,2019-01-24 23:00,-0.8,332.7,0.9,0,,,32.7,,
713,2019-01-25 0:00,-2.4,0,0.2,0,,,38.2,,
713,2019-01-25 1:00,-2.6,0,0.4,0,,,41.6,,
713,2019-01-25 2:00,-2.7,47.8,0.6,0,,,45.8,,
713,2019-01-25 3:00,-1.9,0,0.4,0,,,42.1,,
713,2019-01-25 4:00,-1.7,0,0.3,0,,,47.5,,
713,2019-01-25 5:00,-1.9,0,0.3,0,,,44.2,,
713,2019-01-25 6:00,-2.8,0,0.2,0,,,47.3,,
713,2019-01-25 7:00,-1.9,0,0.3,0,,,49.2,,
713,2019-01-25 8:00,-0.8,60.2,0.5,0,,,46.9,,
713,2019-01-25 9:00,1.1,144.8,0.5,0,,,41.2,,
713,2019-01-25 10:00,4.8,265.8,3,0,,,20.9,,
713,2019-01-25 11:00,6.6,269.2,3.6,0,,,21.9,,
713,2019-01-25 12:00,7,276.8,4.1,0,,,23.7,,
713,2019-01-25 13:00,7.3,276.5,3.8,0,,,32.3,,
713,2019-01-25 14:00,6.9,292.4,3.6,0,,,33.5,,
713,2019-01-25 15:00,7,279.4,3.2,0,,,33.2,,
713,2019-01-25 16:00,6.4,277.9,4,0,,,35.1,,
713,2019-01-25 17:00,4.8,297.4,3.1,0,,,37.8,,
713,2019-01-25 18:00,2.9,302.9,2.5,0,,,36.2,,
713,2019-01-25 19:00,1.5,296.8,2.2,0,,,34.3,,
713,2019-01-25 20:00,0.3,300.3,1.6,0,,,40.6,,
713,2019-01-25 21:00,0.3,312.2,3.4,0,,,43.8,,
713,2019-01-25 22:00,0.1,326.3,2.9,0,,,45.2,,
713,2019-01-25 23:00,-0.2,327.5,2.4,0,,,42.4,,
713,2019-01-26 0:00,-0.9,300.3,2.2,0,,,37.5,,
713,2019-01-26 1:00,-1.3,301.4,2.3,0,,,36.4,,
713,2019-01-26 2:00,-1.9,304.3,2.4,0,,,35.1,,
713,2019-01-26 3:00,-2.1,317.1,1.8,0,,,33.7,,
713,2019-01-26 4:00,-2.3,287.9,2.2,0,,,34.7,,
713,2019-01-26 5:00,-3.1,225.6,0.8,0,,,36.1,,
713,2019-01-26 6:00,-2.4,283.6,2.4,0,,,32.2,,
713,2019-01-26 7:00,-3.2,270.3,1.6,0,,,34,,
713,2019-01-26 8:00,-2.5,288.7,1.9,0,,,40.1,,
713,2019-01-26 9:00,-1,317.5,3.4,0,,,39.1,,
713,2019-01-26 10:00,-0.2,313.2,3.4,0,,,34.7,,
713,2019-01-26 11:00,1.5,288.7,3.4,0,,,26.9,,
713,2019-01-26 12:00,2.6,266.3,4,0,,,22,,
713,2019-01-26 13:00,3.8,288.4,3.5,0,,,16.5,,
713,2019-01-26 14:00,4.6,266.5,3.6,0,,,16.7,,
713,2019-01-26 15:00,5.1,279.9,3.8,0,,,14.3,,
713,2019-01-26 16:00,5.3,290.6,3.6,0,,,14.2,,
713,2019-01-26 17:00,4.2,305.2,2.7,0,,,14.2,,
713,2019-01-26 18:00,2.4,288.1,2.6,0,,,16.6,,
713,2019-01-26 19:00,1.2,274,1.8,0,,,17.6,,
713,2019-01-26 20:00,0.7,268.2,2.2,0,,,24.3,,
713,2019-01-26 21:00,-0.2,294.5,1.6,0,,,33.5,,
713,2019-01-26 22:00,-1,316.5,1,0,,,37.8,,
713,2019-01-26 23:00,-1.6,41.6,0.7,0,,,44.8,,
713,2019-01-27 0:00,-1.9,242.5,0.8,0,,,48.8,,
713,2019-01-27 1:00,-1.5,291.9,1.8,0,,,44.5,,
713,2019-01-27 2:00,-3.4,0,0.4,0,,,53.2,,
713,2019-01-27 3:00,-5.3,0,0.1,0,,,59.9,,
713,2019-01-27 4:00,-5.9,0,0.2,0,,,63.8,,
713,2019-01-27 5:00,-6.5,0,0.3,0,,,66.8,,
713,2019-01-27 6:00,-6.8,308.3,0.9,0,,,69.7,,
713,2019-01-27 7:00,-6.8,330.4,0.5,0,,,66.6,,
713,2019-01-27 8:00,-7,316.2,0.7,0,,,69.6,,
713,2019-01-27 9:00,-2.1,0,0.2,0,,,52.5,,
713,2019-01-27 10:00,0.6,105.3,0.9,0,,,39.3,,
713,2019-01-27 11:00,4.4,251.1,0.7,0,,,28.5,,
713,2019-01-27 12:00,6.1,169,1.3,0,,,19.5,,
713,2019-01-27 13:00,8.8,253.7,2.4,0,,,15.6,,
713,2019-01-27 14:00,9.2,270.2,3.2,0,,,10.2,,
713,2019-01-27 15:00,9.3,271,3.4,0,,,10.2,,
713,2019-01-27 16:00,9.5,284.9,2.3,0,,,10.7,,
713,2019-01-27 17:00,7.9,264.7,2.4,0,,,16.1,,
713,2019-01-27 18:00,5.4,281.2,0.9,0,,,20.9,,
713,2019-01-27 19:00,2.6,302.4,1.7,0,,,28,,
713,2019-01-27 20:00,0.8,314.8,1,0,,,36.7,,
713,2019-01-27 21:00,-0.1,0,0.2,0,,,40.3,,
713,2019-01-27 22:00,1.4,252.6,1.3,0,,,44.9,,
713,2019-01-27 23:00,1.9,283.1,1.4,0,,,43.3,,
713,2019-01-28 0:00,1.8,255,1.9,0,,,50,,
713,2019-01-28 1:00,0.1,218.6,0.8,0,,,57.9,,
713,2019-01-28 2:00,-0.5,0,0.4,0,,,60.8,,
713,2019-01-28 3:00,0.5,102,0.9,0,,,58.1,,
713,2019-01-28 4:00,1,163,1.1,0,,,56.9,,
713,2019-01-28 5:00,1.2,105.7,1,0,,,55.8,,
713,2019-01-28 6:00,1,0,0.4,0,,,58.5,,
713,2019-01-28 7:00,4.6,257.4,2.6,0,,,53.9,,
713,2019-01-28 8:00,4.9,209.1,1.8,0,,,55.7,,
713,2019-01-28 9:00,5.6,244.4,1.3,0,,,58,,
713,2019-01-28 10:00,6.8,264.5,1.4,0,,,44.7,,
713,2019-01-28 11:00,7.7,255.9,2.8,0,,,34.7,,
713,2019-01-28 12:00,8.4,299,3.9,0,,,28.3,,
713,2019-01-28 13:00,9.7,277.2,3.8,0,,,19.3,,
713,2019-01-28 14:00,10.2,262.8,4.9,0,,,13.5,,
713,2019-01-28 15:00,10.6,327.2,3,0,,,13.7,,
713,2019-01-28 16:00,8.2,279,4.5,0,,,3.3,,
713,2019-01-28 17:00,6.8,287,2.7,0,,,4,,
713,2019-01-28 18:00,5.1,306.1,3.2,0,,,11.7,,
713,2019-01-28 19:00,4.1,298.3,2.7,0,,,18.7,,
713,2019-01-28 20:00,3.2,298.9,2.8,0,,,24.6,,
713,2019-01-28 21:00,2.3,303.7,2.7,0,,,35.6,,
713,2019-01-28 22:00,1.8,311,2.1,0,,,36.2,,
713,2019-01-28 23:00,0.8,291.6,1.5,0,,,36.5,,
713,2019-01-29 0:00,-0.1,0,0.4,0,,,42.2,,
713,2019-01-29 1:00,-1.4,325.2,0.6,0,,,48.3,,
713,2019-01-29 2:00,-2.7,0,0.2,0,,,58.4,,
713,2019-01-29 3:00,-3.2,48.2,0.6,0,,,61.4,,
713,2019-01-29 4:00,-3.9,0,0.4,0,,,61.7,,
713,2019-01-29 5:00,-4.5,0,0.4,0,,,67,,
713,2019-01-29 6:00,-5.4,0,0.3,0,,,72.4,,
713,2019-01-29 7:00,-5,339.2,0.6,0,,,69.4,,
713,2019-01-29 8:00,-5.4,0,0.4,0,,,70.9,,
713,2019-01-29 9:00,-1,0,0.2,0,,,55.1,,
713,2019-01-29 10:00,2.9,351.3,0.7,0,,,35.6,,
713,2019-01-29 11:00,5.4,205.7,1.4,0,,,25.4,,
713,2019-01-29 12:00,8.3,190,2,0,,,16.1,,
713,2019-01-29 13:00,9.3,178.9,1.9,0,,,16.4,,
713,2019-01-29 14:00,10.2,160.7,1.3,0,,,13.6,,
713,2019-01-29 15:00,9.2,164.4,1.2,0,,,10.2,,
713,2019-01-29 16:00,9.6,209.2,2.1,0,,,11.8,,
713,2019-01-29 17:00,8.2,219.6,1.5,0,,,14.3,,
713,2019-01-29 18:00,6,230.4,1.5,0,,,22.4,,
713,2019-01-29 19:00,2.7,278.8,0.8,0,,,32.3,,
713,2019-01-29 20:00,1.1,284.1,0.9,0,,,38.1,,
713,2019-01-29 21:00,0.1,292.9,1.1,0,,,42.3,,
713,2019-01-29 22:00,-0.6,298,1,0,,,46.3,,
713,2019-01-29 23:00,-1,298.6,1,0,,,46.9,,
713,2019-01-30 0:00,-2,287.7,0.8,0,,,52.7,,
713,2019-01-30 1:00,-1.4,262.4,0.7,0,,,51.6,,
713,2019-01-30 2:00,-0.4,345.2,0.6,0,,,49,,
713,2019-01-30 3:00,-0.6,0,0.3,0,,,52.6,,
713,2019-01-30 4:00,-0.8,0,0.1,0,,,56.3,,
713,2019-01-30 5:00,-0.8,0,0.3,0,,,56.7,,
713,2019-01-30 6:00,0.2,332.1,0.6,0,,,53.9,,
713,2019-01-30 7:00,0.3,311.4,0.6,0,,,53.5,,
713,2019-01-30 8:00,1,329.7,0.5,0,,,50.9,,
713,2019-01-30 9:00,3.1,283,0.8,0,,,44.4,,
713,2019-01-30 10:00,5,0,0.3,0,,,33,,
713,2019-01-30 11:00,9.3,296.2,0.5,0,,,19.3,,
713,2019-01-30 12:00,11.4,151.7,1.8,0,,,15.4,,
713,2019-01-30 13:00,12.4,249,3.3,0,,,7.7,,
713,2019-01-30 14:00,12.5,275.5,3.2,0,,,12.8,0,0
713,2019-01-30 15:00,12.6,192,2.8,0,,,25.3,0,0
713,2019-01-30 16:00,11.1,191.2,2.9,0,,,26.7,0,0
713,2019-01-30 17:00,10.2,206.9,2.7,0,,,29.6,0,0
713,2019-01-30 18:00,9,220,1.7,0,,,40.3,0,0
713,2019-01-30 19:00,8.6,0,0.4,0,,,46.1,0,0
713,2019-01-30 20:00,7.8,294.5,0.6,0,,,43.1,0,0
713,2019-01-30 21:00,7.3,0,0.1,0,,,50.6,0,0
713,2019-01-30 22:00,8.4,265.8,2.9,0,,,31.1,0,0
713,2019-01-30 23:00,7.8,285.1,1.4,0,,,34.5,0,0
713,2019-01-31 0:00,7.4,309.6,1.1,0,,,38.1,0,0
713,2019-01-31 1:00,7.5,296.2,0.8,0,,,43.6,0,0
713,2019-01-31 2:00,7.3,354.1,1.1,0,,,61.2,0,0
713,2019-01-31 3:00,5.9,303.2,1.2,0,,,73,0,0
713,2019-01-31 4:00,5,292.9,1,0,,,82.9,0,0
713,2019-01-31 5:00,3.5,287,1.5,0,,,88.8,0,0
713,2019-01-31 6:00,2.9,294.8,0.8,0.5,,,99.5,0,0
713,2019-01-31 7:00,2.3,306.1,1.2,0.5,,,99.9,0,0
713,2019-01-31 8:00,2.4,0,0.4,0,,,99.9,0,0
713,2019-01-31 9:00,1.7,277.3,0.7,1.5,,,99.9,0,0
713,2019-01-31 10:00,1.2,0,0.4,1.5,,,99.9,0,0
713,2019-01-31 11:00,1,0,0.2,1.5,,,99.9,0,0
713,2019-01-31 12:00,2,0,0.4,1,,,99.9,0,0
713,2019-01-31 13:00,2.9,300.2,1.6,0,,,91,0,0
713,2019-01-31 14:00,2,292.6,2.4,0,,,89.8,0,0
713,2019-01-31 15:00,2.6,282.6,2,0,,,83.9,0,0
713,2019-01-31 16:00,2.9,290.1,3.4,0,,,61.5,0,0
713,2019-01-31 17:00,1.9,287.8,3,0,,,58.1,0,0
713,2019-01-31 18:00,0.5,296.5,2.8,0,,,62.2,0,0
713,2019-01-31 19:00,-0.3,280.3,2.9,0,,,64.8,0,0
713,2019-01-31 20:00,-0.9,306.1,2.2,0,,,63.5,0,0
713,2019-01-31 21:00,-1.2,292.9,3.2,0,,,63,0,0
713,2019-01-31 22:00,-1.6,278.1,2.7,0,,,64.1,0,0
713,2019-01-31 23:00,-1.7,287.8,2.6,0,,,61.8,0,0
713,2019-02-01 0:00,-2,291.9,2.1,0,,,64,0,0
713,2019-02-01 1:00,-1.9,303.2,2.3,0,,,65,0,0
713,2019-02-01 2:00,-2.2,302.8,1.6,0,,,65.9,0,0
713,2019-02-01 3:00,-2,294.9,2.4,0,,,64.1,0,0
713,2019-02-01 4:00,-1.6,311.2,2.2,0,,,60.1,0,0
713,2019-02-01 5:00,-1.9,281.9,1.4,0,,,63,0,0
713,2019-02-01 6:00,-2.1,265.9,1.7,0,,,66.6,0,0
713,2019-02-01 7:00,-1.8,262.9,1.7,0,,,66.7,0,0
713,2019-02-01 8:00,-1.6,255.9,1.9,0,,,66.4,0,0
713,2019-02-01 9:00,0,260.8,2.6,0,,,62.1,0,0
713,2019-02-01 10:00,2,262.4,3,0,,,57.2,0,0
713,2019-02-01 11:00,2.8,267.6,3.9,0,,,54.9,0,0
713,2019-02-01 12:00,4,284.8,2.7,0,,,54.2,0,0
713,2019-02-01 13:00,4,270.4,4.3,0,,,54.6,0,0
713,2019-02-01 14:00,3.9,281.6,2.9,0,,,59.6,0,0
713,2019-02-01 15:00,3.9,275.5,2.8,0,,,58.1,0,0
713,2019-02-01 16:00,3.8,277.9,3.5,0,,,57.4,0,0
713,2019-02-01 17:00,3.2,279.4,2.6,0,,,58.4,0,0
713,2019-02-01 18:00,1.9,286.4,1.9,0,,,61,0,0
713,2019-02-01 19:00,1,278.2,1.4,0,,,64.7,0,0
713,2019-02-01 20:00,0.9,271.9,2,0,,,66.6,0,0
713,2019-02-01 21:00,0.7,289.1,1.8,0,,,67.4,0,0
713,2019-02-01 22:00,-0.1,295.1,0.7,0,,,71.2,0,0
713,2019-02-01 23:00,-1,276.3,1.2,0,,,73.7,0,0
713,2019-02-02 0:00,-1.9,296.3,0.7,0,,,76.2,0,0
713,2019-02-02 1:00,-2.3,0,0.4,0,,,82.1,0,0
713,2019-02-02 2:00,-2,137,0.6,0,,,77.1,0,0
713,2019-02-02 3:00,-2.8,0,0.4,0,,,80.9,0,0
713,2019-02-02 4:00,-3.4,0,0.3,0,,,87.2,0,0
713,2019-02-02 5:00,-3.5,0,0.2,0,,,85.4,0,0
713,2019-02-02 6:00,-4.2,0,0.2,0,,,89.7,0,0
713,2019-02-02 7:00,-4.7,0,0.4,0,,,92.9,0,0
713,2019-02-02 8:00,-3.6,326.2,0.5,0,,,93.1,0,0
713,2019-02-02 9:00,0.2,0,0,0,,,72.4,0,0
713,2019-02-02 10:00,3.7,135.2,0.8,0,,,64.5,0,0
713,2019-02-02 11:00,6.2,281.2,3.2,0,,,53.6,0,0
713,2019-02-02 12:00,7.7,331.2,1.9,0,,,50.1,0,0
713,2019-02-02 13:00,9.4,260.9,1.4,0,,,47.4,0,0
713,2019-02-02 14:00,9.9,192.7,2.9,0,,,47.7,0,0
713,2019-02-02 15:00,10,206.5,2.4,0,,,48.6,0,0
713,2019-02-02 16:00,9.7,165.3,1.9,0,,,47.3,0,0
713,2019-02-02 17:00,8.3,169.2,2.3,0,,,54.5,0,0
713,2019-02-02 18:00,7.6,161.8,0.8,0,,,59.7,0,0
713,2019-02-02 19:00,6.8,26.3,0.5,0,,,61.7,0,0
713,2019-02-02 20:00,6.3,264.8,0.6,0,,,64.8,0,0
713,2019-02-02 21:00,6.3,304.1,0.7,0,,,66.1,0,0
713,2019-02-02 22:00,6.3,0,0.2,0,,,67.8,0,0
713,2019-02-02 23:00,6.2,276.6,0.5,0,,,69.8,0,0
713,2019-02-03 0:00,6.2,297.4,0.7,0,,,73.1,0,0
713,2019-02-03 1:00,6,292.9,0.7,0,,,77.2,0,0
713,2019-02-03 2:00,5.7,0,0.2,0,,,93.3,0,0
713,2019-02-03 3:00,5.3,0,0.2,0,,,96.7,0,0
713,2019-02-03 4:00,5.3,0,0.3,0.5,,,99.9,0,0
713,2019-02-03 5:00,5.5,339.4,0.6,2.5,,,99.9,0,0
713,2019-02-03 6:00,5.6,0,0.2,1.5,,,99.9,0,0
713,2019-02-03 7:00,5.7,0,0.2,1.5,,,99.9,0,0
713,2019-02-03 8:00,5.8,120,0.5,2,,,99.9,0,0
713,2019-02-03 9:00,6.1,0,0.4,0,,,99.9,0,0
713,2019-02-03 10:00,6.7,0,0.2,0.5,,,99.9,0,0
713,2019-02-03 11:00,7.9,0,0.1,0,,,99.9,0,0
713,2019-02-03 12:00,8.3,0,0.3,0,,,99.9,0,0
713,2019-02-03 13:00,9,202.4,0.6,0,,,99.9,0,0
713,2019-02-03 14:00,9.2,0,0.1,0.5,,,99.9,0,0
713,2019-02-03 15:00,11.3,235.9,2.2,0.5,,,98.9,0,0
713,2019-02-03 16:00,11.2,233.3,2.7,0,,,86.9,0,0
713,2019-02-03 17:00,10.6,235.6,3.6,0,,,80.5,0,0
713,2019-02-03 18:00,9.9,228.4,4.2,0,,,79.9,0,0
713,2019-02-03 19:00,8.8,267.5,3.7,0,,,79.9,0,0
713,2019-02-03 20:00,8.7,269.3,3.1,0,,,78.8,0,0
713,2019-02-03 21:00,8.6,258.6,2.8,0,,,81.1,0,0
713,2019-02-03 22:00,8.7,266.4,2.2,0,,,78.6,0,0
713,2019-02-03 23:00,8,294.9,3,0,,,75.5,0,0
713,2019-02-04 0:00,7.1,282.1,3.2,0,,,77.1,0,0
713,2019-02-04 1:00,6.6,278.7,3.8,0,,,71.3,0,0
713,2019-02-04 2:00,5.8,293.9,3.3,0,,,62.2,0,0
713,2019-02-04 3:00,4.7,318.6,2.9,0,,,58.3,0,0
713,2019-02-04 4:00,4.1,276.6,3,0,,,58.4,0,0
713,2019-02-04 5:00,3.7,284.9,3.1,0,,,53.5,0,0
713,2019-02-04 6:00,3.7,310.2,2.2,0,,,42.5,0,0
713,2019-02-04 7:00,3.7,306.3,2.4,0,,,32.9,0,0
713,2019-02-04 8:00,4.2,318.1,3,0,,,26.6,0,0
713,2019-02-04 9:00,5.7,311.9,2.7,0,,,24.1,0,0
713,2019-02-04 10:00,7.6,331.7,2.6,0,,,23.7,0,0
713,2019-02-04 11:00,9.4,320.8,1.5,0,,,20.1,0,0
713,2019-02-04 12:00,9.3,286.9,2.7,0,,,21.1,0,0
713,2019-02-04 13:00,10.2,281.9,2.9,0,,,21.9,0,0
713,2019-02-04 14:00,10.3,274,2.9,0,,,19.1,0,0
713,2019-02-04 15:00,10.7,270.2,3.1,0,,,18.2,0,0
713,2019-02-04 16:00,10.5,298.9,2.7,0,,,19.9,0,0
713,2019-02-04 17:00,9,276.7,2,0,,,22.4,0,0
713,2019-02-04 18:00,7.3,291.7,1.4,0,,,26.2,0,0
713,2019-02-04 19:00,6.1,315,1,0,,,30,0,0
713,2019-02-04 20:00,4.5,303.3,0.6,0,,,36,0,0
713,2019-02-04 21:00,2.7,311.9,0.8,0,,,49.6,0,0
713,2019-02-04 22:00,2.5,290.8,0.7,0,,,54,0,0
713,2019-02-04 23:00,1.6,291.6,0.6,0,,,58.5,0,0
713,2019-02-05 0:00,0.5,311.9,0.8,0,,,62.6,0,0
713,2019-02-05 1:00,-0.1,301.5,1,0,,,64.9,0,0
713,2019-02-05 2:00,-1,307.9,0.8,0,,,68.2,0,0
713,2019-02-05 3:00,-1.3,301.7,0.9,0,,,70.7,0,0
713,2019-02-05 4:00,-1.7,301.7,1,0,,,73.3,0,0
713,2019-02-05 5:00,-2.2,300.5,0.9,0,,,74.5,0,0
713,2019-02-05 6:00,-2.3,324.3,0.8,0,,,74.2,0,0
713,2019-02-05 7:00,-3.1,304.6,0.7,0,,,78.4,0,0
713,2019-02-05 8:00,-2.6,302.8,0.6,0,,,78.1,0,0
713,2019-02-05 9:00,1.6,303.2,0.5,0,,,59,0,0
713,2019-02-05 10:00,4.1,121.3,0.6,0,,,49.7,0,0
713,2019-02-05 11:00,8.4,128.5,0.9,0,,,35.1,0,0
713,2019-02-05 12:00,10.1,123.9,1.1,0,,,28.4,0,0
713,2019-02-05 13:00,12.5,180.4,2.1,0,,,21.9,0,0
713,2019-02-05 14:00,12.4,174.9,2.3,0,,,18.4,0,0
713,2019-02-05 15:00,12.2,155,2.1,0,,,14.5,0,0
713,2019-02-05 16:00,12.3,162.7,2.2,0,,,15.7,0,0
713,2019-02-05 17:00,10.4,207.2,1.6,0,,,19.1,0,0
713,2019-02-05 18:00,7.7,190.6,0.6,0,,,27.8,0,0
713,2019-02-05 19:00,6.3,297.8,0.6,0,,,39.8,0,0
713,2019-02-05 20:00,5.5,312.2,1,0,,,45.9,0,0
713,2019-02-05 21:00,4.8,305.6,1,0,,,48.8,0,0
713,2019-02-05 22:00,4.5,291.1,1,0,,,48.9,0,0
713,2019-02-05 23:00,3.4,305.9,0.9,0,,,54.3,0,0
713,2019-02-06 0:00,2.6,296,0.7,0,,,57,0,0
713,2019-02-06 1:00,2.4,311.6,0.9,0,,,59.4,0,0
713,2019-02-06 2:00,1.9,323.1,0.6,0,,,61.7,0,0
713,2019-02-06 3:00,1.6,290.1,1,0,,,63.2,0,0
713,2019-02-06 4:00,0.9,298.1,1.2,0,,,66.3,0,0
713,2019-02-06 5:00,-1.2,0,0.3,0,,,67.8,0,0
713,2019-02-06 6:00,-1.3,0,0.2,0,,,72.1,0,0
713,2019-02-06 7:00,-1,314.1,0.6,0,,,72.1,0,0
713,2019-02-06 8:00,-0.4,0,0.3,0,,,69.4,0,0
713,2019-02-06 9:00,4.9,289.5,1,0,,,55,0,0
713,2019-02-06 10:00,9.5,176.6,1.9,0,,,28.5,0,0
713,2019-02-06 11:00,10.3,64.8,0.9,0,,,33.2,0,0
713,2019-02-06 12:00,13.2,177,1.1,0,,,28.8,0,0
713,2019-02-06 13:00,14.6,158,2.4,0,,,30.7,0,0
713,2019-02-06 14:00,15.5,163.5,2.5,0,,,28.9,0,0
713,2019-02-06 15:00,14.4,219.8,3.6,0,,,39.6,0,0
713,2019-02-06 16:00,13.2,220.9,2.9,0,,,51.1,0,0
713,2019-02-06 17:00,12.6,195.8,3,0,,,53,0,0
713,2019-02-06 18:00,12.2,246.8,0.9,0,,,53.9,0,0
713,2019-02-06 19:00,10.8,102,0.8,0,,,58,0,0
713,2019-02-06 20:00,9.9,307.4,0.8,0,,,63.8,0,0
713,2019-02-06 21:00,7.9,0,0.3,0,,,71.2,0,0
713,2019-02-06 22:00,6,0,0.1,0,,,80.6,0,0
713,2019-02-06 23:00,5,0,0.4,0,,,84.1,0,0
713,2019-02-07 0:00,4.6,306.1,0.5,0,,,78.5,0,0
713,2019-02-07 1:00,5,304.2,0.9,0,,,82.3,0,0
713,2019-02-07 2:00,5.9,0,0.2,0,,,78.6,0,0
713,2019-02-07 3:00,5,0,0.4,0,,,85.1,0,0
713,2019-02-07 4:00,4.8,121.5,0.6,0,,,90.5,0,0
713,2019-02-07 5:00,5,102.6,0.5,0,,,88.7,0,0
713,2019-02-07 6:00,6.6,77.8,0.6,0,,,79.6,0,0
713,2019-02-07 7:00,9.3,265.7,1.4,0,,,70.6,0,0
713,2019-02-07 8:00,9.6,267.4,2.9,0,,,67.3,0,0
713,2019-02-07 9:00,8.3,268.8,3.6,0,,,69.7,0,0
713,2019-02-07 10:00,7.4,310.9,1.9,0,,,65.2,0,0
713,2019-02-07 11:00,8,295.3,2.6,0,,,54.6,0,0
713,2019-02-07 12:00,8.5,277.6,3.2,0,,,45.6,0,0
713,2019-02-07 13:00,9.5,284.8,2.9,0,,,38.4,0,0
713,2019-02-07 14:00,8.1,306.6,2.9,0,,,34.8,0,0
713,2019-02-07 15:00,7.1,294.3,3.7,0,,,28.8,0,0
713,2019-02-07 16:00,6,295.1,3.6,0,,,30.7,0,0
713,2019-02-07 17:00,6.1,272.4,3.8,0,,,29.7,0,0
713,2019-02-07 18:00,4.8,296.6,3.2,0,,,31.8,0,0
713,2019-02-07 19:00,3.1,286.3,2,0,,,32.3,0,0
713,2019-02-07 20:00,2.3,300.2,2.5,0,,,31,0,0
713,2019-02-07 21:00,1.3,298.8,2.2,0,,,28.6,0,0
713,2019-02-07 22:00,0.8,270.2,2.3,0,,,22.9,0,0
713,2019-02-07 23:00,0.3,297.9,2,0,,,25.9,0,0
713,2019-02-08 0:00,-0.4,307.1,2.3,0,,,25.8,0,0
713,2019-02-08 1:00,-1.3,344.1,0.7,0,,,29.4,0,0
713,2019-02-08 2:00,-1.8,0,0.3,0,,,34.1,0,0
713,2019-02-08 3:00,-1.3,274.1,1.3,0,,,28.8,0,0
713,2019-02-08 4:00,-1.5,287.9,0.6,0,,,30.1,0,0
713,2019-02-08 5:00,-1.1,270.3,2.1,0,,,28.2,0,0
713,2019-02-08 6:00,-1,270,1.6,0,,,27.3,0,0
713,2019-02-08 7:00,-1.2,277.1,1.3,0,,,31.1,0,0
713,2019-02-08 8:00,-1.1,279.1,1.2,0,,,29.8,0,0
713,2019-02-08 9:00,-0.5,287.9,1.6,0,,,32.7,0,0
713,2019-02-08 10:00,1.7,271.1,1,0,,,28.4,0,0
713,2019-02-08 11:00,3.3,305.4,0.9,0,,,22.7,0,0
713,2019-02-08 12:00,5.8,303.5,2,0,,,17.6,0,0
713,2019-02-08 13:00,7,291.2,1.9,0,,,11.7,0,0
713,2019-02-08 14:00,8.3,303.6,1.4,0,,,12.6,0,0
713,2019-02-08 15:00,8.9,251.5,2.2,0,,,11.3,0,0
713,2019-02-08 16:00,8.4,213.2,1.5,0,,,12.8,0,0
713,2019-02-08 17:00,7.1,223.3,1.6,0,,,15.3,0,0
713,2019-02-08 18:00,4.8,218.7,2.3,0,,,23.4,0,0
713,2019-02-08 19:00,4,269.4,0.6,0,,,24.3,0,0
713,2019-02-08 20:00,3.2,303.2,1,0,,,26.8,0,0
713,2019-02-08 21:00,2.4,294.3,0.6,0,,,31,0,0
713,2019-02-08 22:00,2.2,281.2,1.5,0,,,28.8,0,0
713,2019-02-08 23:00,1.9,310.8,1.1,0,,,28.9,0,0
713,2019-02-09 0:00,1.7,280.5,1.1,0,,,30.1,0,0
713,2019-02-09 1:00,1.9,300.1,1.2,0,,,30.8,0,0
713,2019-02-09 2:00,2,262.8,1.9,0,,,29.1,0,0
713,2019-02-09 3:00,1.8,275.3,2.8,0,,,29.7,0,0
713,2019-02-09 4:00,1.4,307,1.6,0,,,28.6,0,0
713,2019-02-09 5:00,0.9,311.2,1.6,0,,,28.4,0,0
713,2019-02-09 6:00,0.4,284,2.3,0,,,25.4,0,0
713,2019-02-09 7:00,-0.4,290.3,3.1,0,,,31.6,0,0
713,2019-02-09 8:00,-0.3,279.4,2.3,0,,,24.9,0,0
713,2019-02-09 9:00,-0.2,298.8,3.7,0,,,28.5,0,0
713,2019-02-09 10:00,0.2,317.2,3,0,,,33.5,0,0
713,2019-02-09 11:00,1.8,287.4,4,0,,,35.4,0,0
713,2019-02-09 12:00,2.5,308.5,4.5,0,,,37.7,0,0
713,2019-02-09 13:00,3.2,301.6,4.2,0,,,33.2,0,0
713,2019-02-09 14:00,3.6,279.3,4.4,0,,,31.8,0,0
713,2019-02-09 15:00,4.6,296.2,3.1,0,,,25.3,0,0
713,2019-02-09 16:00,4.6,304,3.1,0,,,25.2,0,0
713,2019-02-09 17:00,3.4,289.4,2.9,0,,,27.9,0,0
713,2019-02-09 18:00,1.6,305.7,3.3,0,,,33.7,0,0
713,2019-02-09 19:00,0,296.4,1.6,0,,,34.8,0,0
713,2019-02-09 20:00,-0.1,322.9,1,0,,,36,0,0
713,2019-02-09 21:00,-0.2,286.1,2,0,,,35,0,0
713,2019-02-09 22:00,-0.5,279.1,2.4,0,,,34.6,0,0
713,2019-02-09 23:00,-0.9,277.8,2.2,0,,,34.6,0,0
713,2019-02-10 0:00,-1,272.4,2.6,0,,,33.3,0,0
713,2019-02-10 1:00,-1,278.3,2.3,0,,,31.6,0,0
713,2019-02-10 2:00,-1.1,323.3,1.1,0,,,30.2,0,0
713,2019-02-10 3:00,-1.6,264.2,1.2,0,,,27.2,0,0
713,2019-02-10 4:00,-2.2,300.2,1,0,,,26.8,0,0
713,2019-02-10 5:00,-2.3,283.4,1.5,0,,,28.3,0,0
713,2019-02-10 6:00,-3.2,298.2,1.1,0,,,33.6,0,0
713,2019-02-10 7:00,-3.8,312.3,0.8,0,,,36.4,0,0
713,2019-02-10 8:00,-2.9,346,1,0,,,36.9,0,0
713,2019-02-10 9:00,-1.1,310.4,1.6,0,,,30.7,0,0
713,2019-02-10 10:00,1.1,329.7,1,0,,,23.8,0,0
713,2019-02-10 11:00,2.7,264,1,0,,,22.3,0,0
713,2019-02-10 12:00,3.8,309.5,0.9,0,,,18.7,0,0
713,2019-02-10 13:00,5.9,248.4,0.9,0,,,24.7,0,0
713,2019-02-10 14:00,8.6,227.7,0.9,0,,,22.7,0,0
713,2019-02-10 15:00,7.9,209.6,1.9,0,,,25.9,0,0
713,2019-02-10 16:00,7.7,200.8,1.7,0,,,27.9,0,0
713,2019-02-10 17:00,6.9,275.9,2.1,0,,,24.5,0,0
713,2019-02-10 18:00,5.5,277.8,1.7,0,,,24.4,0,0
713,2019-02-10 19:00,4.6,269.8,2.6,0,,,30.7,0,0
713,2019-02-10 20:00,4,273.4,2.6,0,,,30.8,0,0
713,2019-02-10 21:00,3.5,287,1.9,0,,,31.3,0,0
713,2019-02-10 22:00,2.8,278.3,2.8,0,,,30.6,0,0
713,2019-02-10 23:00,2.4,267.6,2.5,0,,,29.3,0,0
713,2019-02-11 0:00,1.5,268.3,3.5,0,,,30.5,0,0
713,2019-02-11 1:00,1.2,288.1,1.5,0,,,32.7,0,0
713,2019-02-11 2:00,0.6,280.5,2.1,0,,,36.8,0,0
713,2019-02-11 3:00,-0.4,297.3,2.1,0,,,43.1,0,0
713,2019-02-11 4:00,-0.9,303.6,2.2,0,,,41.5,0,0
713,2019-02-11 5:00,-1.6,308.4,2.4,0,,,54.1,0,0
713,2019-02-11 6:00,-1.7,325,3.2,0,,,51.6,0,0
713,2019-02-11 7:00,-2,296.7,2.6,0,,,48.4,0,0
713,2019-02-11 8:00,-1.8,306.2,2.9,0,,,47,0,0
713,2019-02-11 9:00,0,281.4,3.2,0,,,41,0,0
713,2019-02-11 10:00,1.1,284.9,3.7,0,,,42.4,0,0
713,2019-02-11 11:00,3,284.3,2.6,0,,,37.7,0,0
713,2019-02-11 12:00,3.6,277,3.8,0,,,33.3,0,0
713,2019-02-11 13:00,5,295.9,4,0,,,30.8,0,0
713,2019-02-11 14:00,5.9,281.6,3.5,0,,,27.2,0,0
713,2019-02-11 15:00,6.4,319.7,4.1,0,,,18.7,0,0
713,2019-02-11 16:00,5.7,271,3,0,,,18.9,0,0
713,2019-02-11 17:00,4.7,294.6,3.2,0,,,22,0,0
713,2019-02-11 18:00,3.7,310.8,3.3,0,,,33,0,0
713,2019-02-11 19:00,2.7,317,1.6,0,,,37.4,0,0
713,2019-02-11 20:00,1.9,289.1,2.1,0,,,32.3,0,0
713,2019-02-11 21:00,0.9,330,0.8,0,,,35.8,0,0
713,2019-02-11 22:00,0,331.4,0.8,0,,,40.6,0,0
713,2019-02-11 23:00,-0.7,308.4,0.9,0,,,51.1,0,0
713,2019-02-12 0:00,-1.7,330.6,0.6,0,,,55.8,0,0
713,2019-02-12 1:00,-3.1,0,0.4,0,,,64.9,0,0
713,2019-02-12 2:00,-3.9,0,0.2,0,,,70.7,0,0
713,2019-02-12 3:00,-4.5,0,0.2,0,,,70,0,0
713,2019-02-12 4:00,-5.2,0,0.2,0,,,74.8,0,0
713,2019-02-12 5:00,-5.3,0,0.2,0,,,74.7,0,0
713,2019-02-12 6:00,-5.6,0,0.4,0,,,75.5,0,0
713,2019-02-12 7:00,-5.1,0,0.2,0,,,70.2,0,0
713,2019-02-12 8:00,-3.9,0,0.3,0,,,66,0,0
713,2019-02-12 9:00,-0.6,64.1,0.5,0,,,49,0,0
713,2019-02-12 10:00,2.6,111.1,0.7,0,,,35.6,0,0
713,2019-02-12 11:00,4.6,119.3,1.5,0,,,23,0,0
713,2019-02-12 12:00,7,208.8,1.3,0,,,25.9,0,0
713,2019-02-12 13:00,7.9,134.5,1.9,0,,,23.9,0,0
713,2019-02-12 14:00,9.4,160.1,1.8,0,,,24.9,0,0
713,2019-02-12 15:00,8.3,125.8,2,0,,,25.7,0,0
713,2019-02-12 16:00,8.4,150.6,1.7,0,,,25.2,0,0
713,2019-02-12 17:00,7.7,150.9,1.3,0,,,27.9,0,0
713,2019-02-12 18:00,6.8,255.8,1.6,0,,,31.3,0,0
713,2019-02-12 19:00,5.2,304.8,1,0,,,38.1,0,0
713,2019-02-12 20:00,3.8,0,0.3,0,,,45.2,0,0
713,2019-02-12 21:00,3.3,314.2,0.6,0,,,49.5,0,0
713,2019-02-12 22:00,3,0,0.4,0,,,50.2,0,0
713,2019-02-12 23:00,3.1,286,0.5,0,,,50.4,0,0
713,2019-02-13 0:00,3.2,323.6,0.8,0,,,50.1,0,0
713,2019-02-13 1:00,3.2,280.2,0.9,0,,,50.2,0,0
713,2019-02-13 2:00,2.7,281.5,1.1,0,,,52.2,0,0
713,2019-02-13 3:00,2.6,294.8,0.7,0,,,52.1,0,0
713,2019-02-13 4:00,1.3,0,0.2,0,,,63,0,0
713,2019-02-13 5:00,-0.4,0,0.3,0,,,67.7,0,0
713,2019-02-13 6:00,-1.5,0,0.3,0,,,72.7,0,0
713,2019-02-13 7:00,-2.3,0,0.3,0,,,74,0,0
713,2019-02-13 8:00,-1.3,0,0.3,0,,,72.2,0,0
713,2019-02-13 9:00,1.6,102.8,0.5,0,,,51.8,0,0
713,2019-02-13 10:00,4.2,77.1,0.8,0,,,36,0,0
713,2019-02-13 11:00,6,122,1.2,0,,,25.8,0,0
713,2019-02-13 12:00,8.4,259.5,2.4,0,,,16.6,0,0
713,2019-02-13 13:00,9.1,296.5,3,0,,,16.7,0,0
713,2019-02-13 14:00,9.2,273.7,3.7,0,,,16.8,0,0
713,2019-02-13 15:00,9.6,295.8,3.4,0,,,15.8,0,0
713,2019-02-13 16:00,8.9,286.4,3,0,,,14.8,0,0
713,2019-02-13 17:00,7.4,299.2,3.4,0,,,17.5,0,0
713,2019-02-13 18:00,5.3,300.6,2.2,0,,,17.8,0,0
713,2019-02-13 19:00,4.1,274.5,1.5,0,,,23.4,0,0
713,2019-02-13 20:00,3.2,311.7,1.3,0,,,31.1,0,0
713,2019-02-13 21:00,3.2,334.7,1.7,0,,,31.7,0,0
713,2019-02-13 22:00,2.1,335.3,0.8,0,,,35.5,0,0
713,2019-02-13 23:00,1.4,304.1,0.9,0,,,38,0,0
713,2019-02-14 0:00,0.9,328,0.8,0,,,40.5,0,0
713,2019-02-14 1:00,1.3,285.2,1.2,0,,,39.6,0,0
713,2019-02-14 2:00,-0.2,0,0.3,0,,,50.6,0,0
713,2019-02-14 3:00,1,289,1.1,0,,,41.7,0,0
713,2019-02-14 4:00,0.3,313.3,0.9,0,,,44.3,0,0
713,2019-02-14 5:00,0.2,294.1,0.5,0,,,42,0,0
713,2019-02-14 6:00,0.2,292.8,0.9,0,,,42.1,0,0
713,2019-02-14 7:00,0.2,325.1,0.6,0,,,42,0,0
713,2019-02-14 8:00,0.2,0,0.4,0,,,43.9,0,0
713,2019-02-14 9:00,1.7,315.7,1.3,0,,,38.3,0,0
713,2019-02-14 10:00,3.9,276,1.3,0,,,33.8,0,0
713,2019-02-14 11:00,5.6,202.9,0.8,0,,,30.5,0,0
713,2019-02-14 12:00,7.5,106.3,1.2,0,,,27,0,0
713,2019-02-14 13:00,9.3,165.4,1.8,0,,,23.2,0,0
713,2019-02-14 14:00,9.8,163.1,2,0,,,10.9,0,0
713,2019-02-14 15:00,10,174.7,1.5,0,,,5.5,0,0
713,2019-02-14 16:00,9.5,205.8,2.6,0,,,8.2,0,0
713,2019-02-14 17:00,8.7,131.8,1.3,0,,,9.5,0,0
713,2019-02-14 18:00,6.5,161,1.7,0,,,30.2,0,0
713,2019-02-14 19:00,4.3,287.5,0.9,0,,,36,0,0
713,2019-02-14 20:00,2.8,296,1.1,0,,,41.6,0,0
713,2019-02-14 21:00,1.4,291.8,0.6,0,,,46.3,0,0
713,2019-02-14 22:00,0.6,292.5,0.8,0,,,51.6,0,0
713,2019-02-14 23:00,0.1,286.3,1,0,,,54.2,0,0
713,2019-02-15 0:00,0.3,292.4,1,0,,,52.5,0,0
713,2019-02-15 1:00,0.1,310.5,0.9,0,,,53.6,0,0
713,2019-02-15 2:00,0.6,299.2,1.2,0,,,55.1,0,0
713,2019-02-15 3:00,1.5,0,0.1,0,,,56.9,0,0
713,2019-02-15 4:00,2,0,0.1,0,,,58.6,0,0
713,2019-02-15 5:00,2.1,0,0,0,,,58.7,0,0
713,2019-02-15 6:00,2.4,302.9,0.6,0,,,59.4,0,0
713,2019-02-15 7:00,2.6,0,0.1,0,,,62.9,0,0
713,2019-02-15 8:00,3.2,236.6,0.7,0,,,62.5,0,0
713,2019-02-15 9:00,4.5,0,0.4,0,,,57,0,0
713,2019-02-15 10:00,5.3,121.4,0.5,0,,,52.8,0,0
713,2019-02-15 11:00,7.7,241.9,2.5,0,,,28.5,0,0
713,2019-02-15 12:00,8.4,247.4,3.4,0,,,17.5,0,0
713,2019-02-15 13:00,8.8,287.4,3,0,,,18.8,0,0
713,2019-02-15 14:00,9.7,283.3,2.7,0,,,26.7,0,0
713,2019-02-15 15:00,10.1,319.1,2.5,0,,,26.4,0,0
713,2019-02-15 16:00,8.4,322.6,2.9,0,,,33.5,0,0
713,2019-02-15 17:00,7.5,286,2.1,0,,,39,0,0
713,2019-02-15 18:00,6.1,301.4,1.6,0,,,44.7,0,0
713,2019-02-15 19:00,4.5,281.4,1.9,0,,,51.2,0,0
713,2019-02-15 20:00,4.3,272.4,1.8,0,,,56.5,0,0
713,2019-02-15 21:00,4.3,260.7,2.2,0,,,58.1,0,0
713,2019-02-15 22:00,4.4,293.1,1.5,0,,,59.6,0,0
713,2019-02-15 23:00,4.1,268.3,1.6,0,,,61.4,0,0
713,2019-02-16 0:00,3.9,276.6,2.5,0,,,58.1,0,0
713,2019-02-16 1:00,3.6,275.3,2.5,0,,,55.5,0,0
713,2019-02-16 2:00,2.9,272.1,2.3,0,,,54.1,0,0
713,2019-02-16 3:00,2.5,285.2,2.8,0,,,50.1,0,0
713,2019-02-16 4:00,2.3,293.9,3.1,0,,,49.5,0,0
713,2019-02-16 5:00,2.2,285.5,2.6,0,,,51.5,0,0
713,2019-02-16 6:00,2,290.1,2.2,0,,,53.9,0,0
713,2019-02-16 7:00,1.7,296.3,2.4,0,,,53.5,0,0
713,2019-02-16 8:00,1,283.7,2.3,0,,,61.9,0,0
713,2019-02-16 9:00,1.8,277.6,2.3,0,,,57.3,0,0
713,2019-02-16 10:00,2.2,279.9,2.9,0,,,59.6,0,0
713,2019-02-16 11:00,3.5,301.1,2.7,0,,,47.9,0,0
713,2019-02-16 12:00,3.5,291.6,4.2,0,,,40,0,0
713,2019-02-16 13:00,4.7,275.7,4.1,0,,,38,0,0
713,2019-02-16 14:00,5.1,307.8,3.6,0,,,35.3,0,0
713,2019-02-16 15:00,5.1,283.5,4.1,0,,,35,0,0
713,2019-02-16 16:00,4.8,290.6,3.2,0,,,36,0,0
713,2019-02-16 17:00,3.3,296.3,3.4,0,,,40.2,0,0
713,2019-02-16 18:00,2.5,304,3.7,0,,,41.8,0,0
713,2019-02-16 19:00,2.1,308.7,3.4,0,,,40,0,0
713,2019-02-16 20:00,1.6,303.3,2.9,0,,,44,0,0
713,2019-02-16 21:00,0.9,308,2.2,0,,,47.7,0,0
713,2019-02-16 22:00,0.2,298,2.3,0,,,51.8,0,0
713,2019-02-16 23:00,-0.4,285.3,2,0,,,54.8,0,0
713,2019-02-17 0:00,-0.6,269.8,3,0,,,56,0,0
713,2019-02-17 1:00,-1,271.8,2.6,0,,,58.4,0,0
713,2019-02-17 2:00,-1,273.5,2.5,0,,,58.3,0,0
713,2019-02-17 3:00,-1.1,290.4,1.8,0,,,57.5,0,0
713,2019-02-17 4:00,-1.3,300.6,2.1,0,,,54.5,0,0
713,2019-02-17 5:00,-1.5,306.4,1.9,0,,,53.2,0,0
713,2019-02-17 6:00,-1.7,300,1.5,0,,,53.5,0,0
713,2019-02-17 7:00,-2.2,274.9,1.6,0,,,54.2,0,0
713,2019-02-17 8:00,-0.6,274.3,0.7,0,,,40.7,0,0
713,2019-02-17 9:00,1.5,292.6,1.8,0,,,32.1,0,0
713,2019-02-17 10:00,3.1,295.1,2.2,0,,,24.4,0,0
713,2019-02-17 11:00,4.4,261.6,2.9,0,,,23.3,0,0
713,2019-02-17 12:00,6.1,261.8,2.6,0,,,22.1,0,0
713,2019-02-17 13:00,7.4,283.8,3.3,0,,,18.3,0,0
713,2019-02-17 14:00,8.7,303,2.9,0,,,16.6,0,0
713,2019-02-17 15:00,8.8,269.9,3.5,0,,,16.6,0,0
713,2019-02-17 16:00,8.7,298,2.7,0,,,13.3,0,0
713,2019-02-17 17:00,8.2,291.5,2.7,0,,,14.3,0,0
713,2019-02-17 18:00,5.9,290.2,1.8,0,,,18.6,0,0
713,2019-02-17 19:00,4.3,287,1,0,,,22.9,0,0
713,2019-02-17 20:00,2.6,305.4,0.8,0,,,28.1,0,0
713,2019-02-17 21:00,0.9,0,0.4,0,,,33.8,0,0
713,2019-02-17 22:00,-0.3,0,0.3,0,,,43.1,0,0
713,2019-02-17 23:00,-1.1,0,0.3,0,,,49.6,0,0
713,2019-02-18 0:00,-1.4,72.3,0.5,0,,,52.4,0,0
713,2019-02-18 1:00,-1.8,0,0.2,0,,,55.6,0,0
713,2019-02-18 2:00,-2.1,0,0.4,0,,,58.9,0,0
713,2019-02-18 3:00,-2.5,0,0.3,0,,,62.5,0,0
713,2019-02-18 4:00,-2,323.9,0.9,0,,,61.4,0,0
713,2019-02-18 5:00,-2.1,0,0.1,0,,,59.1,0,0
713,2019-02-18 6:00,-1.7,300.1,0.7,0,,,58.9,0,0
713,2019-02-18 7:00,-1,329.5,0.6,0,,,51.9,0,0
713,2019-02-18 8:00,-0.2,0,0.4,0,,,50.1,0,0
713,2019-02-18 9:00,2,0,0.2,0,,,42.1,0,0
713,2019-02-18 10:00,4.4,211.6,0.7,0,,,29.7,0,0
713,2019-02-18 11:00,6.3,175.6,0.5,0,,,18.4,0,0
713,2019-02-18 12:00,7,176.5,0.9,0,,,19.2,0,0
713,2019-02-18 13:00,8,170.9,1.6,0,,,19.8,0,0
713,2019-02-18 14:00,9.2,109.2,0.6,0,,,19.6,0,0
713,2019-02-18 15:00,8.9,218.4,1.3,0,,,25.3,0,0
713,2019-02-18 16:00,8.8,179.3,1.2,0,,,28.3,0,0
713,2019-02-18 17:00,8.6,0,0.3,0,,,28.2,0,0
713,2019-02-18 18:00,7.8,,0.3,0,,,23.7,0,0
713,2019-02-18 19:00,7.3,,0.3,0,,,25.9,0,0
713,2019-02-18 20:00,6.7,0,0.4,0,,,28.6,0,0
713,2019-02-18 21:00,6.4,150.5,0.5,0,,,40,0,0
713,2019-02-18 22:00,5.8,313.7,0.7,0,,,41.5,0,0
713,2019-02-18 23:00,4.7,346.1,1.3,0,,,53.8,0,0
713,2019-02-19 0:00,4.3,334.9,0.7,0,,,62.8,0,0
713,2019-02-19 1:00,3.8,325.2,1.1,0,,,75.8,0,0
713,2019-02-19 2:00,4.1,4.1,0.6,1,,,81.6,0,0
713,2019-02-19 3:00,4.1,0,0.4,0.5,,,84.5,0,0
713,2019-02-19 4:00,3.9,308.3,0.6,4,,,85.6,0,0
713,2019-02-19 5:00,4.2,203.9,0.9,3,,,85.6,0,0
713,2019-02-19 6:00,4.2,0,0.2,4,,,85.6,0,0
713,2019-02-19 7:00,4.5,293,0.9,5.5,,,86.7,0,0
713,2019-02-19 8:00,5,317.2,0.6,4,,,87.1,0,0
713,2019-02-19 9:00,5.3,0,0,2.5,,,85.9,0,0
713,2019-02-19 10:00,6.2,282.8,1.9,1,,,86.2,0,0
713,2019-02-19 11:00,6.7,102.4,0.6,0.5,,,85.4,0,0
713,2019-02-19 12:00,8.2,66.3,0.8,1,,,85,0,0
713,2019-02-19 13:00,9.3,176.8,0.7,0,,,84.2,0,0
713,2019-02-19 14:00,10.7,269.8,1.8,0,,,75.1,0,0
713,2019-02-19 15:00,9.9,275,3,0,,,65.6,0,0
713,2019-02-19 16:00,10.5,264.8,3.7,0,,,67,0,0
713,2019-02-19 17:00,9.6,264.3,3.2,0,,,63.8,0,0
713,2019-02-19 18:00,7.8,271.4,1.8,0,,,69.9,0,0
713,2019-02-19 19:00,6.9,264.9,3.2,0,,,61.2,0,0
713,2019-02-19 20:00,5.8,265.9,2.7,0,,,60.3,0,0
713,2019-02-19 21:00,5.2,266.9,3.8,0,,,61.2,0,0
713,2019-02-19 22:00,4.9,260.4,2.8,0,,,59.8,0,0
713,2019-02-19 23:00,4.2,272.9,2.7,0,,,59.4,0,0
713,2019-02-20 0:00,3.4,292.7,1.6,0,,,71.8,0,0
713,2019-02-20 1:00,3.3,272.1,2.8,0,,,61.4,0,0
713,2019-02-20 2:00,3,270.8,3.8,0,,,59.1,0,0
713,2019-02-20 3:00,1.7,250.8,2.3,0,,,65.8,0,0
713,2019-02-20 4:00,3.9,309.7,1.6,0,,,51.2,0,0
713,2019-02-20 5:00,3.3,267.4,2.1,0,,,54.1,0,0
713,2019-02-20 6:00,3.8,277.8,1.9,0,,,55.1,0,0
713,2019-02-20 7:00,3.4,276.8,1.8,0,,,57.3,0,0
713,2019-02-20 8:00,4.3,273.7,2.4,0,,,53.9,0,0
713,2019-02-20 9:00,6.1,272.8,2.5,0,,,48.5,0,0
713,2019-02-20 10:00,7,301.8,3,0,,,42.6,0,0
713,2019-02-20 11:00,7.3,298.9,3.9,0,,,42.2,0,0
713,2019-02-20 12:00,7.5,308.9,4.2,0,,,40.5,0,0
713,2019-02-20 13:00,8.8,295.1,3.4,0,,,39.7,0,0
713,2019-02-20 14:00,9.5,336.1,2.9,0,,,37,0,0
713,2019-02-20 15:00,10.2,287.5,3.4,0,,,34.7,0,0
713,2019-02-20 16:00,9.1,286.9,3.6,0,,,33.3,0,0
713,2019-02-20 17:00,8.1,299.7,3.9,0,,,34.3,0,0
713,2019-02-20 18:00,6.9,301.4,1.5,0,,,39.6,0,0
713,2019-02-20 19:00,6,306.8,2,0,,,48.9,0,0
713,2019-02-20 20:00,4.5,334.2,0.9,0,,,56.2,0,0
713,2019-02-20 21:00,4.3,337.4,1.2,0,,,60.1,0,0
713,2019-02-20 22:00,3,340.1,0.8,0,,,66.3,0,0
713,2019-02-20 23:00,2.2,307.3,0.7,0,,,68.9,0,0
713,2019-02-21 0:00,1.9,50.2,0.5,0,,,74.8,0,0
713,2019-02-21 1:00,-0.2,0,0.1,0,,,85.2,0,0
713,2019-02-21 2:00,-0.3,0,0.1,0,,,85.4,0,0
713,2019-02-21 3:00,-1.2,0,0.1,0,,,89.7,0,0
713,2019-02-21 4:00,-1.3,301.6,0.6,0,,,93.2,0,0
713,2019-02-21 5:00,-0.5,312.4,0.6,0,,,85.9,0,0
713,2019-02-21 6:00,-1.4,0,0.3,0,,,89.1,0,0
713,2019-02-21 7:00,-1.8,0,0.2,0,,,91.6,0,0
713,2019-02-21 8:00,-0.7,286.3,0.5,0,,,86.2,0,0
713,2019-02-21 9:00,2.3,337.8,0.5,0,,,73.3,0,0
713,2019-02-21 10:00,5,166.5,0.7,0,,,57.5,0,0
713,2019-02-21 11:00,8.1,125.9,1.1,0,,,41.5,0,0
713,2019-02-21 12:00,8.3,315.2,0.8,0,,,31.4,0,0
713,2019-02-21 13:00,10.8,127.6,1.3,0,,,24.3,0,0
713,2019-02-21 14:00,11.9,162.5,2.4,0,,,26.3,0,0
713,2019-02-21 15:00,12.1,146,2.5,0,,,24,0,0
713,2019-02-21 16:00,11.9,170.8,1.8,0,,,26.2,0,0
713,2019-02-21 17:00,11.2,172.5,1.4,0,,,29.6,0,0
713,2019-02-21 18:00,8.8,214.9,2.6,0,,,27.5,0,0
713,2019-02-21 19:00,7.2,243.3,1.2,0,,,35.9,0,0
713,2019-02-21 20:00,6.1,328.4,0.6,0,,,47.7,0,0
713,2019-02-21 21:00,4.8,304.2,0.8,0,,,56.6,0,0
713,2019-02-21 22:00,4.4,302.3,0.6,0,,,58,0,0
713,2019-02-21 23:00,3.8,279.1,1.1,0,,,63.3,0,0
713,2019-02-22 0:00,3.4,294,0.9,0,,,65.9,0,0
713,2019-02-22 1:00,2.8,290.1,0.9,0,,,69.2,0,0
713,2019-02-22 2:00,1.9,293.3,0.6,0,,,72.1,0,0
713,2019-02-22 3:00,2.2,325.7,1,0,,,70.5,0,0
713,2019-02-22 4:00,1.3,308,0.5,0,,,78,0,0
713,2019-02-22 5:00,1.3,327.2,0.7,0,,,77.9,0,0
713,2019-02-22 6:00,1.3,308,0.8,0,,,78,0,0
713,2019-02-22 7:00,0.9,310.4,0.5,0,,,80.7,0,0
713,2019-02-22 8:00,2.1,300.1,1,0,,,74.9,0,0
713,2019-02-22 9:00,4.7,278.9,0.6,0,,,65.5,0,0
713,2019-02-22 10:00,8,176.1,0.5,0,,,53.2,0,0
713,2019-02-22 11:00,11.3,174.6,0.7,0,,,40.9,0,0
713,2019-02-22 12:00,12.3,94.3,1.1,0,,,26.6,0,0
713,2019-02-22 13:00,12.8,159.4,1.6,0,,,30.5,0,0
713,2019-02-22 14:00,12.6,136.3,1.7,0,,,28.9,0,0
713,2019-02-22 15:00,13.7,158.3,1.6,0,,,28.3,0,0
713,2019-02-22 16:00,13.3,222,1.4,0,,,29.8,0,0
713,2019-02-22 17:00,12.5,259.8,2.2,0,,,28.7,0,0
713,2019-02-22 18:00,10.9,208.8,2.3,0,,,35.5,0,0
713,2019-02-22 19:00,8.2,0,0.2,0,,,45.5,0,0
713,2019-02-22 20:00,6.4,0,0.4,0,,,48.2,0,0
713,2019-02-22 21:00,5.5,0,0.2,0,,,54.3,0,0
713,2019-02-22 22:00,4.6,285.2,0.5,0,,,61.3,0,0
713,2019-02-22 23:00,4.7,335.2,0.8,0,,,62.2,0,0
713,2019-02-23 0:00,3,0,0.1,0,,,70.3,0,0
713,2019-02-23 1:00,2.2,0,0.3,0,,,75.5,0,0
713,2019-02-23 2:00,2.1,0,0.4,0,,,72.5,0,0
713,2019-02-23 3:00,1,0,0.3,0,,,78.2,0,0
713,2019-02-23 4:00,-0.2,0,0.2,0,,,82.6,0,0
713,2019-02-23 5:00,0.4,313.1,1,0,,,75.7,0,0
713,2019-02-23 6:00,0.5,294.7,0.9,0,,,75,0,0
713,2019-02-23 7:00,-0.1,317.1,0.6,0,,,78.4,0,0
713,2019-02-23 8:00,1.4,0,0.3,0,,,72.6,0,0
713,2019-02-23 9:00,4.4,325.1,0.5,0,,,58.3,0,0
713,2019-02-23 10:00,8.9,157.8,0.5,0,,,44.9,0,0
713,2019-02-23 11:00,12.4,50.5,2.3,0,,,26.9,0,0
713,2019-02-23 12:00,13.4,85,2.9,0,,,25.8,0,0
713,2019-02-23 13:00,14.4,89.6,3,0,,,21.2,0,0
713,2019-02-23 14:00,14.6,100.7,3.9,0,,,16,0,0
713,2019-02-23 15:00,14.7,68.3,2.3,0,,,12.7,0,0
713,2019-02-23 16:00,14.4,94.9,2.5,0,,,13.5,0,0
713,2019-02-23 17:00,13.7,114.8,1.6,0,,,18.8,0,0
713,2019-02-23 18:00,11.6,165.4,1.3,0,,,29.8,0,0
713,2019-02-23 19:00,10.1,267.8,1.2,0,,,41.3,0,0
713,2019-02-23 20:00,7.5,291.6,0.6,0,,,47.9,0,0
713,2019-02-23 21:00,6.3,298.5,0.9,0,,,52.3,0,0
713,2019-02-23 22:00,5.1,276.8,0.5,0,,,55.6,0,0
713,2019-02-23 23:00,4.7,294.6,0.9,0,,,59.8,0,0
713,2019-02-24 0:00,4,283.8,1,0,,,65.8,0,0
713,2019-02-24 1:00,3.3,271.2,1,0,,,72.1,0,0
713,2019-02-24 2:00,3.7,300.5,0.7,0,,,75.6,0,0
713,2019-02-24 3:00,4.5,296.5,0.6,0,,,73.3,0,0
713,2019-02-24 4:00,3.4,302.4,0.9,0,,,78.6,0,0
713,2019-02-24 5:00,2,279.7,0.6,0,,,86,0,0
713,2019-02-24 6:00,2,306.1,0.9,0,,,85.9,0,0
713,2019-02-24 7:00,1.1,295.2,1.1,0,,,89.1,0,0
713,2019-02-24 8:00,2.3,301.5,1.1,0,,,85.9,0,0
713,2019-02-24 9:00,7,271.4,0.8,0,,,71,0,0
713,2019-02-24 10:00,10,136.8,1,0,,,54.1,0,0
713,2019-02-24 11:00,11.9,143.5,1.5,0,,,36.9,0,0
713,2019-02-24 12:00,13.4,153.4,1.6,0,,,39.4,0,0
713,2019-02-24 13:00,15.7,272,2.4,0,,,28.6,0,0
713,2019-02-24 14:00,16.4,254.8,2.3,0,,,22.7,0,0
713,2019-02-24 15:00,17.3,301,2.2,0,,,16.8,0,0
713,2019-02-24 16:00,16.8,296.9,2.2,0,,,21.2,0,0
713,2019-02-24 17:00,15.7,259,1.9,0,,,26,0,0
713,2019-02-24 18:00,12,240.3,1.4,0,,,39.5,0,0
713,2019-02-24 19:00,9.9,199.2,1.5,0,,,42.6,0,0
713,2019-02-24 20:00,8.9,30.2,0.7,0,,,48.4,0,0
713,2019-02-24 21:00,6.7,0,0.4,0,,,60.9,0,0
713,2019-02-24 22:00,8.4,287.3,1.3,0,,,45,0,0
713,2019-02-24 23:00,7.9,339.6,0.9,0,,,47.4,0,0
713,2019-02-25 0:00,6.2,59.7,0.7,0,,,55.6,0,0
713,2019-02-25 1:00,4.8,0,0.3,0,,,67.2,0,0
713,2019-02-25 2:00,4.5,272.2,0.6,0,,,64.9,0,0
713,2019-02-25 3:00,7,281.4,1.9,0,,,51.9,0,0
713,2019-02-25 4:00,6.4,0,0.3,0,,,50.2,0,0
713,2019-02-25 5:00,3.3,0,0.3,0,,,66.3,0,0
713,2019-02-25 6:00,1.7,305.3,0.7,0,,,73.7,0,0
713,2019-02-25 7:00,1.1,310.8,0.6,0,,,69,0,0
713,2019-02-25 8:00,3.1,0,0.3,0,,,63.9,0,0
713,2019-02-25 9:00,6.8,88.3,0.9,0,,,48.3,0,0
713,2019-02-25 10:00,10.9,159.8,1,0,,,36,0,0
713,2019-02-25 11:00,11.9,96.5,1.6,0,,,25.4,0,0
713,2019-02-25 12:00,15.1,108.7,2,0,,,20.4,0,0
713,2019-02-25 13:00,16.8,262.8,2.8,0,,,7.8,0,0
713,2019-02-25 14:00,16.1,272.8,3.8,0,,,8.4,0,0
713,2019-02-25 15:00,16.5,267.1,3.2,0,,,9.3,0,0
713,2019-02-25 16:00,16.6,291.3,3,0,,,7.1,0,0
713,2019-02-25 17:00,15.4,275.2,2.2,0,,,10.1,0,0
713,2019-02-25 18:00,13.1,286.1,1.5,0,,,18.4,0,0
713,2019-02-25 19:00,11.8,299.9,2.2,0,,,21.4,0,0
713,2019-02-25 20:00,9.6,282.1,1.2,0,,,24,0,0
713,2019-02-25 21:00,8.8,346.2,0.7,0,,,28.7,0,0
713,2019-02-25 22:00,7.7,323,1.1,0,,,33.1,0,0
713,2019-02-25 23:00,6.2,0,0.4,0,,,49.6,0,0
713,2019-02-26 0:00,4.8,301.2,0.7,0,,,58.3,0,0
713,2019-02-26 1:00,5.4,319.4,1.1,0,,,56.4,0,0
713,2019-02-26 2:00,3.7,0,0.3,0,,,64.4,0,0
713,2019-02-26 3:00,1.9,87.8,0.6,0,,,71.6,0,0
713,2019-02-26 4:00,1,0,0.4,0,,,75.5,0,0
713,2019-02-26 5:00,0,0,0.2,0,,,79.7,0,0
713,2019-02-26 6:00,-0.3,0,0.3,0,,,86.1,0,0
713,2019-02-26 7:00,-0.9,0,0,0,,,84.9,0,0
713,2019-02-26 8:00,1.5,309.7,0.5,0,,,75.5,0,0
713,2019-02-26 9:00,5.1,0,0.3,0,,,59.2,0,0
713,2019-02-26 10:00,8.5,85.7,0.8,0,,,41.2,0,0
713,2019-02-26 11:00,12.3,141.5,1,0,,,25.2,0,0
713,2019-02-26 12:00,13.3,165,1,0,,,21.8,0,0
713,2019-02-26 13:00,14.2,14.2,1.6,0,,,9,0,0
713,2019-02-26 14:00,16.2,268.8,2.9,0,,,9,0,0
713,2019-02-26 15:00,16.2,175.1,1.1,0,,,1.4,0,0
713,2019-02-26 16:00,16.4,159.3,2.3,0,,,8.8,0,0
713,2019-02-26 17:00,15.1,120.3,1.5,0,,,10.8,0,0
713,2019-02-26 18:00,13.2,107.3,1.3,0,,,13.7,0,0
713,2019-02-26 19:00,11.2,138,1.2,0,,,29.7,0,0
713,2019-02-26 20:00,9.9,2,0.6,0,,,29.2,0,0
713,2019-02-26 21:00,7.8,285.1,1.1,0,,,36.5,0,0
713,2019-02-26 22:00,6.7,305.8,0.8,0,,,48.8,0,0
713,2019-02-26 23:00,7.2,311.6,1.1,0,,,45,0,0
713,2019-02-27 0:00,6.6,298.5,0.7,0,,,47.9,0,0
713,2019-02-27 1:00,6.7,300.5,1.1,0,,,51.4,0,0
713,2019-02-27 2:00,6.5,281.6,0.5,0,,,55.9,0,0
713,2019-02-27 3:00,6.9,328.6,0.5,0,,,52.5,0,0
713,2019-02-27 4:00,7.1,297.3,0.9,0,,,54.2,0,0
713,2019-02-27 5:00,6.7,0,0.3,0,,,66,0,0
713,2019-02-27 6:00,6.1,299.2,0.9,0,,,82.1,0,0
713,2019-02-27 7:00,6.1,298.8,1.3,1,,,88.6,0,0
713,2019-02-27 8:00,6.7,0,0.4,0.5,,,91.3,0,0
713,2019-02-27 9:00,7.4,0,0.3,0,,,90.2,0,0
713,2019-02-27 10:00,8.7,240.2,0.5,0,,,78.6,0,0
713,2019-02-27 11:00,10.1,238,0.8,0,,,67,0,0
713,2019-02-27 12:00,12.4,74.2,1.3,0,,,51.8,0,0
713,2019-02-27 13:00,12.2,83.8,2.1,0,,,47.1,0,0
713,2019-02-27 14:00,13,76.2,1.8,0,,,47.4,0,0
713,2019-02-27 15:00,12.6,118.9,1.5,0,,,44.1,0,0
713,2019-02-27 16:00,12.5,107.3,1,0,,,45.5,0,0
713,2019-02-27 17:00,12.1,44.9,0.8,0.5,,,45.7,0,0
713,2019-02-27 18:00,11.5,73.2,0.9,0,,,49.5,0,0
713,2019-02-27 19:00,10.5,0,0.4,0,,,57.3,0,0
713,2019-02-27 20:00,9.9,298.8,0.9,0,,,62.1,0,0
713,2019-02-27 21:00,9.4,265.2,0.9,0,,,65,0,0
713,2019-02-27 22:00,9,278.8,0.7,0,,,68,0,0
713,2019-02-27 23:00,8.7,303.1,0.7,0,,,73,0,0
713,2019-02-28 0:00,8.2,310.5,0.8,0,,,82.5,0,0
713,2019-02-28 1:00,7.7,0,0.3,0,,,87,0,0
713,2019-02-28 2:00,7.5,0,0.3,0,,,88.1,0,0
713,2019-02-28 3:00,7.3,0,0.3,0,,,89.8,0,0
713,2019-02-28 4:00,7.1,0,0,0,,,90.3,0,0
713,2019-02-28 5:00,7.4,313.1,0.6,0,,,80.4,0,0
713,2019-02-28 6:00,7.2,0,0.3,0,,,75.1,0,0
713,2019-02-28 7:00,5.2,307.5,0.7,0,,,82,0,0
713,2019-02-28 8:00,6.4,0,0.4,0,,,71.5,0,0
713,2019-02-28 9:00,9.1,0,0.4,0,,,61.8,0,0
713,2019-02-28 10:00,10.3,123.3,0.8,0,,,42.6,0,0
713,2019-02-28 11:00,12.9,127.2,1.2,0,,,39.9,0,0
713,2019-02-28 12:00,14.7,157.2,1.4,0,,,39.3,0,0
713,2019-02-28 13:00,14.4,132.3,2.3,0,,,32.8,0,0
713,2019-02-28 14:00,14.6,126,1.6,0,,,28.5,0,0
713,2019-02-28 15:00,15.2,165.3,2.2,0,,,30.7,0,0
713,2019-02-28 16:00,14.7,193.9,2.8,0,,,27.5,0,0
713,2019-02-28 17:00,14.4,269.3,2.2,0,,,23,0,0
713,2019-02-28 18:00,13.4,307.4,1.3,0,,,24.9,0,0
713,2019-02-28 19:00,12.1,301.6,2.1,0,,,28.8,0,0
713,2019-02-28 20:00,11.2,303.9,1.7,0,,,32.9,0,0
713,2019-02-28 21:00,9.5,295.6,1.4,0,,,36.3,0,0
713,2019-02-28 22:00,8.3,348.2,1,0,,,38.2,0,0
713,2019-02-28 23:00,6.2,0,0.2,0,,,45.2,0,0
713,2019-03-01 0:00,5.3,297.1,0.6,0,,,50.1,0,0
713,2019-03-01 1:00,3.2,0,0.2,0,,,59.5,0,0
713,2019-03-01 2:00,2.5,0,0.1,0,,,62.9,0,0
713,2019-03-01 3:00,1.7,0,0.2,0,,,69.2,0,0
713,2019-03-01 4:00,1.2,0,0.1,0,,,77.1,0,0
713,2019-03-01 5:00,0.9,0,0.1,0,,,80.9,0,0
713,2019-03-01 6:00,1.1,0,0.2,0,,,77.5,0,0
713,2019-03-01 7:00,0.3,252.9,0.5,0,,,80.1,0,0
713,2019-03-01 8:00,3.3,0,0.2,0,,,71.4,0,0
713,2019-03-01 9:00,7.5,126.5,0.8,0,,,50.8,0,0
713,2019-03-01 10:00,11.3,134.8,1.1,0,,,34.4,0,0
713,2019-03-01 11:00,12.6,124,1.9,0,,,27.2,0,0
713,2019-03-01 12:00,14,142.6,1.9,0,,,21.4,0,0
713,2019-03-01 13:00,14.6,130.4,2.2,0,,,14.1,0,0
713,2019-03-01 14:00,16.6,176.6,2.4,0,,,10.2,0,0
713,2019-03-01 15:00,16.1,237.1,1.5,0,,,8.7,0,0
713,2019-03-01 16:00,15.4,217.2,2.8,0,,,9.7,0,0
713,2019-03-01 17:00,15.4,304.7,1.9,0,,,9.5,0,0
713,2019-03-01 18:00,13.3,264.1,2,0,,,12.4,0,0
713,2019-03-01 19:00,10.8,335,0.7,0,,,26.5,0,0
713,2019-03-01 20:00,9,0,0.4,0,,,31.2,0,0
713,2019-03-01 21:00,8.5,0,0.4,0,,,31.2,0,0
713,2019-03-01 22:00,7.2,0,0.4,0,,,37.8,0,0
713,2019-03-01 23:00,5.7,0,0.2,0,,,46.1,0,0
713,2019-03-02 0:00,5.6,288.3,1.3,0,,,45.6,0,0
713,2019-03-02 1:00,4.2,297.8,0.7,0,,,56.3,0,0
713,2019-03-02 2:00,2.8,0,0.4,0,,,63.4,0,0
713,2019-03-02 3:00,3.2,307.8,0.8,0,,,62.5,0,0
713,2019-03-02 4:00,2,280.9,0.5,0,,,67.1,0,0
713,2019-03-02 5:00,2.2,316.9,0.8,0,,,65,0,0
713,2019-03-02 6:00,1.8,299,0.8,0,,,65.7,0,0
713,2019-03-02 7:00,2.6,280.9,0.5,0,,,61,0,0
713,2019-03-02 8:00,3.8,294.6,0.6,0,,,58.3,0,0
713,2019-03-02 9:00,7.6,289.2,0.9,0,,,49.6,0,0
713,2019-03-02 10:00,12.4,164.6,0.9,0,,,38.9,0,0
713,2019-03-02 11:00,13.9,84.6,2.5,0,,,29,0,0
713,2019-03-02 12:00,14.8,91.8,3.5,0,,,26.4,0,0
713,2019-03-02 13:00,15.2,91.1,2.4,0,,,21.9,0,0
713,2019-03-02 14:00,14.6,87.2,2.3,0,,,23.5,0,0
713,2019-03-02 15:00,14.9,111.1,2,0,,,22.3,0,0
713,2019-03-02 16:00,15.1,159.3,1.9,0,,,26.5,0,0
713,2019-03-02 17:00,14.4,138.6,1.4,0,,,27.9,0,0
713,2019-03-02 18:00,12.5,160.4,1.5,0,,,39.7,0,0
713,2019-03-02 19:00,11.9,189.8,0.8,0,,,45.7,0,0
713,2019-03-02 20:00,11.1,0,0.1,0,,,49.5,0,0
713,2019-03-02 21:00,11.4,76.1,0.9,0,,,44.9,0,0
713,2019-03-02 22:00,11,41.7,1,0,,,47.6,0,0
713,2019-03-02 23:00,10.5,0,0.3,0,,,46.7,0,0
713,2019-03-03 0:00,9.9,315.8,0.6,0,,,52.1,0,0
713,2019-03-03 1:00,9.4,272.4,1,0,,,54.3,0,0
713,2019-03-03 2:00,9.1,309.3,0.9,0,,,57.1,0,0
713,2019-03-03 3:00,8.7,284.7,1,0,,,59.2,0,0
713,2019-03-03 4:00,8.7,288.6,0.7,0,,,57.4,0,0
713,2019-03-03 5:00,8.4,297.9,0.8,0,,,58.7,0,0
713,2019-03-03 6:00,7.9,0,0.1,0,,,59.9,0,0
713,2019-03-03 7:00,7.7,275.7,0.7,0,,,60,0,0
713,2019-03-03 8:00,8.2,277.1,1,0,,,58.9,0,0
713,2019-03-03 9:00,11.2,272.2,0.9,0,,,44.6,0,0
713,2019-03-03 10:00,12.7,58.8,1.4,0,,,32.2,0,0
713,2019-03-03 11:00,13.7,75.4,1.9,0,,,24.5,0,0
713,2019-03-03 12:00,15.1,11.9,1.3,0,,,16.5,0,0
713,2019-03-03 13:00,15.2,103.9,2.5,0,,,11.4,0,0
713,2019-03-03 14:00,15.1,106.1,1.7,0,,,10.1,0,0
713,2019-03-03 15:00,14.8,115,1.9,0,,,11.7,0,0
713,2019-03-03 16:00,15.1,85.6,1.6,0,,,10.3,0,0
713,2019-03-03 17:00,14.5,93.6,1.3,0,,,11.1,0,0
713,2019-03-03 18:00,13.2,96.1,0.5,0,,,17.1,0,0
713,2019-03-03 19:00,12.3,313.6,1,0,,,24,0,0
713,2019-03-03 20:00,10.9,286.8,0.8,0,,,27.8,0,0
713,2019-03-03 21:00,10.5,299.7,0.9,0,,,30.9,0,0
713,2019-03-03 22:00,10.3,213,1.2,0,,,33.6,0,0
713,2019-03-03 23:00,10,0,0.4,0,,,33.6,0,0
713,2019-03-04 0:00,11.1,0,1.2,0,,,32.9,0,0
713,2019-03-04 1:00,10.7,332.7,1.3,0,,,36.2,0,0
713,2019-03-04 2:00,10.1,303,0.8,0,,,39.4,0,0
713,2019-03-04 3:00,9.5,291.8,0.9,0,,,43.4,0,0
713,2019-03-04 4:00,9.9,304,0.8,0,,,43.2,0,0
713,2019-03-04 5:00,9.9,302.6,0.6,0,,,43.9,0,0
713,2019-03-04 6:00,9.4,0,0.4,0,,,47.3,0,0
713,2019-03-04 7:00,9.1,358.2,0.7,0,,,45.1,0,0
713,2019-03-04 8:00,9.5,0,0.3,0,,,45.1,0,0
713,2019-03-04 9:00,11.9,120,0.5,0,,,37.2,0,0
713,2019-03-04 10:00,13.6,166.1,0.9,0,,,31.2,0,0
713,2019-03-04 11:00,15.9,268.7,1.9,0,,,20.4,0,0
713,2019-03-04 12:00,16,267.5,2.8,0,,,16.5,0,0
713,2019-03-04 13:00,16.5,271,4,0,,,15.5,0,0
713,2019-03-04 14:00,17.5,263.6,3.3,0,,,13.6,0,0
713,2019-03-04 15:00,17.5,312.4,3.2,0,,,9.5,0,0
713,2019-03-04 16:00,17.8,284.1,3.5,0,,,8.2,0,0
713,2019-03-04 17:00,17,282,2.7,0,,,7.9,0,0
713,2019-03-04 18:00,14.9,301.1,1.5,0,,,11.7,0,0
713,2019-03-04 19:00,13.5,296.3,2,0,,,17.1,0,0
713,2019-03-04 20:00,12.1,282.4,1.6,0,,,18.3,0,0
713,2019-03-04 21:00,11.6,275.7,1.4,0,,,23,0,0
713,2019-03-04 22:00,9.8,356.4,0.9,0,,,30.4,0,0
713,2019-03-04 23:00,8.7,340.1,0.6,0,,,33,0,0
713,2019-03-05 0:00,8.4,19.5,0.8,0,,,32.9,0,0
713,2019-03-05 1:00,7.5,319.4,1.5,0,,,35.1,0,0
713,2019-03-05 2:00,5.8,65.2,0.8,0,,,50,0,0
713,2019-03-05 3:00,3.5,46.3,0.5,0,,,59.2,0,0
713,2019-03-05 4:00,2.7,0,0,0,,,66,0,0
713,2019-03-05 5:00,2.7,307.4,0.5,0,,,70.4,0,0
713,2019-03-05 6:00,2.1,286.4,0.5,0,,,75.3,0,0
713,2019-03-05 7:00,2.2,297.3,0.6,0,,,73.3,0,0
713,2019-03-05 8:00,3.8,259.6,0.7,0,,,67.3,0,0
713,2019-03-05 9:00,8.6,0,0.2,0,,,48.6,0,0
713,2019-03-05 10:00,11.8,158.6,0.7,0,,,38.5,0,0
713,2019-03-05 11:00,13.6,160.8,1.2,0,,,28,0,0
713,2019-03-05 12:00,14.1,55.7,1,0,,,25.9,0,0
713,2019-03-05 13:00,15.5,218.6,1.6,0,,,23.1,0,0
713,2019-03-05 14:00,15,218.7,1.4,0,,,23.2,0,0
713,2019-03-05 15:00,15.8,205.4,2,0,,,22.6,0,0
713,2019-03-05 16:00,15.3,181.3,1,0,,,22.4,0,0
713,2019-03-05 17:00,14.8,155.7,1.1,0,,,28.6,0,0
713,2019-03-05 18:00,13.7,212.1,2.9,0,,,31.6,0,0
713,2019-03-05 19:00,12.7,191.9,1.1,0,,,39.3,0,0
713,2019-03-05 20:00,11.9,214.4,0.6,0,,,43,0,0
713,2019-03-05 21:00,10.8,342.7,0.5,0,,,47.1,0,0
713,2019-03-05 22:00,10.9,199,0.5,0,,,45.9,0,0
713,2019-03-05 23:00,10.9,355.6,0.6,0,,,47.3,0,0
713,2019-03-06 0:00,9.7,0,0.3,0,,,52,0,0
713,2019-03-06 1:00,9.3,311.2,0.8,0,,,55.4,0,0
713,2019-03-06 2:00,9.2,0,0.2,0,,,55.6,0,0
713,2019-03-06 3:00,9.4,265.5,1.3,0,,,54.1,0,0
713,2019-03-06 4:00,8.4,320.2,1.7,0,,,68.7,0,0
713,2019-03-06 5:00,9,280.4,0.8,0,,,61.9,0,0
713,2019-03-06 6:00,8.5,0,0.1,0,,,76.2,0,0
713,2019-03-06 7:00,8,0,0,0,,,84.7,0,0
713,2019-03-06 8:00,8,289.4,0.7,0,,,87.8,0,0
713,2019-03-06 9:00,8.3,0,0.3,0.5,,,92,0,0
713,2019-03-06 10:00,8.8,307,0.5,1,,,92.9,0,0
713,2019-03-06 11:00,9.2,0,0.3,0.5,,,85,0,0
713,2019-03-06 12:00,10.4,152.7,0.6,0.5,,,76.1,0,0
713,2019-03-06 13:00,12.5,252.4,0.9,0,,,61,0,0
713,2019-03-06 14:00,13.6,101.5,1.5,0,,,49.8,0,0
713,2019-03-06 15:00,14.8,150.5,1.8,0,,,46.3,0,0
713,2019-03-06 16:00,15.7,178.1,2.5,0,,,45,0,0
713,2019-03-06 17:00,13.8,174.4,1.9,0,,,49.8,0,0
713,2019-03-06 18:00,13.2,196.3,1.2,0,,,52,0,0
713,2019-03-06 19:00,10.9,262,0.9,0,,,61.1,0,0
713,2019-03-06 20:00,11.2,292.2,1.1,0,,,34.2,0,0
713,2019-03-06 21:00,10.3,314.1,2.2,0,,,35.4,0,0
713,2019-03-06 22:00,9.6,275.4,2,0,,,35.9,0,0
713,2019-03-06 23:00,8.6,293.6,1.8,0,,,42.9,0,0
713,2019-03-07 0:00,8.2,322.1,2.2,0,,,46,0,0
713,2019-03-07 1:00,8.1,323,2.8,0,,,52.4,0,0
713,2019-03-07 2:00,6.9,285.1,1.6,0,,,61.2,0,0
713,2019-03-07 3:00,6.7,298.8,1.6,0,,,63.3,0,0
713,2019-03-07 4:00,7.2,287.8,2.4,0,,,54.3,0,0
713,2019-03-07 5:00,6.5,281.9,3,0,,,60.4,0,0
713,2019-03-07 6:00,6.7,287.2,3.4,0,,,56.1,0,0
713,2019-03-07 7:00,6.7,294.5,1.6,0,,,57.6,0,0
713,2019-03-07 8:00,7.5,218.6,0.7,0,,,58.6,0,0
713,2019-03-07 9:00,8.7,307.1,1.7,0,,,52.5,0,0
713,2019-03-07 10:00,10.6,343.2,1.9,0,,,43.6,0,0
713,2019-03-07 11:00,11.2,300,2.5,0,,,41.1,0,0
713,2019-03-07 12:00,12.1,271.1,3.7,0,,,38.5,0,0
713,2019-03-07 13:00,13,289.4,3.3,0,,,33.6,0,0
713,2019-03-07 14:00,14.1,271.5,3.1,0,,,29.4,0,0
713,2019-03-07 15:00,14.8,298,2.7,0,,,23.7,0,0
713,2019-03-07 16:00,14.2,304.2,2.9,0,,,24.6,0,0
713,2019-03-07 17:00,12.9,321.3,3.8,0,,,24,0,0
713,2019-03-07 18:00,11.6,307.7,2.7,0,,,29.2,0,0
713,2019-03-07 19:00,9.9,314.6,1.4,0,,,36.6,0,0
713,2019-03-07 20:00,9.3,291.4,1.8,0,,,40.1,0,0
713,2019-03-07 21:00,8.7,299.7,2,0,,,48.7,0,0
713,2019-03-07 22:00,7.7,312.6,2.3,0,,,52.5,0,0
713,2019-03-07 23:00,6.9,292.2,2,0,,,54.7,0,0
713,2019-03-08 0:00,6.4,277.5,1.4,0,,,55.2,0,0
713,2019-03-08 1:00,5.1,307.5,1.2,0,,,60.3,0,0
713,2019-03-08 2:00,2.9,0,0.4,0,,,69.5,0,0
713,2019-03-08 3:00,2.1,20.7,0.5,0,,,77.3,0,0
713,2019-03-08 4:00,1,298.5,1,0,,,75.4,0,0
713,2019-03-08 5:00,0.1,297.6,0.8,0,,,77.1,0,0
713,2019-03-08 6:00,-0.2,297,0.6,0,,,78,0,0
713,2019-03-08 7:00,-0.6,296.3,0.7,0,,,75.8,0,0
713,2019-03-08 8:00,2.6,0,0.3,0,,,64.2,0,0
713,2019-03-08 9:00,7.1,0,0.4,0,,,47.9,0,0
713,2019-03-08 10:00,10,64.4,0.6,0,,,34.2,0,0
713,2019-03-08 11:00,13.4,118.1,1.6,0,,,27.3,0,0
713,2019-03-08 12:00,13.8,94.8,2.2,0,,,18.4,0,0
713,2019-03-08 13:00,15.5,142.6,2.9,0,,,11.4,0,0
713,2019-03-08 14:00,16.5,203,3,0,,,10.4,0,0
713,2019-03-08 15:00,16.6,215.3,2.3,0,,,8.3,0,0
713,2019-03-08 16:00,15.6,218.2,3.2,0,,,7.2,0,0
713,2019-03-08 17:00,14.5,220.1,3.2,0,,,16.9,0,0
713,2019-03-08 18:00,12.6,168.8,2.9,0,,,18,0,0
713,2019-03-08 19:00,9.7,0,0.4,0,,,23.7,0,0
713,2019-03-08 20:00,7.7,270.5,0.6,0,,,44,0,0
713,2019-03-08 21:00,6.3,294.9,1.1,0,,,43.7,0,0
713,2019-03-08 22:00,5.4,303.8,1.1,0,,,48,0,0
713,2019-03-08 23:00,4.1,304.7,0.8,0,,,54,0,0
713,2019-03-09 0:00,3.3,313.2,0.7,0,,,59.3,0,0
713,2019-03-09 1:00,2.2,310.9,0.9,0,,,60,0,0
713,2019-03-09 2:00,2,300.7,0.8,0,,,63.4,0,0
713,2019-03-09 3:00,0.9,292,0.5,0,,,68.2,0,0
713,2019-03-09 4:00,0.8,304.6,1.1,0,,,68.4,0,0
713,2019-03-09 5:00,0.4,304.3,0.6,0,,,73.4,0,0
713,2019-03-09 6:00,0.4,297.6,0.7,0,,,71.8,0,0
713,2019-03-09 7:00,0.3,311.4,1.1,0,,,71,0,0
713,2019-03-09 8:00,3.7,289.7,0.5,0,,,59.7,0,0
713,2019-03-09 9:00,7.3,0,0.3,0,,,40.7,0,0
713,2019-03-09 10:00,11,137.1,1,0,,,33.9,0,0
713,2019-03-09 11:00,12.8,82.5,1.1,0,,,26.6,0,0
713,2019-03-09 12:00,13.3,74.8,0.9,0,,,32.5,0,0
713,2019-03-09 13:00,15.6,108.6,1.9,0,,,30.2,0,0
713,2019-03-09 14:00,16,165.2,2.1,0,,,28,0,0
713,2019-03-09 15:00,16.2,139.4,1.4,0,,,32.7,0,0
713,2019-03-09 16:00,14.8,207.5,3,0,,,38.8,0,0
713,2019-03-09 17:00,14.1,199.5,1.5,0,,,44.9,0,0
713,2019-03-09 18:00,13.4,217.4,1.4,0,,,45.1,0,0
713,2019-03-09 19:00,12.5,0,0.4,0,,,48.6,0,0
713,2019-03-09 20:00,12.1,0,0.4,0,,,54.2,0,0
713,2019-03-09 21:00,11.5,308.9,0.6,0,,,58.5,0,0
713,2019-03-09 22:00,11.1,301.7,0.7,0,,,63.7,0,0
713,2019-03-09 23:00,10.8,325.4,0.5,0,,,60.7,0,0
713,2019-03-10 0:00,9.8,304.5,0.8,0,,,80,0,0
713,2019-03-10 1:00,9.2,302.3,0.8,0,,,87.5,0,0
713,2019-03-10 2:00,8.8,201.5,0.7,1,,,92.2,0,0
713,2019-03-10 3:00,9.5,30.4,0.9,0.5,,,87.2,0,0
713,2019-03-10 4:00,10.1,57,1.9,0.5,,,80.4,0,0
713,2019-03-10 5:00,9.6,2.2,2.4,0.5,,,80.9,0,0
713,2019-03-10 6:00,8.9,349.6,2.5,3,,,81.7,0,0
713,2019-03-10 7:00,8.6,357.6,2.7,2.5,,,78.6,0,0
713,2019-03-10 8:00,8.5,0.7,1.9,0,,,77.2,0,0
713,2019-03-10 9:00,8.4,11.2,1.4,1,,,79.6,0,0
713,2019-03-10 10:00,8.8,359.5,1.4,0.5,,,78,0,0
713,2019-03-10 11:00,9.5,355,1,0.5,,,80,0,0
713,2019-03-10 12:00,9.9,153.5,0.9,0.5,,,86.6,0,0
713,2019-03-10 13:00,9.7,206.9,0.6,1.5,,,84.7,0,0
713,2019-03-10 14:00,10.7,214.3,1.3,0.5,,,84.4,0,0
713,2019-03-10 15:00,10.4,124.2,1,0,,,86.1,0,0
713,2019-03-10 16:00,10,52,1.1,1,,,80,0,0
713,2019-03-10 17:00,10,341.9,0.8,0,,,78,0,0
713,2019-03-10 18:00,9.7,138.9,0.5,0,,,85,0,0
713,2019-03-10 19:00,9.3,96.8,0.6,0,,,89.8,0,0
713,2019-03-10 20:00,8.9,309,0.6,0,,,84.2,0,0
713,2019-03-10 21:00,8.4,285.7,0.9,0,,,82.4,0,0
713,2019-03-10 22:00,7.3,357.4,0.7,0,,,88.7,0,0
713,2019-03-10 23:00,6.1,283.1,0.7,0,,,91.3,0,0
713,2019-03-11 0:00,4.8,288.1,0.6,0,,,91,0,0
713,2019-03-11 1:00,5.1,343.3,1.2,0,,,90.8,0,0
713,2019-03-11 2:00,3.9,310.9,0.5,0,,,89.6,0,0
713,2019-03-11 3:00,4.4,64.9,0.7,0,,,88.6,0,0
713,2019-03-11 4:00,3.2,64.9,0.9,0,,,89.7,0,0
713,2019-03-11 5:00,2.6,83.4,0.7,0,,,92.8,0,0
713,2019-03-11 6:00,2,0,0.4,0,,,93.1,0,0
713,2019-03-11 7:00,1.7,0,0.1,0,,,93.7,0,0
713,2019-03-11 8:00,4.4,195.7,0.6,0,,,92.6,0,0
713,2019-03-11 9:00,6.8,42.5,0.9,0,,,76.1,0,0
713,2019-03-11 10:00,11.1,270.6,1.3,0,,,44,0,0
713,2019-03-11 11:00,12.3,262.2,3.6,0,,,38.6,0,0
713,2019-03-11 12:00,12.6,266.2,3.9,0,,,36.6,0,0
713,2019-03-11 13:00,13,278.1,2.7,0,,,37.7,0,0
713,2019-03-11 14:00,14.2,269,3.2,0,,,36.7,0,0
713,2019-03-11 15:00,12.5,273.8,3.5,0,,,40.3,0,0
713,2019-03-11 16:00,12.1,271.3,3.1,0,,,41.6,0,0
713,2019-03-11 17:00,8,270.4,4.1,1,,,70.3,0,0
713,2019-03-11 18:00,7.6,217.2,1,0,,,75.9,0,0
713,2019-03-11 19:00,8.2,242.8,1.9,0,,,67.3,0,0
713,2019-03-11 20:00,6.4,217.8,1.2,0.5,,,77.9,0,0
713,2019-03-11 21:00,6.1,299,0.9,0,,,77.3,0,0
713,2019-03-11 22:00,5.2,276.9,1,0,,,82.3,0,0
713,2019-03-11 23:00,6.4,300.5,1,0,,,75.9,0,0
713,2019-03-12 0:00,6.9,232.9,2,0,,,69.2,0,0
713,2019-03-12 1:00,6.9,221.2,0.8,0,,,68.1,0,0
713,2019-03-12 2:00,7.5,261.9,2.5,0,,,65,0,0
713,2019-03-12 3:00,7.3,260.3,1.7,0,,,66.1,0,0
713,2019-03-12 4:00,7.5,266,2.9,0,,,61.6,0,0
713,2019-03-12 5:00,6.1,270.4,1,0,,,64.6,0,0
713,2019-03-12 6:00,5.5,272.3,1.4,0,,,60.3,0,0
713,2019-03-12 7:00,4.2,261.1,1.1,0,,,68.2,0,0
713,2019-03-12 8:00,6.7,282.2,0.8,0,,,57.8,0,0
713,2019-03-12 9:00,8.1,268.4,2.1,0,,,52.6,0,0
713,2019-03-12 10:00,9.6,272.4,1.7,0,,,46,0,0
713,2019-03-12 11:00,11.7,181.7,1.7,0,,,39.2,0,0
713,2019-03-12 12:00,12.8,75.5,1.5,0,,,38.4,0,0
713,2019-03-12 13:00,13.7,242.3,4.9,0,,,25.7,0,0
713,2019-03-12 14:00,14.9,255.8,3.2,0,,,24.1,0,0
713,2019-03-12 15:00,13.6,253.7,3.2,0,,,29.1,0,0
713,2019-03-12 16:00,13.9,255.9,3.3,0,,,26.6,0,0
713,2019-03-12 17:00,13.4,278.8,3.3,0,,,35.1,0,0
713,2019-03-12 18:00,11.2,263.8,3.5,0,,,41.7,0,0
713,2019-03-12 19:00,7.9,305.8,4.6,0,,,39.3,0,0
713,2019-03-12 20:00,5.4,285.6,3,0,,,66,0,0
713,2019-03-12 21:00,4.4,266.5,3.1,0,,,62.6,0,0
713,2019-03-12 22:00,3.8,296,3.1,0,,,43.3,0,0
713,2019-03-12 23:00,2.6,294.4,2.6,0,,,52.2,0,0
713,2019-03-13 0:00,2.2,289.7,2.4,0,,,52.3,0,0
713,2019-03-13 1:00,2,269,2,0,,,51.6,0,0
713,2019-03-13 2:00,2.3,283.6,2.3,0,,,50.8,0,0
713,2019-03-13 3:00,2,293.3,2,0,,,50.5,0,0
713,2019-03-13 4:00,1.8,285.8,1.5,0,,,49,0,0
713,2019-03-13 5:00,1.5,286.8,1.5,0,,,49.5,0,0
713,2019-03-13 6:00,0.6,35.1,0.7,0,,,56.2,0,0
713,2019-03-13 7:00,0,63.5,0.6,0,,,63.8,0,0
713,2019-03-13 8:00,3.7,251.7,1.5,0,,,46,0,0
713,2019-03-13 9:00,5.8,232,1.9,0,,,42.2,0,0
713,2019-03-13 10:00,8,266.3,2.4,0,,,38.6,0,0
713,2019-03-13 11:00,9.4,249.2,3.2,0,,,32.5,0,0
713,2019-03-13 12:00,9.6,265.1,4.7,0,,,28.9,0,0
713,2019-03-13 13:00,11.2,289.7,4,0,,,23,0,0
713,2019-03-13 14:00,11.4,276.5,5.4,0,,,19.9,0,0
713,2019-03-13 15:00,12.1,278.2,4,0,,,16.5,0,0
713,2019-03-13 16:00,11,303.7,4.1,0,,,10.8,0,0
713,2019-03-13 17:00,10.3,290.2,4.4,0,,,11.6,0,0
713,2019-03-13 18:00,8.6,290.1,4,0,,,13.8,0,0
713,2019-03-13 19:00,7.3,270.5,3.3,0,,,14.7,0,0
713,2019-03-13 20:00,6.6,266.4,3.1,0,,,12,0,0
713,2019-03-13 21:00,5,285.4,0.9,0,,,19.1,0,0
713,2019-03-13 22:00,4.4,238.7,1.1,0,,,20.5,0,0
713,2019-03-13 23:00,4.5,235.6,1.7,0,,,26.1,0,0
713,2019-03-14 0:00,2,0,0.4,0,,,33.5,0,0
713,2019-03-14 1:00,0.7,323.6,0.5,0,,,44.1,0,0
713,2019-03-14 2:00,0.2,310.1,0.6,0,,,53.1,0,0
713,2019-03-14 3:00,-0.6,327.1,0.6,0,,,56.8,0,0
713,2019-03-14 4:00,-1,284.1,0.5,0,,,61.9,0,0
713,2019-03-14 5:00,-0.7,317.1,0.8,0,,,61,0,0
713,2019-03-14 6:00,-1.5,325.2,0.5,0,,,69.8,0,0
713,2019-03-14 7:00,-1.6,0,0.2,0,,,72.4,0,0
713,2019-03-14 8:00,2,0,0.4,0,,,58.5,0,0
713,2019-03-14 9:00,4.7,119.7,1,0,,,45.8,0,0
713,2019-03-14 10:00,8.8,110.6,1.2,0,,,34.4,0,0
713,2019-03-14 11:00,10.5,259.7,2.5,0,,,18.1,0,0
713,2019-03-14 12:00,12.1,190.6,2.5,0,,,19.5,0,0
713,2019-03-14 13:00,12.8,217,3.1,0,,,23.1,0,0
713,2019-03-14 14:00,13.2,226.5,2.6,0,,,21.9,0,0
713,2019-03-14 15:00,14,208,2.9,0,,,22,0,0
713,2019-03-14 16:00,14.4,191.9,2.4,0,,,19.4,0,0
713,2019-03-14 17:00,13.9,228.6,1.5,0,,,19.9,0,0
713,2019-03-14 18:00,11.7,202.5,2.1,0,,,28.4,0,0
713,2019-03-14 19:00,10.5,177.8,1.3,0,,,29.9,0,0
713,2019-03-14 20:00,9.1,212.3,1.8,0,,,37.8,0,0
713,2019-03-14 21:00,5.6,297.3,0.9,0,,,47.8,0,0
713,2019-03-14 22:00,4.8,307.2,0.9,0,,,52.1,0,0
713,2019-03-14 23:00,3.2,0,0.2,0,,,57.1,0,0
713,2019-03-15 0:00,2.3,0,0.2,0,,,65.2,0,0
713,2019-03-15 1:00,2.1,325.3,0.7,0,,,67.6,0,0
713,2019-03-15 2:00,1.7,290.9,0.6,0,,,70.1,0,0
713,2019-03-15 3:00,0.8,0,0.3,0,,,72.8,0,0
713,2019-03-15 4:00,0.5,0,0.4,0,,,77,0,0
713,2019-03-15 5:00,1,0,0.2,0,,,75.1,0,0
713,2019-03-15 6:00,1.4,295.2,1,0,,,75.5,0,0
713,2019-03-15 7:00,3,0,0.4,0,,,71.6,0,0
713,2019-03-15 8:00,4.6,255.9,0.5,0,,,69.1,0,0
713,2019-03-15 9:00,7.3,0,0.4,0,,,58.4,0,0
713,2019-03-15 10:00,11.1,166.7,1.1,0,,,52,0,0
713,2019-03-15 11:00,13.1,153.8,1.7,0,,,46.9,0,0
713,2019-03-15 12:00,14.2,281.4,2,0,,,34.8,0,0
713,2019-03-15 13:00,13.8,204.9,2.8,0,,,39.2,0,0
713,2019-03-15 14:00,13.8,218.4,1.2,0,,,28.6,0,0
713,2019-03-15 15:00,7.7,295.3,3.2,0,,,60.4,0,0
713,2019-03-15 16:00,9.4,43.3,1.1,0.5,,,54.6,0,0
713,2019-03-15 17:00,10.3,117,1.5,0,,,51.8,0,0
713,2019-03-15 18:00,10.7,252.9,3.2,0,,,39.2,0,0
713,2019-03-15 19:00,9,268.9,5.4,0,,,36.9,0,0
713,2019-03-15 20:00,6.4,262,4,0,,,29.7,0,0
713,2019-03-15 21:00,3.7,242.5,1.8,0,,,62.4,0,0
713,2019-03-15 22:00,4.1,277.1,2.8,0,,,47.7,0,0
713,2019-03-15 23:00,4.4,262.6,2.3,0,,,46.1,0,0
713,2019-03-16 0:00,3.9,265.5,2.8,0,,,55.1,0,0
713,2019-03-16 1:00,4.2,282.7,3.3,0,,,59.5,0,0
713,2019-03-16 2:00,4.3,275.5,2.8,0,,,59.8,0,0
713,2019-03-16 3:00,4.9,279.9,2.4,0,,,59.5,0,0
713,2019-03-16 4:00,4.5,276.4,1.3,0,,,58.4,0,0
713,2019-03-16 5:00,5.1,324.2,2.3,0,,,54,0,0
713,2019-03-16 6:00,4.2,305,1.4,0,,,57,0,0
713,2019-03-16 7:00,4.6,278.8,1.6,0,,,58.8,0,0
713,2019-03-16 8:00,6.6,288.2,1.9,0,,,52.3,0,0
713,2019-03-16 9:00,7.6,279.1,1.9,0,,,50.6,0,0
713,2019-03-16 10:00,9.6,267.6,1.7,0,,,40.7,0,0
713,2019-03-16 11:00,10.3,311.1,1.7,0,,,36.9,0,0
713,2019-03-16 12:00,12.3,259.3,1.8,0,,,29,0,0
713,2019-03-16 13:00,12.5,230.1,2.3,0,,,34,0,0
713,2019-03-16 14:00,13,216.5,3.5,0,,,35.1,0,0
713,2019-03-16 15:00,14,189.2,2.5,0,,,33,0,0
713,2019-03-16 16:00,13.7,207.4,3.1,0,,,32.2,0,0
713,2019-03-16 17:00,12.5,191.1,3.9,0,,,38.5,0,0
713,2019-03-16 18:00,10.8,185,1.9,0,,,45,0,0
713,2019-03-16 19:00,10.1,201.5,3,0,,,46.1,0,0
713,2019-03-16 20:00,8.9,217.3,1.9,0,,,54,0,0
713,2019-03-16 21:00,7.8,230.6,1.8,0,,,62.3,0,0
713,2019-03-16 22:00,8.2,257.1,1.9,0,,,47.8,0,0
713,2019-03-16 23:00,7.2,94.5,0.7,0,,,49,0,0
713,2019-03-17 0:00,4.9,303.3,0.7,0,,,58.4,0,0
713,2019-03-17 1:00,4.3,269.8,0.6,0,,,60.8,0,0
713,2019-03-17 2:00,4.2,73.2,0.6,0,,,67.3,0,0
713,2019-03-17 3:00,6.5,285.5,1.2,0,,,64.4,0,0
713,2019-03-17 4:00,5.8,317.1,0.8,0,,,70.3,0,0
713,2019-03-17 5:00,4.3,314.6,0.5,0,,,77.4,0,0
713,2019-03-17 6:00,4.2,311.2,1,0,,,75.4,0,0
713,2019-03-17 7:00,5.9,310.7,1.5,0,,,62.5,0,0
713,2019-03-17 8:00,7.9,269.6,2.1,0,,,56.1,0,0
713,2019-03-17 9:00,10.3,280.7,2,0,,,49.6,0,0
713,2019-03-17 10:00,11.3,264.5,2.4,0,,,35.7,0,0
713,2019-03-17 11:00,13.1,286.9,2.7,0,,,24.3,0,0
713,2019-03-17 12:00,13.7,332.3,3.5,0,,,21.2,0,0
713,2019-03-17 13:00,14.7,306.6,3,0,,,19.6,0,0
713,2019-03-17 14:00,15.4,325.9,3.1,0,,,13.7,0,0
713,2019-03-17 15:00,15.8,306.5,3.1,0,,,12.9,0,0
713,2019-03-17 16:00,15.5,271.2,3.4,0,,,13.5,0,0
713,2019-03-17 17:00,14.9,274.4,2.9,0,,,14.7,0,0
713,2019-03-17 18:00,13,271,2.9,0,,,20.7,0,0
713,2019-03-17 19:00,11,274,1.3,0,,,26.6,0,0
713,2019-03-17 20:00,9.7,294.8,1,0,,,29,0,0
713,2019-03-17 21:00,8.7,282.9,0.9,0,,,32.7,0,0
713,2019-03-17 22:00,5.8,290.8,0.5,0,,,43.5,0,0
713,2019-03-17 23:00,4.5,0,0.2,0,,,53,0,0
713,2019-03-18 0:00,4.1,301,0.7,0,,,60.3,0,0
713,2019-03-18 1:00,3.4,297.7,0.8,0,,,63.5,0,0
713,2019-03-18 2:00,2.6,296.1,0.5,0,,,69.6,0,0
713,2019-03-18 3:00,2.5,317,0.9,0,,,66.4,0,0
713,2019-03-18 4:00,1.9,298.3,0.8,0,,,71.7,0,0
713,2019-03-18 5:00,1.9,291.1,0.8,0,,,72.8,0,0
713,2019-03-18 6:00,1.7,291.6,0.6,0,,,77.2,0,0
713,2019-03-18 7:00,1.4,0,0.3,0,,,76.7,0,0
713,2019-03-18 8:00,4.8,282.9,0.5,0,,,67.5,0,0
713,2019-03-18 9:00,7.4,0,0.4,0,,,53.5,0,0
713,2019-03-18 10:00,11.4,33.2,0.6,0,,,45.1,0,0
713,2019-03-18 11:00,13.9,173.6,1.3,0,,,29.2,0,0
713,2019-03-18 12:00,15.5,176.6,2.8,0,,,32.7,0,0
713,2019-03-18 13:00,14.1,194.3,3.3,0,,,35.5,0,0
713,2019-03-18 14:00,15,216.5,3.1,0,,,30.9,0,0
713,2019-03-18 15:00,14.6,204.4,2.3,0,,,32.2,0,0
713,2019-03-18 16:00,14.9,197.8,2.5,0,,,28.4,0,0
713,2019-03-18 17:00,14.2,213.2,2.3,0,,,32.5,0,0
713,2019-03-18 18:00,13.2,209.8,2.8,0,,,43.4,0,0
713,2019-03-18 19:00,12.1,201.3,1.1,0,,,52.4,0,0
713,2019-03-18 20:00,11.4,278.7,0.5,0,,,56,0,0
713,2019-03-18 21:00,10.2,284.7,0.6,0,,,60.5,0,0
713,2019-03-18 22:00,9.6,285.6,0.5,0,,,64.5,0,0
713,2019-03-18 23:00,8.8,294,0.6,0,,,68.4,0,0
713,2019-03-19 0:00,8.2,292.7,0.7,0,,,73.3,0,0
713,2019-03-19 1:00,7.2,0,0.4,0,,,77.8,0,0
713,2019-03-19 2:00,6.3,328.8,0.6,0,,,82.8,0,0
713,2019-03-19 3:00,4.6,303.4,0.6,0,,,88.9,0,0
713,2019-03-19 4:00,3.9,317.9,0.7,0,,,90,0,0
713,2019-03-19 5:00,3,307.7,0.6,0,,,91.2,0,0
713,2019-03-19 6:00,2.5,0,0.3,0,,,92.6,0,0
713,2019-03-19 7:00,2.1,0,0.4,0,,,93.2,0,0
713,2019-03-19 8:00,6.8,0,0.2,0,,,73.1,0,0
713,2019-03-19 9:00,10,83.4,1,0,,,51.4,0,0
713,2019-03-19 10:00,14.1,106.8,1.1,0,,,25.3,0,0
713,2019-03-19 11:00,18.7,273.7,2.3,0,,,15.9,0,0
713,2019-03-19 12:00,20.4,294.4,2.7,0,,,16.1,0,0
713,2019-03-19 13:00,20.8,289.9,3.1,0,,,17.7,0,0
713,2019-03-19 14:00,21.2,290.9,3,0,,,21.1,0,0
713,2019-03-19 15:00,21,287.9,3.2,0,,,20.1,0,0
713,2019-03-19 16:00,21.5,297.5,2,0,,,18.8,0,0
713,2019-03-19 17:00,21,289.5,2.6,0,,,20.7,0,0
713,2019-03-19 18:00,19.2,276.4,2.5,0,,,29,0,0
713,2019-03-19 19:00,17.2,304.3,1.4,0,,,35,0,0
713,2019-03-19 20:00,15.8,304,1,0,,,39.9,0,0
713,2019-03-19 21:00,14.1,1.4,0.5,0,,,46.5,0,0
713,2019-03-19 22:00,12.5,0,0.3,0,,,53.6,0,0
713,2019-03-19 23:00,11.5,0,0.3,0,,,58.3,0,0
713,2019-03-20 0:00,10,313,0.5,0,,,64.2,0,0
713,2019-03-20 1:00,9.4,296.4,1.1,0,,,68.2,0,0
713,2019-03-20 2:00,9.5,293.2,0.7,0,,,66.9,0,0
713,2019-03-20 3:00,8.5,293.6,0.8,0,,,72.2,0,0
713,2019-03-20 4:00,7.9,0,0.4,0,,,74.3,0,0
713,2019-03-20 5:00,7.5,0,0.4,0,,,76.2,0,0
713,2019-03-20 6:00,7.3,317.3,0.7,0,,,78,0,0
713,2019-03-20 7:00,7.1,0,0.4,0,,,80.7,0,0
713,2019-03-20 8:00,9.5,289.3,0.6,0,,,70.2,0,0
713,2019-03-20 9:00,11.2,275.8,0.5,0,,,64.1,0,0
713,2019-03-20 10:00,13.8,0,0.4,0,,,54.8,0,0
713,2019-03-20 11:00,15.3,83.2,1.2,0,,,52.4,0,0
713,2019-03-20 12:00,17.7,133,1.9,0,,,45.3,0,0
713,2019-03-20 13:00,16.9,148,2.2,0,,,50.1,0,0
713,2019-03-20 14:00,17.8,162.9,1.6,0,,,47.7,0,0
713,2019-03-20 15:00,14.9,141.6,1.6,0,,,64.6,0,0
713,2019-03-20 16:00,14.5,130.6,2.7,0,,,64.3,0,0
713,2019-03-20 17:00,12.3,59.5,0.9,2,,,96.6,0,0
713,2019-03-20 18:00,13,92.9,2.4,0.5,,,93.7,0,0
713,2019-03-20 19:00,12.5,88.7,1.4,2.5,,,99.3,0,0
713,2019-03-20 20:00,12.6,45.9,0.5,3,,,99.9,0,0
713,2019-03-20 21:00,13,0,0.3,4.5,,,99.9,0,0
713,2019-03-20 22:00,13.6,0,0.1,6,,,99.9,0,0
713,2019-03-20 23:00,13.8,281,0.6,4,,,99.9,0,0
713,2019-03-21 0:00,14.4,111.4,0.5,1,,,99.9,0,0
713,2019-03-21 1:00,15.6,167.4,1.2,0,,,99.9,0,0
713,2019-03-21 2:00,15.7,180.6,1.4,0.5,,,99.9,0,0
713,2019-03-21 3:00,15.5,209.6,1.5,0,,,99.9,0,0
713,2019-03-21 4:00,15.4,217.8,2.5,0,,,99.9,0,0
713,2019-03-21 5:00,15.2,262.9,4.7,0,,,87.4,0,0
713,2019-03-21 6:00,14.3,273.8,2.5,0,,,84.2,0,0
713,2019-03-21 7:00,12.8,270.3,4.2,0,,,79.4,0,0
713,2019-03-21 8:00,13.6,271.8,2.5,0,,,77.1,0,0
713,2019-03-21 9:00,13.4,271.9,3.9,0,,,75.4,0,0
713,2019-03-21 10:00,14.4,267.5,4,0,,,73.2,0,0
713,2019-03-21 11:00,14.7,277.6,2.6,0,,,65.8,0,0
713,2019-03-21 12:00,14.9,274.6,3.4,0,,,63.2,0,0
713,2019-03-21 13:00,14.6,281.2,3.8,0,,,66.3,0,0
713,2019-03-21 14:00,14.3,274.4,4.2,0,,,62.7,0,0
713,2019-03-21 15:00,13.3,284.1,3.6,0,,,61.1,0,0
713,2019-03-21 16:00,12.6,293.4,2.5,0,,,63.3,0,0
713,2019-03-21 17:00,11.3,315,3,0,,,63.5,0,0
713,2019-03-21 18:00,10.5,285.8,2,0,,,60.5,0,0
713,2019-03-21 19:00,9.2,303.8,4,0,,,50.6,0,0
713,2019-03-21 20:00,7.5,271.8,3.2,0,,,60.1,0,0
713,2019-03-21 21:00,7.1,272.9,3.6,0,,,56.5,0,0
713,2019-03-21 22:00,6.7,262.6,3.2,0,,,56.9,0,0
713,2019-03-21 23:00,6.2,271.4,4.1,0,,,60.5,0,0
713,2019-03-22 0:00,5.6,298.5,3.1,0,,,64.2,0,0
713,2019-03-22 1:00,5.3,294.6,2.9,0,,,64.5,0,0
713,2019-03-22 2:00,5.2,299,3.4,0,,,65.3,0,0
713,2019-03-22 3:00,5,310.1,2.8,0,,,65,0,0
713,2019-03-22 4:00,4.8,283.1,1.7,0,,,63.5,0,0
713,2019-03-22 5:00,4.2,324.8,0.7,0,,,65.6,0,0
713,2019-03-22 6:00,4.5,298.4,1.7,0,,,65.1,0,0
713,2019-03-22 7:00,4.3,258.5,1,0,,,64.5,0,0
713,2019-03-22 8:00,6.2,285.9,1.3,0,,,59.4,0,0
713,2019-03-22 9:00,7.8,266.9,2.5,0,,,52.2,0,0
713,2019-03-22 10:00,9,271.9,3.2,0,,,46.6,0,0
713,2019-03-22 11:00,10.8,299.9,2.4,0,,,37.8,0,0
713,2019-03-22 12:00,12.1,277.5,3,0,,,34.6,0,0
713,2019-03-22 13:00,13.2,286.3,3.3,0,,,29,0,0
713,2019-03-22 14:00,13.4,268,4.1,0,,,30,0,0
713,2019-03-22 15:00,13.6,270,4.1,0,,,30,0,0
713,2019-03-22 16:00,13.7,269.7,3.6,0,,,29.8,0,0
713,2019-03-22 17:00,12.2,320.2,4.1,0,,,33.9,0,0
713,2019-03-22 18:00,10.4,304.1,3.3,0,,,42.8,0,0
713,2019-03-22 19:00,8.5,300.6,3,0,,,49.5,0,0
713,2019-03-22 20:00,7.2,326.1,2.1,0,,,52.3,0,0
713,2019-03-22 21:00,6.5,292.4,1.4,0,,,51.6,0,0
713,2019-03-22 22:00,5.9,279.1,2.2,0,,,48,0,0
713,2019-03-22 23:00,5.5,288.3,2.1,0,,,46.7,0,0
713,2019-03-23 0:00,5.3,278.6,2.5,0,,,42.2,0,0
713,2019-03-23 1:00,5,299,1.6,0,,,40,0,0
713,2019-03-23 2:00,5.3,318,1.3,0,,,33.5,0,0
713,2019-03-23 3:00,5.1,288.4,2.3,0,,,33.9,0,0
713,2019-03-23 4:00,4.7,290.7,1.9,0,,,36.2,0,0
713,2019-03-23 5:00,4.4,279,1.5,0,,,38,0,0
713,2019-03-23 6:00,4.2,308.9,1.2,0,,,40.2,0,0
713,2019-03-23 7:00,3.6,280,1.1,0,,,43.5,0,0
713,2019-03-23 8:00,5.7,302.2,0.9,0,,,39.8,0,0
713,2019-03-23 9:00,7.8,291.3,1.8,0,,,31.3,0,0
713,2019-03-23 10:00,9.6,298.1,3.4,0,,,27.8,0,0
713,2019-03-23 11:00,10.2,266.4,4.2,0,,,27.5,0,0
713,2019-03-23 12:00,11.7,289.2,3.7,0,,,25.7,0,0
713,2019-03-23 13:00,12.9,278.8,3.3,0,,,24.9,0,0
713,2019-03-23 14:00,12.4,262.8,4.3,0,,,26.2,0,0
713,2019-03-23 15:00,8.2,261.8,5,0,,,62.5,0,0
713,2019-03-23 16:00,6.1,265.4,3.3,1.5,,,85.7,0,0
713,2019-03-23 17:00,7.7,328.6,2.7,0,,,68.4,0,0
713,2019-03-23 18:00,7.7,260.2,1.6,0,,,46.5,0,0
713,2019-03-23 19:00,6.2,290.7,1.3,0,,,40.5,0,0
713,2019-03-23 20:00,5.5,284.8,2.6,0,,,37.2,0,0
713,2019-03-23 21:00,4.7,287.8,2.9,0,,,39.4,0,0
713,2019-03-23 22:00,3.5,309.1,1.6,0,,,44,0,0
713,2019-03-23 23:00,3.6,306.5,2.9,0,,,48,0,0
713,2019-03-24 0:00,2.9,308.9,1.7,0,,,55.3,0,0
713,2019-03-24 1:00,2.8,314.9,1.7,0,,,53.4,0,0
713,2019-03-24 2:00,2.4,281.2,3.1,0,,,55.2,0,0
713,2019-03-24 3:00,2.7,329.9,2.5,0,,,51.4,0,0
713,2019-03-24 4:00,0.4,0,0.4,0,,,62.3,0,0
713,2019-03-24 5:00,-0.5,0,0.4,0,,,72.7,0,0
713,2019-03-24 6:00,-1.8,0,0,0,,,77.1,0,0
713,2019-03-24 7:00,-1.3,242.9,0.5,0,,,74.7,0,0
713,2019-03-24 8:00,2.8,0,0.3,0,,,57,0,0
713,2019-03-24 9:00,5.8,135.5,0.8,0,,,44.7,0,0
713,2019-03-24 10:00,6.6,49.2,1.2,0,,,35.8,0,0
713,2019-03-24 11:00,9.5,276,1.6,0,,,28.7,0,0
713,2019-03-24 12:00,11.2,268.6,2.8,0,,,25.3,0,0
713,2019-03-24 13:00,12.5,236.4,2.6,0,,,25.1,0,0
713,2019-03-24 14:00,13.3,247.2,3.3,0,,,24,0,0
713,2019-03-24 15:00,14.8,266,2.7,0,,,24.4,0,0
713,2019-03-24 16:00,14.4,262.7,2.3,0,,,24.1,0,0
713,2019-03-24 17:00,13.6,266.4,3.2,0,,,23.9,0,0
713,2019-03-24 18:00,12.2,255.7,2.7,0,,,22.6,0,0
713,2019-03-24 19:00,10.3,260.7,3.4,0,,,32.5,0,0
713,2019-03-24 20:00,8.4,256.6,3.1,0,,,39.6,0,0
713,2019-03-24 21:00,6.7,268.1,2.2,0,,,43.3,0,0
713,2019-03-24 22:00,5.4,284,1.6,0,,,46.9,0,0
713,2019-03-24 23:00,4.4,283.3,1.5,0,,,48.1,0,0
713,2019-03-25 0:00,4.7,275.5,2.4,0,,,47.1,0,0
713,2019-03-25 1:00,4,272.5,2.3,0,,,48.9,0,0
713,2019-03-25 2:00,3.1,71.7,1.2,0,,,56,0,0
713,2019-03-25 3:00,1.9,57.3,0.5,0,,,60.2,0,0
713,2019-03-25 4:00,0.8,0,0.1,0,,,67.2,0,0
713,2019-03-25 5:00,1,312.7,0.6,0,,,67.9,0,0
713,2019-03-25 6:00,0.5,302.4,0.5,0,,,71.5,0,0
713,2019-03-25 7:00,0.9,330.3,0.6,0,,,71.5,0,0
713,2019-03-25 8:00,3.2,304.3,0.7,0,,,64.1,0,0
713,2019-03-25 9:00,5.6,0,0.4,0,,,50.3,0,0
713,2019-03-25 10:00,8.1,133,0.9,0,,,44.9,0,0
713,2019-03-25 11:00,8.9,83.8,1.2,0,,,43.4,0,0
713,2019-03-25 12:00,12.2,205.4,2.1,0,,,41.1,0,0
713,2019-03-25 13:00,13.2,168.5,2.4,0,,,42,0,0
713,2019-03-25 14:00,13.8,181.4,2.5,0,,,42.8,0,0
713,2019-03-25 15:00,13.3,190.2,3,0,,,40.6,0,0
713,2019-03-25 16:00,13,208.4,3.4,0,,,43.7,0,0
713,2019-03-25 17:00,12.6,213.5,3.1,0,,,39.7,0,0
713,2019-03-25 18:00,11.6,191.9,2.3,0,,,46.3,0,0
713,2019-03-25 19:00,10.7,217.5,1.5,0,,,52.8,0,0
713,2019-03-25 20:00,9.2,281.2,0.6,0,,,59.2,0,0
713,2019-03-25 21:00,7.5,266.1,0.9,0,,,66.3,0,0
713,2019-03-25 22:00,6.8,287.8,0.9,0,,,68.9,0,0
713,2019-03-25 23:00,5.7,261.5,0.7,0,,,74,0,0
713,2019-03-26 0:00,4.3,0,0.2,0,,,80.9,0,0
713,2019-03-26 1:00,3.3,0,0.2,0,,,87.8,0,0
713,2019-03-26 2:00,2.5,0,0.1,0,,,88.6,0,0
713,2019-03-26 3:00,3.2,52.1,0.5,0,,,89.5,0,0
713,2019-03-26 4:00,2.5,85.2,0.5,0,,,90,0,0
713,2019-03-26 5:00,2,0,0.2,0,,,90.7,0,0
713,2019-03-26 6:00,2.2,0,0.2,0,,,89.5,0,0
713,2019-03-26 7:00,2.8,0,0.2,0,,,87.6,0,0
713,2019-03-26 8:00,7,0,0.3,0,,,74.4,0,0
713,2019-03-26 9:00,10.5,85.3,0.6,0,,,60.4,0,0
713,2019-03-26 10:00,13.4,269.9,3,0,,,61.8,0,0
713,2019-03-26 11:00,15,256.4,3.9,0,,,53.5,0,0
713,2019-03-26 12:00,17.2,264.6,4.4,0,,,39.8,0,0
713,2019-03-26 13:00,19.2,259.7,3.3,0,,,29.7,0,0
713,2019-03-26 14:00,20.1,285.7,3.2,0,,,24,0,0
713,2019-03-26 15:00,21.2,292.6,2.6,0,,,21.4,0,0
713,2019-03-26 16:00,20.6,272.6,2.4,0,,,21,0,0
713,2019-03-26 17:00,20.5,277.2,1.8,0,,,21.6,0,0
713,2019-03-26 18:00,19.2,263.2,2.2,0,,,23.4,0,0
713,2019-03-26 19:00,16.1,294.1,0.9,0,,,33.3,0,0
713,2019-03-26 20:00,12.8,291,1.1,0,,,43,0,0
713,2019-03-26 21:00,10.9,299.6,1.1,0,,,48.4,0,0
713,2019-03-26 22:00,9,291.2,1,0,,,54.2,0,0
713,2019-03-26 23:00,8.1,317.3,1,0,,,57.3,0,0
713,2019-03-27 0:00,7.1,303.6,0.8,0,,,60.9,0,0
713,2019-03-27 1:00,6.3,299.1,0.7,0,,,65.2,0,0
713,2019-03-27 2:00,5.6,328.2,0.7,0,,,68.2,0,0
713,2019-03-27 3:00,4.8,294.7,0.6,0,,,73.3,0,0
713,2019-03-27 4:00,4.5,333.2,0.6,0,,,76.3,0,0
713,2019-03-27 5:00,4.3,0,0.4,0,,,77.9,0,0
713,2019-03-27 6:00,4,320.3,0.5,0,,,80.7,0,0
713,2019-03-27 7:00,4.3,292.4,0.5,0,,,83,0,0
713,2019-03-27 8:00,8,0,0.4,0,,,70.5,0,0
713,2019-03-27 9:00,13.1,103.4,0.7,0,,,62.9,0,0
713,2019-03-27 10:00,16,195.6,2.4,0,,,52.7,0,0
713,2019-03-27 11:00,17.7,205.1,3.2,0,,,47,0,0
713,2019-03-27 12:00,19.3,173.1,2.9,0,,,40.9,0,0
713,2019-03-27 13:00,19.1,210.8,4.8,0,,,37.5,0,0
713,2019-03-27 14:00,20.1,195.6,3.4,0,,,35.7,0,0
713,2019-03-27 15:00,20,191.9,4.6,0,,,33.9,0,0
713,2019-03-27 16:00,19.7,212.5,4.9,0,,,30.1,0,0
713,2019-03-27 17:00,18.8,205.2,4.3,0,,,29.8,0,0
713,2019-03-27 18:00,17.4,230.8,2.2,0,,,35.6,0,0
713,2019-03-27 19:00,15.5,192.6,2.7,0,,,43.4,0,0
713,2019-03-27 20:00,14.9,214.2,2.9,0,,,47.1,0,0
713,2019-03-27 21:00,14.9,231.5,3.7,0,,,49.6,0,0
713,2019-03-27 22:00,14.1,218.4,2.4,0,,,56.8,0,0
713,2019-03-27 23:00,14.3,235.9,2.2,0,,,63.6,0,0
713,2019-03-28 0:00,13.5,0,0.4,0,,,67.2,0,0
713,2019-03-28 1:00,12.5,0,0.4,0,,,71.9,0,0
713,2019-03-28 2:00,12.5,242.2,1,0,,,73.6,0,0
713,2019-03-28 3:00,12.7,269.3,1.4,0,,,73.3,0,0
713,2019-03-28 4:00,12.4,298.1,0.8,0,,,72.1,0,0
713,2019-03-28 5:00,11.9,0,0.4,0,,,74.8,0,0
713,2019-03-28 6:00,10.6,301.6,0.5,0,,,79.3,0,0
713,2019-03-28 7:00,10.5,303.2,0.6,0,,,77.1,0,0
713,2019-03-28 8:00,12.6,0,0.4,0,,,70.3,0,0
713,2019-03-28 9:00,14.6,0,0.4,0,,,60.1,0,0
713,2019-03-28 10:00,17.6,172,1.7,0,,,51.3,0,0
713,2019-03-28 11:00,18.6,155.1,1.7,0,,,44.1,0,0
713,2019-03-28 12:00,19.7,132.1,2,0,,,30.2,0,0
713,2019-03-28 13:00,20.1,163.4,3.4,0,,,41.8,0,0
713,2019-03-28 14:00,20,177.3,3.2,0,,,35.9,0,0
713,2019-03-28 15:00,18.8,150.7,3.7,0,,,53.4,0,0
713,2019-03-28 16:00,17.7,160,2.7,0,,,58.8,0,0
713,2019-03-28 17:00,17.2,237,1.8,0,,,58.2,0,0
713,2019-03-28 18:00,15.6,229.9,1.4,0,,,62.6,0,0
713,2019-03-28 19:00,14.3,210.3,0.6,0,,,69.9,0,0
713,2019-03-28 20:00,13.2,158.4,1.4,0,,,77.3,0,0
713,2019-03-28 21:00,12.4,323.6,0.7,0,,,77.7,0,0
713,2019-03-28 22:00,11.6,309.9,0.7,0,,,81.6,0,0
713,2019-03-28 23:00,11.3,321,0.7,0,,,83.7,0,0
713,2019-03-29 0:00,10.8,277.5,0.8,0,,,86.1,0,0
713,2019-03-29 1:00,10.1,297.8,0.9,0,,,88.8,0,0
713,2019-03-29 2:00,8.7,319.3,0.5,0,,,94.8,0,0
713,2019-03-29 3:00,8.3,275.8,0.5,0,,,99.1,0,0
713,2019-03-29 4:00,7.7,292,0.5,0,,,99.1,0,0
713,2019-03-29 5:00,7.8,309.8,0.6,0,,,98.7,0,0
713,2019-03-29 6:00,6.6,304.2,0.5,0,,,99.8,0,0
713,2019-03-29 7:00,7,295.9,0.6,0,,,99.9,0,0
713,2019-03-29 8:00,9.5,303.2,0.9,0,,,87.6,0,0
713,2019-03-29 9:00,11.9,75.2,0.7,0,,,75.5,0,0
713,2019-03-29 10:00,15.3,146.5,2.1,0,,,59.6,0,0
713,2019-03-29 11:00,17,128,1.6,0,,,58.1,0,0
713,2019-03-29 12:00,17.7,181.4,1,0,,,45.1,0,0
713,2019-03-29 13:00,20,174.2,2.2,0,,,36.4,0,0
713,2019-03-29 14:00,20.1,197.1,3.2,0,,,35.6,0,0
713,2019-03-29 15:00,21.1,199,3.1,0,,,33.5,0,0
713,2019-03-29 16:00,20.3,218.5,3,0,,,30.4,0,0
713,2019-03-29 17:00,19.2,208.9,3.1,0,,,35.2,0,0
713,2019-03-29 18:00,17.2,180.1,2.3,0,,,49.2,0,0
713,2019-03-29 19:00,15.8,230.7,1.6,0,,,48,0,0
713,2019-03-29 20:00,14.4,180.2,1,0,,,53.2,0,0
713,2019-03-29 21:00,12.4,289.9,1.2,0,,,64.1,0,0
713,2019-03-29 22:00,11.5,304.5,1.1,0,,,66.7,0,0
713,2019-03-29 23:00,10.7,0,0.4,0,,,69.9,0,0
713,2019-03-30 0:00,10.5,283.4,0.6,0,,,72,0,0
713,2019-03-30 1:00,11.1,0,0.3,0,,,68.1,0,0
713,2019-03-30 2:00,10.7,0,0.4,0,,,69.6,0,0
713,2019-03-30 3:00,11.1,20.5,0.6,0,,,67.6,0,0
713,2019-03-30 4:00,8.9,289.6,2.7,0,,,74.6,0,0
713,2019-03-30 5:00,8.9,285,3,0.5,,,68,0,0
713,2019-03-30 6:00,9.2,284.4,1.5,0,,,66.2,0,0
713,2019-03-30 7:00,8.9,304.3,1.6,0,,,67.1,0,0
713,2019-03-30 8:00,10.1,282.5,2.1,0,,,58.2,0,0
713,2019-03-30 9:00,11.8,279.3,2.3,0,,,52.1,0,0
713,2019-03-30 10:00,12.9,266.7,3.5,0,,,49.2,0,0
713,2019-03-30 11:00,14.6,299.6,3.8,0,,,46.4,0,0
713,2019-03-30 12:00,15.7,263.5,3.4,0,,,40.5,0,0
713,2019-03-30 13:00,16.1,272.8,3.1,0,,,40.1,0,0
713,2019-03-30 14:00,17.9,275.9,2.7,0,,,36.4,0,0
713,2019-03-30 15:00,16.8,267.8,2.7,0,,,32.8,0,0
713,2019-03-30 16:00,14.8,269.7,5.7,0,,,32.6,0,0
713,2019-03-30 17:00,13.6,274.6,4.3,0,,,36.7,0,0
713,2019-03-30 18:00,11,271.1,4.3,0,,,39.8,0,0
713,2019-03-30 19:00,8.7,279.9,3.4,0,,,41.4,0,0
713,2019-03-30 20:00,7.6,264.1,3.6,0,,,41,0,0
713,2019-03-30 21:00,5.3,265.4,3.5,0,,,66,0,0
713,2019-03-30 22:00,5.9,293.6,4.2,0,,,54.4,0,0
713,2019-03-30 23:00,5.7,287.9,3.6,0,,,57.4,0,0
713,2019-03-31 0:00,5.6,301.7,2.5,0,,,56.1,0,0
713,2019-03-31 1:00,5.3,271.2,2.1,0,,,59.5,0,0
713,2019-03-31 2:00,5.4,282.8,3.2,0,,,53.9,0,0
713,2019-03-31 3:00,5.4,277.7,3.6,0,,,49.3,0,0
713,2019-03-31 4:00,5.6,289.4,3.6,0,,,50.7,0,0
713,2019-03-31 5:00,5.5,276.7,3.6,0,,,52.6,0,0
713,2019-03-31 6:00,5.3,277.9,2.8,0,,,49.1,0,0
713,2019-03-31 7:00,5.1,288.8,2.1,0,,,47.5,0,0
713,2019-03-31 8:00,5.9,279.2,2.5,0,,,44.9,0,0
713,2019-03-31 9:00,6.7,278.4,3.1,0,,,41.8,0,0
713,2019-03-31 10:00,8.8,279.7,3.9,0,,,35.6,0,0
713,2019-03-31 11:00,9.7,288.9,4.5,0,,,30,0,0
713,2019-03-31 12:00,10.9,278.6,4.7,0,,,28.9,0,0
713,2019-03-31 13:00,11.3,280,4.8,0,,,23.7,0,0
713,2019-03-31 14:00,12.2,280.1,3.3,0,,,23.6,0,0
713,2019-03-31 15:00,11.4,326.4,3.9,0,,,23.1,0,0
713,2019-03-31 16:00,10.6,307.6,3.3,0,,,23.2,0,0
713,2019-03-31 17:00,9.8,320.1,3.6,0,,,21,0,0
713,2019-03-31 18:00,8.4,327.6,2.6,0,,,24.9,0,0
713,2019-03-31 19:00,6.3,312.3,1.4,0,,,29.6,0,0
713,2019-03-31 20:00,5.7,286.9,3.1,0,,,25.5,0,0
713,2019-03-31 21:00,5.4,308.1,2.9,0,,,25.8,0,0
713,2019-03-31 22:00,4.6,303.6,1.7,0,,,32.9,0,0
713,2019-03-31 23:00,3.8,276.6,1.4,0,,,39.5,0,0
713,2019-04-01 0:00,3.4,289.1,1.2,0,,,43.7,0,0
713,2019-04-01 1:00,4,273.7,1.8,0,,,44.5,0,0
713,2019-04-01 2:00,2.4,293.5,0.9,0,,,49.8,0,0
713,2019-04-01 3:00,1.5,298.9,1,0,,,53.8,0,0
713,2019-04-01 4:00,0.6,303.2,0.7,0,,,59.8,0,0
713,2019-04-01 5:00,-0.5,0,0.3,0,,,66.9,0,0
713,2019-04-01 6:00,-0.6,0,0.2,0,,,70,0,0
713,2019-04-01 7:00,0.9,86.9,0.5,0,,,66.9,0,0
713,2019-04-01 8:00,6.4,143.6,0.6,0,,,48,0,0
713,2019-04-01 9:00,8.2,294.2,3.4,0,,,30.4,0,0
713,2019-04-01 10:00,9.3,315.5,3.4,0,,,24.3,0,0
713,2019-04-01 11:00,11.4,291.6,2.8,0,,,26.2,0,0
713,2019-04-01 12:00,12.7,281.4,3,0,,,22.3,0,0
713,2019-04-01 13:00,13.7,307.4,3.5,0,,,20.4,0,0
713,2019-04-01 14:00,14.8,308.8,3.3,0,,,21.6,0,0
713,2019-04-01 15:00,14.1,282.3,4,0,,,21.2,0,0
713,2019-04-01 16:00,13.3,260.8,4.3,0,,,22.2,0,0
713,2019-04-01 17:00,12.6,273.1,3.4,0,,,23,0,0
713,2019-04-01 18:00,11.2,269.2,3.3,0,,,25.4,0,0
713,2019-04-01 19:00,9.7,266.5,1.8,0,,,29.9,0,0
713,2019-04-01 20:00,8.4,298.7,0.9,0,,,37.6,0,0
713,2019-04-01 21:00,6.9,299.9,1,0,,,45.5,0,0
713,2019-04-01 22:00,5.9,295.3,0.9,0,,,51.7,0,0
713,2019-04-01 23:00,5.1,305.3,0.8,0,,,58.7,0,0
713,2019-04-02 0:00,4.1,302.8,0.5,0,,,67.4,0,0
713,2019-04-02 1:00,3.2,0,0.1,0,,,75.3,0,0
713,2019-04-02 2:00,2.8,306.4,0.6,0,,,81.1,0,0
713,2019-04-02 3:00,2.6,0,0.3,0,,,84,0,0
713,2019-04-02 4:00,2.1,315.8,1.2,0,,,83.9,0,0
713,2019-04-02 5:00,1.4,0,0.2,0,,,91.6,0,0
713,2019-04-02 6:00,2.3,311.4,1.4,0,,,86.6,0,0
713,2019-04-02 7:00,3.5,15.4,0.8,0,,,74.9,0,0
713,2019-04-02 8:00,7.7,323.6,1.4,0,,,46.8,0,0
713,2019-04-02 9:00,10,268.4,2.3,0,,,25.1,0,0
713,2019-04-02 10:00,11.4,268.8,2.4,0,,,23.4,0,0
713,2019-04-02 11:00,12.3,275.1,3.7,0,,,16.1,0,0
713,2019-04-02 12:00,13.5,268.2,4.2,0,,,17,0,0
713,2019-04-02 13:00,14.2,264.7,3.3,0,,,16.4,0,0
713,2019-04-02 14:00,15.7,309.1,2.4,0,,,15.7,0,0
713,2019-04-02 15:00,16.5,281,2.5,0,,,14.1,0,0
713,2019-04-02 16:00,15.9,290.6,3.5,0,,,15,0,0
713,2019-04-02 17:00,15.3,320.6,3.5,0,,,17.8,0,0
713,2019-04-02 18:00,13,290.8,2.7,0,,,16.7,0,0
713,2019-04-02 19:00,11.6,292,2.6,0,,,18.5,0,0
713,2019-04-02 20:00,9.3,263.7,1.1,0,,,23.5,0,0
713,2019-04-02 21:00,9,304.2,1.4,0,,,22.3,0,0
713,2019-04-02 22:00,8.9,317.8,2.5,0,,,20.8,0,0
713,2019-04-02 23:00,7.8,333,1.6,0,,,24.6,0,0
713,2019-04-03 0:00,6.7,258.4,1.6,0,,,29.5,0,0
713,2019-04-03 1:00,5.3,323.8,0.9,0,,,34.6,0,0
713,2019-04-03 2:00,4.3,304.8,1.3,0,,,37.8,0,0
713,2019-04-03 3:00,2.9,49.8,0.5,0,,,47.3,0,0
713,2019-04-03 4:00,1.4,332.8,0.6,0,,,51.7,0,0
713,2019-04-03 5:00,0.6,330.8,0.5,0,,,54.6,0,0
713,2019-04-03 6:00,-0.2,299.9,0.7,0,,,59.9,0,0
713,2019-04-03 7:00,0.2,300.1,0.7,0,,,58.7,0,0
713,2019-04-03 8:00,6,0,0.3,0,,,43.1,0,0
713,2019-04-03 9:00,9.5,149.2,1.2,0,,,28.1,0,0
713,2019-04-03 10:00,12.7,192,1.6,0,,,19,0,0
713,2019-04-03 11:00,13.3,269.8,3.8,0,,,14.7,0,0
713,2019-04-03 12:00,14.4,251.2,2.7,0,,,15.3,0,0
713,2019-04-03 13:00,15.6,272.5,2.7,0,,,15,0,0
713,2019-04-03 14:00,16.5,242,3.5,0,,,13.7,0,0
713,2019-04-03 15:00,16.9,268,2.4,0,,,14.5,0,0
713,2019-04-03 16:00,16.7,299.5,3,0,,,17.2,0,0
713,2019-04-03 17:00,16.2,300.1,2.7,0,,,18.7,0,0
713,2019-04-03 18:00,14.3,254.3,3.7,0,,,24.4,0,0
713,2019-04-03 19:00,12.2,283.4,3.5,0,,,26.7,0,0
713,2019-04-03 20:00,10.6,315.6,2.6,0,,,26.7,0,0
713,2019-04-03 21:00,9.1,302.4,1.8,0,,,27.2,0,0
713,2019-04-03 22:00,6.9,298.5,1,0,,,32.6,0,0
713,2019-04-03 23:00,6.1,302.1,1.2,0,,,32,0,0
713,2019-04-04 0:00,6.8,305.6,2.3,0,,,31,0,0
713,2019-04-04 1:00,7.1,282.5,1.9,0,,,27.8,0,0
713,2019-04-04 2:00,4.5,0,0.3,0,,,34.2,0,0
713,2019-04-04 3:00,4.4,288.5,0.9,0,,,36.4,0,0
713,2019-04-04 4:00,5.7,284,1.8,0,,,32.1,0,0
713,2019-04-04 5:00,4.7,260.2,1,0,,,34,0,0
713,2019-04-04 6:00,4.1,0,0.4,0,,,35.2,0,0
713,2019-04-04 7:00,6.4,276.5,2.2,0,,,29.1,0,0
713,2019-04-04 8:00,8.7,278.6,1,0,,,30.3,0,0
713,2019-04-04 9:00,12.4,148.6,1.2,0,,,25.4,0,0
713,2019-04-04 10:00,15,125.2,1.4,0,,,16.3,0,0
713,2019-04-04 11:00,17.9,267.9,3.2,0,,,15.5,0,0
713,2019-04-04 12:00,18.8,261.6,4,0,,,15.6,0,0
713,2019-04-04 13:00,20.1,253.4,2.3,0,,,15.7,0,0
713,2019-04-04 14:00,20.2,283.2,2.8,0,,,14.1,0,0
713,2019-04-04 15:00,21.1,242.6,3.4,0,,,13.3,0,0
713,2019-04-04 16:00,21.2,277.1,2.7,0,,,13.3,0,0
713,2019-04-04 17:00,19.6,257.8,3.3,0,,,18.4,0,0
713,2019-04-04 18:00,17.7,249.1,2.7,0,,,17.5,0,0
713,2019-04-04 19:00,16.3,251.2,3.1,0,,,18.2,0,0
713,2019-04-04 20:00,15,261.4,1.9,0,,,20.1,0,0
713,2019-04-04 21:00,12.6,240.8,1.2,0,,,31,0,0
713,2019-04-04 22:00,11.6,293.2,1.2,0,,,36,0,0
713,2019-04-04 23:00,10,293.3,1,0,,,40.1,0,0
713,2019-04-05 0:00,9.1,289.7,0.6,0,,,39.8,0,0
713,2019-04-05 1:00,8.9,280,1.2,0,,,36.8,0,0
713,2019-04-05 2:00,8.6,297.1,1.4,0,,,28.4,0,0
713,2019-04-05 3:00,6.3,305.8,0.7,0,,,36.7,0,0
713,2019-04-05 4:00,5.6,270.1,0.8,0,,,40.4,0,0
713,2019-04-05 5:00,4.8,338.7,0.7,0,,,43.5,0,0
713,2019-04-05 6:00,7.1,227.6,2,0,,,47.6,0,0
713,2019-04-05 7:00,7,348.3,0.9,0,,,49.2,0,0
713,2019-04-05 8:00,11.3,254.3,1,0,,,57,0,0
713,2019-04-05 9:00,12.9,270.3,2.8,0,,,58.3,0,0
713,2019-04-05 10:00,15.1,295.4,2.4,0,,,55.3,0,0
713,2019-04-05 11:00,17.6,313.4,2.3,0,,,51.4,0,0
713,2019-04-05 12:00,18.9,242.9,3.5,0,,,46.1,0,0
713,2019-04-05 13:00,20.4,270.6,3.4,0,,,44.1,0,0
713,2019-04-05 14:00,20.3,282.4,2.6,0,,,43.7,0,0
713,2019-04-05 15:00,21.3,292.2,2.5,0,,,38,0,0
713,2019-04-05 16:00,20.9,301.5,3.4,0,,,39.9,0,0
713,2019-04-05 17:00,20.4,261.8,3,0,,,34.4,0,0
713,2019-04-05 18:00,19.5,264.7,2.7,0,,,31.2,0,0
713,2019-04-05 19:00,17.5,293.5,1.2,0,,,32.7,0,0
713,2019-04-05 20:00,14.8,288.9,1.3,0,,,32.4,0,0
713,2019-04-05 21:00,13.3,250,0.9,0,,,33.6,0,0
713,2019-04-05 22:00,12.9,290.8,1.1,0,,,35.6,0,0
713,2019-04-05 23:00,13.1,281,1.5,0,,,29,0,0
713,2019-04-06 0:00,11.6,272.2,2.2,0,,,27.3,0,0
713,2019-04-06 1:00,10,325.5,0.9,0,,,28.1,0,0
713,2019-04-06 2:00,8.5,85.5,0.8,0,,,33,0,0
713,2019-04-06 3:00,8.8,28.2,0.7,0,,,30,0,0
713,2019-04-06 4:00,6.9,152.2,0.5,0,,,31.8,0,0
713,2019-04-06 5:00,5.5,0,0.1,0,,,42.6,0,0
713,2019-04-06 6:00,5,291.2,0.5,0,,,38,0,0
713,2019-04-06 7:00,6.1,302.2,0.8,0,,,38.9,0,0
713,2019-04-06 8:00,10.6,35.6,0.5,0,,,32.9,0,0
713,2019-04-06 9:00,14.4,57.1,0.6,0,,,18.1,0,0
713,2019-04-06 10:00,17.6,144,1.1,0,,,14.3,0,0
713,2019-04-06 11:00,18.9,178.4,2.4,0,,,17.4,0,0
713,2019-04-06 12:00,21.3,147.9,1.5,0,,,16.1,0,0
713,2019-04-06 13:00,22.9,205.2,2.1,0,,,16.6,0,0
713,2019-04-06 14:00,20.9,208.4,4.7,0,,,16.5,0,0
713,2019-04-06 15:00,21.4,200.4,3.7,0,,,18,0,0
713,2019-04-06 16:00,21.6,213.3,3.9,0,,,19.3,0,0
713,2019-04-06 17:00,20.4,201.6,4.3,0,,,22.1,0,0
713,2019-04-06 18:00,18.6,211.1,2.8,0,,,28.8,0,0
713,2019-04-06 19:00,16.4,231.3,1.7,0,,,32.6,0,0
713,2019-04-06 20:00,15,253.6,0.7,0,,,38.8,0,0
713,2019-04-06 21:00,13,311.8,1,0,,,48.6,0,0
713,2019-04-06 22:00,11.6,306.1,1,0,,,54.1,0,0
713,2019-04-06 23:00,10.7,290.2,0.6,0,,,58.6,0,0
713,2019-04-07 0:00,9.9,289,0.6,0,,,62.9,0,0
713,2019-04-07 1:00,9.6,313.5,0.8,0,,,64.6,0,0
713,2019-04-07 2:00,9,317.2,0.7,0,,,68.8,0,0
713,2019-04-07 3:00,8.3,290.7,0.7,0,,,72.6,0,0
713,2019-04-07 4:00,7.9,304.9,0.5,0,,,77.2,0,0
713,2019-04-07 5:00,8.2,324.9,0.6,0,,,79.5,0,0
713,2019-04-07 6:00,7.6,303.8,0.6,0,,,80.8,0,0
713,2019-04-07 7:00,8.7,300.4,0.8,0,,,78.6,0,0
713,2019-04-07 8:00,10.8,308.2,0.6,0,,,71,0,0
713,2019-04-07 9:00,13,296.7,0.5,0,,,66.8,0,0
713,2019-04-07 10:00,14.8,96,0.7,0,,,64,0,0
713,2019-04-07 11:00,16.4,132.3,0.8,0,,,64.5,0,0
713,2019-04-07 12:00,17.8,213.5,0.9,0,,,59,0,0
713,2019-04-07 13:00,17.9,192.3,1.1,0,,,59.2,0,0
713,2019-04-07 14:00,13.9,141.6,1.5,3.5,,,90.8,0,0
713,2019-04-07 15:00,13.8,272,1.2,1.5,,,95.5,0,0
713,2019-04-07 16:00,13.4,0,0.4,6.5,,,98.9,0,0
713,2019-04-07 17:00,13.3,148.6,0.6,6,,,98.9,0,0
713,2019-04-07 18:00,13,137.7,0.8,4,,,98.9,0,0
713,2019-04-07 19:00,13,0,0.2,1.5,,,98.9,0,0
713,2019-04-07 20:00,13,0,0.3,0,,,98.8,0,0
713,2019-04-07 21:00,12.7,0,0.2,0,,,98.7,0,0
713,2019-04-07 22:00,12.4,0,0,0,,,98.7,0,0
713,2019-04-07 23:00,12.2,279.9,0.7,0,,,98.7,0,0
713,2019-04-08 0:00,12.2,0,0.1,0,,,98.7,0,0
713,2019-04-08 1:00,10.9,0,0,0,,,98.8,0,0
713,2019-04-08 2:00,10.6,0,0.3,0,,,98.7,0,0
713,2019-04-08 3:00,10.4,302.6,0.6,0,,,98.8,0,0
713,2019-04-08 4:00,9.3,0,0.1,0,,,98.8,0,0
713,2019-04-08 5:00,9.2,0,0.3,0,,,98.8,0,0
713,2019-04-08 6:00,8.7,0,0.2,0,,,98.8,0,0
713,2019-04-08 7:00,8.4,293,0.7,0,,,98.8,0,0
713,2019-04-08 8:00,9.8,252.7,0.5,0,,,98.8,0,0
713,2019-04-08 9:00,13.5,115.5,1.2,0,,,98.7,0,0
713,2019-04-08 10:00,16.5,355.2,1.1,0,,,42.8,0,0
713,2019-04-08 11:00,19.4,303.7,2.2,0,,,22.9,0,0
713,2019-04-08 12:00,20.7,273.4,2.4,0,,,19.4,0,0
713,2019-04-08 13:00,20.9,269.8,3,0,,,19.9,0,0
713,2019-04-08 14:00,21.6,298.5,3.2,0,,,20.2,0,0
713,2019-04-08 15:00,22.5,253.1,3.1,0,,,17.9,0,0
713,2019-04-08 16:00,22.1,310.7,2.7,0,,,17.2,0,0
713,2019-04-08 17:00,21.6,344.1,1.8,0,,,19,0,0
713,2019-04-08 18:00,20.1,312.7,2,0,,,18.6,0,0
713,2019-04-08 19:00,17.7,291.9,1.1,0,,,24.4,0,0
713,2019-04-08 20:00,15.4,306.5,1.2,0,,,32.6,0,0
713,2019-04-08 21:00,14.6,303.7,0.5,0,,,38.4,0,0
713,2019-04-08 22:00,14.9,72.9,0.8,0,,,40.9,0,0
713,2019-04-08 23:00,14.2,144.8,2.2,0,,,61.4,0,0
713,2019-04-09 0:00,13.4,152.8,1.3,0,,,67.8,0,0
713,2019-04-09 1:00,12.8,95.8,1.5,0,,,67.6,0,0
713,2019-04-09 2:00,11.9,77.3,1.8,0,,,63,0,0
713,2019-04-09 3:00,11.1,82.7,1.6,0,,,67.6,0,0
713,2019-04-09 4:00,10.4,69.5,1.3,0,,,64,0,0
713,2019-04-09 5:00,9.7,181.9,0.7,0,,,57.8,0,0
713,2019-04-09 6:00,10,23.5,1.3,0,,,52.9,0,0
713,2019-04-09 7:00,10.6,56.7,1.3,0,,,50.2,0,0
713,2019-04-09 8:00,11.6,87.7,1.7,0,,,47.4,0,0
713,2019-04-09 9:00,13.1,94.1,1.6,0,,,44.9,0,0
713,2019-04-09 10:00,14.3,83.4,3.3,0,,,41.6,0,0
713,2019-04-09 11:00,15.3,82.4,3,0,,,39.7,0,0
713,2019-04-09 12:00,16.5,71.6,3.1,0,,,37.1,0,0
713,2019-04-09 13:00,15.7,93.9,4.1,0,,,39.2,0,0
713,2019-04-09 14:00,14.3,88.5,3.7,0,,,46.4,0,0
713,2019-04-09 15:00,12.3,80.8,3.2,0.5,,,58.4,0,0
713,2019-04-09 16:00,12.2,65.1,2.7,1,,,59.7,0,0
713,2019-04-09 17:00,11.8,74.6,2.5,0,,,54.5,0,0
713,2019-04-09 18:00,9.6,63.1,3,1.5,,,72.9,0,0
713,2019-04-09 19:00,9.5,57.5,4,2.5,,,72.1,0,0
713,2019-04-09 20:00,9.4,61.9,3.8,0,,,67.5,0,0
713,2019-04-09 21:00,8.7,57.8,3.3,3.5,,,78.1,0,0
713,2019-04-09 22:00,8.5,53.8,4.3,2,,,78.7,0,0
713,2019-04-09 23:00,8.1,45.6,2.5,1.5,,,82.2,0,0
713,2019-04-10 0:00,8.4,35.1,2.6,1,,,80.8,0,0
713,2019-04-10 1:00,8.4,45.2,2.6,1,,,79.2,0,0
713,2019-04-10 2:00,8.8,28.1,2.5,0.5,,,76.5,0,0
713,2019-04-10 3:00,9.3,43.9,2.3,0,,,73.5,0,0
713,2019-04-10 4:00,9.4,22,2.2,0,,,74.2,0,0
713,2019-04-10 5:00,9.8,18.9,1.9,0,,,70.4,0,0
713,2019-04-10 6:00,9.7,49.6,1.8,0,,,70.2,0,0
713,2019-04-10 7:00,9.8,50.3,1.1,0,,,69,0,0
713,2019-04-10 8:00,9.9,53.9,2.1,0,,,66.1,0,0
713,2019-04-10 9:00,10.5,64.4,1.3,0,,,66.5,0,0
713,2019-04-10 10:00,10.3,8.1,0.9,0,,,72.2,0,0
713,2019-04-10 11:00,9.3,246.5,0.6,0,,,85,0,0
713,2019-04-10 12:00,9.4,154,0.6,0,,,87.4,0,0
713,2019-04-10 13:00,9.4,0,0.4,0,,,91.4,0,0
713,2019-04-10 14:00,9.8,0,0.4,0.5,,,89.2,0,0
713,2019-04-10 15:00,11.1,98.4,1,0,,,82.3,0,0
713,2019-04-10 16:00,12.1,257.3,2.3,0,,,69.6,0,0
713,2019-04-10 17:00,11.6,310.8,1.7,0,,,73.5,0,0
713,2019-04-10 18:00,10.9,305.7,1.3,0,,,73.6,0,0
713,2019-04-10 19:00,10.5,334.6,0.6,0,,,75.8,0,0
713,2019-04-10 20:00,9.8,0,0.2,0,,,81,0,0
713,2019-04-10 21:00,9.2,347.1,0.6,0,,,91.5,0,0
713,2019-04-10 22:00,9.3,290.8,0.6,0,,,91.4,0,0
713,2019-04-10 23:00,9.2,46.2,0.5,0,,,91.4,0,0
713,2019-04-11 0:00,9.2,0,0.3,0,,,90.4,0,0
713,2019-04-11 1:00,9.1,315,0.6,0,,,92.3,0,0
713,2019-04-11 2:00,7.2,304,0.6,0,,,97,0,0
713,2019-04-11 3:00,6.2,288.3,0.9,0,,,98,0,0
713,2019-04-11 4:00,5.3,302.4,0.8,0,,,98.6,0,0
713,2019-04-11 5:00,4.8,308.5,0.7,0,,,97.6,0,0
713,2019-04-11 6:00,4.5,0,0.3,0,,,98.6,0,0
713,2019-04-11 7:00,5.5,0,0.3,0,,,98.5,0,0
713,2019-04-11 8:00,8.8,347.8,0.7,0,,,78.3,0,0
713,2019-04-11 9:00,9.9,336.6,0.9,0,,,71.5,0,0
713,2019-04-11 10:00,12.8,163.8,0.9,0,,,58.1,0,0
713,2019-04-11 11:00,13.8,183.1,1.8,0,,,53.8,0,0
713,2019-04-11 12:00,14.4,191.3,1.5,0,,,48.8,0,0
713,2019-04-11 13:00,15.6,200.8,1.9,0,,,50.8,0,0
713,2019-04-11 14:00,14.9,143.3,1.7,0,,,47.5,0,0
713,2019-04-11 15:00,14.8,159.7,1.9,0,,,49.1,0,0
713,2019-04-11 16:00,14.3,215.9,2.6,0,,,47.3,0,0
713,2019-04-11 17:00,13.9,214.5,2.1,0,,,44.7,0,0
713,2019-04-11 18:00,13.4,208.9,1.3,0,,,50.8,0,0
713,2019-04-11 19:00,12.2,150.6,1.6,0,,,63.6,0,0
713,2019-04-11 20:00,11.2,174.2,0.9,0,,,69.5,0,0
713,2019-04-11 21:00,10.2,313.6,0.8,0,,,75.8,0,0
713,2019-04-11 22:00,9.7,318.3,0.6,0,,,78.3,0,0
713,2019-04-11 23:00,9.6,0,0.3,0,,,79.8,0,0
713,2019-04-12 0:00,8.7,318.7,0.7,0,,,83.1,0,0
713,2019-04-12 1:00,8.2,284.6,0.6,0,,,86.4,0,0
713,2019-04-12 2:00,7.5,271.9,0.6,0,,,89.9,0,0
713,2019-04-12 3:00,6.9,0,0.3,0,,,93.4,0,0
713,2019-04-12 4:00,6.2,296,0.7,0,,,95.6,0,0
713,2019-04-12 5:00,5.4,300.1,0.7,0,,,96.4,0,0
713,2019-04-12 6:00,4.7,305.8,0.6,0,,,97.7,0,0
713,2019-04-12 7:00,5.4,289.9,0.5,0,,,96.3,0,0
713,2019-04-12 8:00,10.2,107.5,0.5,0,,,74.1,0,0
713,2019-04-12 9:00,13.3,134.5,1.6,0,,,53.3,0,0
713,2019-04-12 10:00,15.8,267.9,3,0,,,29.2,0,0
713,2019-04-12 11:00,17,276,2.4,0,,,26.7,0,0
713,2019-04-12 12:00,17.8,277.7,4.2,0,,,24.9,0,0
713,2019-04-12 13:00,18.9,276.9,3.5,0,,,25.5,0,0
713,2019-04-12 14:00,19.1,313.3,2.9,0,,,24.7,0,0
713,2019-04-12 15:00,19.5,271.3,3,0,,,23.2,0,0
713,2019-04-12 16:00,19.5,293.1,2.7,0,,,24.2,0,0
713,2019-04-12 17:00,19,275.2,2.6,0,,,22.9,0,0
713,2019-04-12 18:00,17.1,169.7,1.7,0,,,40.1,0,0
713,2019-04-12 19:00,16.3,315.3,1.8,0,,,33.7,0,0
713,2019-04-12 20:00,13.7,271.7,1.6,0,,,37.5,0,0
713,2019-04-12 21:00,12.7,344.8,0.9,0,,,35.2,0,0
713,2019-04-12 22:00,10.7,281.1,0.5,0,,,46.5,0,0
713,2019-04-12 23:00,9.7,307.3,0.7,0,,,50.6,0,0
713,2019-04-13 0:00,8.3,308.4,0.6,0,,,58.6,0,0
713,2019-04-13 1:00,7.2,302.7,0.7,0,,,65.3,0,0
713,2019-04-13 2:00,6.2,293.3,0.8,0,,,69.6,0,0
713,2019-04-13 3:00,5.7,282.5,0.5,0,,,75.1,0,0
713,2019-04-13 4:00,5.9,304.5,1,0,,,73.2,0,0
713,2019-04-13 5:00,6,304.1,0.8,0,,,75.7,0,0
713,2019-04-13 6:00,5.9,287.1,0.6,0,,,75.4,0,0
713,2019-04-13 7:00,6.6,292.1,0.7,0,,,75,0,0
713,2019-04-13 8:00,9.5,284.1,0.5,0,,,64.2,0,0
713,2019-04-13 9:00,12.9,137.5,0.5,0,,,52,0,0
713,2019-04-13 10:00,16.3,151.9,1.3,0,,,47.5,0,0
713,2019-04-13 11:00,16.3,193.6,1.7,0,,,39.1,0,0
713,2019-04-13 12:00,18,191.2,1.8,0,,,30.7,0,0
713,2019-04-13 13:00,18.6,179.1,1.6,0,,,27.2,0,0
713,2019-04-13 14:00,18.6,184.2,3.8,0,,,21.1,0,0
713,2019-04-13 15:00,19.7,193.6,4,0,,,23.4,0,0
713,2019-04-13 16:00,18.6,211.9,4.4,0,,,23.5,0,0
713,2019-04-13 17:00,18.2,207.8,3.8,0,,,25,0,0
713,2019-04-13 18:00,16.8,207.6,2.9,0,,,29.3,0,0
713,2019-04-13 19:00,14.6,163.4,1.7,0,,,41,0,0
713,2019-04-13 20:00,13.4,235.3,1.2,0,,,45.2,0,0
713,2019-04-13 21:00,10.7,282.7,0.9,0,,,57,0,0
713,2019-04-13 22:00,10.4,298.7,1.1,0,,,60.2,0,0
713,2019-04-13 23:00,9.1,301.3,0.8,0,,,66,0,0
713,2019-04-14 0:00,9.1,277.5,0.7,0,,,67.6,0,0
713,2019-04-14 1:00,9.1,267.5,0.6,0,,,67.4,0,0
713,2019-04-14 2:00,9.3,292.2,0.7,0,,,67.1,0,0
713,2019-04-14 3:00,9.3,288.9,0.5,0,,,67.9,0,0
713,2019-04-14 4:00,9.2,297.2,0.6,0,,,68.2,0,0
713,2019-04-14 5:00,9.3,0,0.4,0,,,66.8,0,0
713,2019-04-14 6:00,9.4,0,0.3,0,,,70.1,0,0
713,2019-04-14 7:00,9.8,0,0.4,0,,,67.4,0,0
713,2019-04-14 8:00,11.4,319.7,0.8,0,,,59.7,0,0
713,2019-04-14 9:00,12.5,106.6,0.7,0,,,55.2,0,0
713,2019-04-14 10:00,14.4,187.4,0.8,0,,,53.1,0,0
713,2019-04-14 11:00,15.2,184.8,1.7,0,,,54,0,0
713,2019-04-14 12:00,14.4,274.3,3.1,0,,,56.1,0,0
713,2019-04-14 13:00,13.9,265.9,2.2,0,,,62.8,0,0
713,2019-04-14 14:00,14,253.1,0.9,0,,,62.7,0,0
713,2019-04-14 15:00,14.5,259.6,3.1,0,,,68.3,0,0
713,2019-04-14 16:00,15.5,278.7,2.5,0,,,65.8,0,0
713,2019-04-14 17:00,15.7,271.8,3.9,0,,,53.4,0,0
713,2019-04-14 18:00,14.8,288.7,3,0,,,46.3,0,0
713,2019-04-14 19:00,13.3,274.3,2.6,0,,,45.4,0,0
713,2019-04-14 20:00,12.3,301.5,1.8,0,,,46.1,0,0
713,2019-04-14 21:00,11.3,287.5,1.9,0,,,48.7,0,0
713,2019-04-14 22:00,9.8,335.9,0.9,0,,,36,0,0
713,2019-04-14 23:00,9.8,319.5,2.2,0,,,34.2,0,0
713,2019-04-15 0:00,9.5,323.6,1.9,0,,,40.2,0,0
713,2019-04-15 1:00,8.8,336.3,1.4,0,,,42.9,0,0
713,2019-04-15 2:00,7.3,289.4,1.8,0,,,54.4,0,0
713,2019-04-15 3:00,7.5,333.8,1.7,0,,,56.3,0,0
713,2019-04-15 4:00,4,104,0.5,0,,,70.6,0,0
713,2019-04-15 5:00,2.2,0,0.1,0,,,81,0,0
713,2019-04-15 6:00,2.6,323.6,0.7,0,,,81.3,0,0
713,2019-04-15 7:00,3.7,0,0.4,0,,,75.4,0,0
713,2019-04-15 8:00,8.5,89,0.9,0,,,50.5,0,0
713,2019-04-15 9:00,12.2,116.4,1.1,0,,,40.7,0,0
713,2019-04-15 10:00,14.6,106.4,1.2,0,,,28.3,0,0
713,2019-04-15 11:00,17.8,155.3,1.9,0,,,23.7,0,0
713,2019-04-15 12:00,19.6,134,1.7,0,,,21.5,0,0
713,2019-04-15 13:00,22.2,146.4,2.2,0,,,18.2,0,0
713,2019-04-15 14:00,22.5,127.8,1.7,0,,,15.3,0,0
713,2019-04-15 15:00,23,263.1,3.3,0,,,15.1,0,0
713,2019-04-15 16:00,22.7,267.6,4,0,,,13.1,0,0
713,2019-04-15 17:00,22.7,266.4,2.8,0,,,13.7,0,0
713,2019-04-15 18:00,20.6,268,2.8,0,,,18.3,0,0
713,2019-04-15 19:00,18.1,280.1,1.8,0,,,23.3,0,0
713,2019-04-15 20:00,16.4,316.2,1.2,0,,,27.4,0,0
713,2019-04-15 21:00,13.8,300.4,1,0,,,36.2,0,0
713,2019-04-15 22:00,11.5,0,0.2,0,,,39.2,0,0
713,2019-04-15 23:00,10.5,326.4,0.9,0,,,45.2,0,0
713,2019-04-16 0:00,8.5,0,0.4,0,,,53.1,0,0
713,2019-04-16 1:00,7.8,317.1,0.6,0,,,55.7,0,0
713,2019-04-16 2:00,6.7,316.5,0.8,0,,,61.6,0,0
713,2019-04-16 3:00,5.9,273.6,0.7,0,,,64.4,0,0
713,2019-04-16 4:00,5.5,309.2,0.7,0,,,64.5,0,0
713,2019-04-16 5:00,5.4,301.5,0.8,0,,,64.3,0,0
713,2019-04-16 6:00,4.7,293.4,0.6,0,,,68.3,0,0
713,2019-04-16 7:00,6.6,302.5,0.6,0,,,61.6,0,0
713,2019-04-16 8:00,12.2,290.3,0.6,0,,,41.9,0,0
713,2019-04-16 9:00,14.5,108.6,0.6,0,,,32.1,0,0
713,2019-04-16 10:00,18.1,142,1.1,0,,,31.1,0,0
713,2019-04-16 11:00,22.7,165.5,2,0,,,24.7,0,0
713,2019-04-16 12:00,22.6,172.2,2.7,0,,,24.3,0,0
713,2019-04-16 13:00,22.3,145.7,2.5,0,,,23.7,0,0
713,2019-04-16 14:00,23.6,203.6,2.4,0,,,25.5,0,0
713,2019-04-16 15:00,22,198.5,2.7,0,,,21.2,0,0
713,2019-04-16 16:00,22.2,214,1.9,0,,,25.3,0,0
713,2019-04-16 17:00,21.3,151.6,2.1,0,,,20.9,0,0
713,2019-04-16 18:00,19.5,176.4,1.5,0,,,28.8,0,0
713,2019-04-16 19:00,17.6,225.4,1.4,0,,,33.1,0,0
713,2019-04-16 20:00,15.6,294.8,0.7,0,,,41.8,0,0
713,2019-04-16 21:00,14.2,279.6,0.6,0,,,46.6,0,0
713,2019-04-16 22:00,13.5,271.9,1.3,0,,,42.2,0,0
713,2019-04-16 23:00,12.4,291,1.1,0,,,50,0,0
713,2019-04-17 0:00,12.2,277.5,1.1,0,,,48.4,0,0
713,2019-04-17 1:00,11.7,277.7,0.6,0,,,50.5,0,0
713,2019-04-17 2:00,11.8,0,0.4,0,,,55.4,0,0
713,2019-04-17 3:00,13.7,262.3,2.5,0,,,71.7,0,0
713,2019-04-17 4:00,13.1,22.8,0.8,0,,,70.3,0,0
713,2019-04-17 5:00,13,295.5,1,0,,,78.4,0,0
713,2019-04-17 6:00,11.9,176.3,1.1,0,,,88.1,0,0
713,2019-04-17 7:00,11.7,0,0.2,0,,,91.1,0,0
713,2019-04-17 8:00,12.8,321.6,0.7,0,,,82.6,0,0
713,2019-04-17 9:00,14,0,0.1,0,,,78.2,0,0
713,2019-04-17 10:00,15.3,0,0.2,0,,,67.4,0,0
713,2019-04-17 11:00,17.1,262.3,0.9,0,,,57.6,0,0
713,2019-04-17 12:00,17.7,20.4,0.5,0,,,50.6,0,0
713,2019-04-17 13:00,18.9,233,0.5,0,,,45.4,0,0
713,2019-04-17 14:00,20.6,100.5,0.7,0,,,36.6,0,0
713,2019-04-17 15:00,21.9,231.1,2.8,0,,,35.4,0,0
713,2019-04-17 16:00,22.3,152.8,1.8,0,,,30.6,0,0
713,2019-04-17 17:00,21.5,215.5,2.3,0,,,38.3,0,0
713,2019-04-17 18:00,19.5,207.4,3,0,,,43.1,0,0
713,2019-04-17 19:00,17.7,202.1,2.1,0,,,51.5,0,0
713,2019-04-17 20:00,15.2,229.7,0.9,0,,,62.4,0,0
713,2019-04-17 21:00,13.4,276.3,0.7,0,,,71.3,0,0
713,2019-04-17 22:00,12.1,283.5,0.8,0,,,75.1,0,0
713,2019-04-17 23:00,11.1,297.5,0.8,0,,,78.9,0,0
713,2019-04-18 0:00,10.2,321.1,0.7,0,,,82.9,0,0
713,2019-04-18 1:00,9.2,314.1,0.7,0,,,87.2,0,0
713,2019-04-18 2:00,8.7,275.7,0.5,0,,,89.3,0,0
713,2019-04-18 3:00,8.4,316.6,0.7,0,,,90.5,0,0
713,2019-04-18 4:00,7.6,293.1,0.5,0,,,95.2,0,0
713,2019-04-18 5:00,7.6,294.6,0.7,0,,,96.5,0,0
713,2019-04-18 6:00,7.1,0,0.3,0,,,98.6,0,0
713,2019-04-18 7:00,8.7,0,0.3,0,,,94.9,0,0
713,2019-04-18 8:00,12.1,0,0.1,0,,,75.1,0,0
713,2019-04-18 9:00,16.4,127.9,1.2,0,,,66.5,0,0
713,2019-04-18 10:00,20.1,175.2,2.8,0,,,49.7,0,0
713,2019-04-18 11:00,20.6,196,3,0,,,43.6,0,0
713,2019-04-18 12:00,22.1,198.9,3.5,0,,,42.3,0,0
713,2019-04-18 13:00,22.4,192.4,4,0,,,40.8,0,0
713,2019-04-18 14:00,23.6,186,4,0,,,41.3,0,0
713,2019-04-18 15:00,23.5,200.3,4.4,0,,,46.7,0,0
713,2019-04-18 16:00,23.5,199.1,4.6,0,,,45.9,0,0
713,2019-04-18 17:00,23.4,188.2,3.1,0,,,42.3,0,0
713,2019-04-18 18:00,22.4,195.3,2.4,0,,,43.8,0,0
713,2019-04-18 19:00,21.6,253.6,2,0,,,37.9,0,0
713,2019-04-18 20:00,19.7,238,1.4,0,,,42,0,0
713,2019-04-18 21:00,16.9,190.8,0.7,0,,,55.2,0,0
713,2019-04-18 22:00,15.7,263.4,1,0,,,62.9,0,0
713,2019-04-18 23:00,14.1,334.3,0.5,0,,,66.3,0,0
713,2019-04-19 0:00,13.5,0,0.2,0,,,72.3,0,0
713,2019-04-19 1:00,13,0,0.4,0,,,74.3,0,0
713,2019-04-19 2:00,12,0,0.1,0,,,79.9,0,0
713,2019-04-19 3:00,11.3,0,0.4,0,,,84.9,0,0
713,2019-04-19 4:00,11.2,295.9,0.8,0,,,85,0,0
713,2019-04-19 5:00,10.6,325.2,0.7,0,,,88.3,0,0
713,2019-04-19 6:00,10.5,0,0.4,0,,,89.8,0,0
713,2019-04-19 7:00,12,302.5,0.8,0,,,84,0,0
713,2019-04-19 8:00,15.4,0,0.3,0,,,72.5,0,0
713,2019-04-19 9:00,17.5,164.7,1.3,0,,,66.3,0,0
713,2019-04-19 10:00,16.7,96.5,2.4,0,,,70.7,0,0
713,2019-04-19 11:00,18.1,151.4,2.1,0,,,67,0,0
713,2019-04-19 12:00,18.3,226.3,2.1,0,,,65.5,0,0
713,2019-04-19 13:00,18.8,192.9,1.5,0,,,59.6,0,0
713,2019-04-19 14:00,19.6,155.9,1.8,0,,,57.9,0,0
713,2019-04-19 15:00,18,74.8,1.8,0,,,61.4,0,0
713,2019-04-19 16:00,17.3,107.2,1.7,0,,,60.9,0,0
713,2019-04-19 17:00,16.7,74.9,2.1,0,,,59.4,0,0
713,2019-04-19 18:00,15.9,111.1,1.9,0,,,61.9,0,0
713,2019-04-19 19:00,15.3,95.4,2,0,,,62.5,0,0
713,2019-04-19 20:00,14.5,116.1,1.5,0,,,67.8,0,0
713,2019-04-19 21:00,14,89.3,1.9,0,,,70.2,0,0
713,2019-04-19 22:00,13.7,98.3,1,0,,,69.2,0,0
713,2019-04-19 23:00,13.7,94.4,1.3,0,,,68.2,0,0
713,2019-04-20 0:00,13.1,111.8,0.8,0,,,68.6,0,0
713,2019-04-20 1:00,12.9,0,0.1,0,,,69,0,0
713,2019-04-20 2:00,12.6,0,0.3,0,,,71.9,0,0
713,2019-04-20 3:00,12.6,339.7,0.5,0,,,73,0,0
713,2019-04-20 4:00,11.6,103,1.3,0,,,74.5,0,0
713,2019-04-20 5:00,10.4,0,0.1,0,,,81.8,0,0
713,2019-04-20 6:00,9.2,0,0.4,0,,,91.1,0,0
713,2019-04-20 7:00,10.2,310.6,0.8,0,,,85.5,0,0
713,2019-04-20 8:00,13.9,23.3,0.5,0,,,72.1,0,0
713,2019-04-20 9:00,15.1,134.4,0.9,0,,,65.1,0,0
713,2019-04-20 10:00,16.1,173.9,1,0,,,59,0,0
713,2019-04-20 11:00,18.2,134.5,1.3,0,,,55.7,0,0
713,2019-04-20 12:00,20.9,152.1,1.4,0,,,50.9,0,0
713,2019-04-20 13:00,21.6,159,2.3,0,,,48.1,0,0
713,2019-04-20 14:00,23,191.8,2.6,0,,,45.8,0,0
713,2019-04-20 15:00,22.3,206.8,3.1,0,,,45.8,0,0
713,2019-04-20 16:00,21.4,217.8,2.8,0,,,47,0,0
713,2019-04-20 17:00,21.4,213.7,2.6,0,,,49.1,0,0
713,2019-04-20 18:00,19.1,213.1,2.9,0,,,52.5,0,0
713,2019-04-20 19:00,16.8,227.5,1.7,0,,,61,0,0
713,2019-04-20 20:00,15.8,215.8,1.7,0,,,67.5,0,0
713,2019-04-20 21:00,14.6,307.9,0.9,0,,,75.3,0,0
713,2019-04-20 22:00,13.2,0,0.4,0,,,80.7,0,0
713,2019-04-20 23:00,12.6,317.9,0.7,0,,,83.8,0,0
713,2019-04-21 0:00,12,301.7,0.7,0,,,87.6,0,0
713,2019-04-21 1:00,11.6,297.1,0.6,0,,,89.9,0,0
713,2019-04-21 2:00,11,0,0.2,0,,,92,0,0
713,2019-04-21 3:00,10.8,303,0.9,0,,,92.8,0,0
713,2019-04-21 4:00,10.7,0,0.4,0,,,94.8,0,0
713,2019-04-21 5:00,10.5,312.2,0.6,0,,,94.9,0,0
713,2019-04-21 6:00,10.4,286.8,0.5,0,,,96.1,0,0
713,2019-04-21 7:00,11.9,0,0.3,0,,,90,0,0
713,2019-04-21 8:00,15,0,0.4,0,,,77.2,0,0
713,2019-04-21 9:00,18.3,155.3,0.9,0,,,64.4,0,0
713,2019-04-21 10:00,20.8,166.7,1,0,,,56.1,0,0
713,2019-04-21 11:00,22.7,256.5,1,0,,,48.7,0,0
713,2019-04-21 12:00,22.8,98.5,1.6,0,,,46.5,0,0
713,2019-04-21 13:00,24.3,151.9,3,0,,,41.7,0,0
713,2019-04-21 14:00,24.8,193.5,3.5,0,,,42,0,0
713,2019-04-21 15:00,24.8,207.1,2.3,0,,,44.6,0,0
713,2019-04-21 16:00,24.6,201.9,2.3,0,,,45.2,0,0
713,2019-04-21 17:00,24.1,191.2,2.6,0,,,46,0,0
713,2019-04-21 18:00,22.1,209.1,3,0,,,52.5,0,0
713,2019-04-21 19:00,21.7,322.8,0.6,0,,,56.3,0,0
713,2019-04-21 20:00,20.5,13.1,0.8,0,,,60.5,0,0
713,2019-04-21 21:00,18.9,0,0.1,0,,,64.7,0,0
713,2019-04-21 22:00,18.3,0,0.3,0,,,69.9,0,0
713,2019-04-21 23:00,16.8,0,0.4,0,,,74.3,0,0
713,2019-04-22 0:00,16.5,291.7,0.7,0,,,75.9,0,0
713,2019-04-22 1:00,15.4,277.1,0.7,0,,,80.7,0,0
713,2019-04-22 2:00,14.3,0,0.3,0,,,84.3,0,0
713,2019-04-22 3:00,14,305.2,0.8,0,,,86.1,0,0
713,2019-04-22 4:00,13.5,300.8,0.9,0,,,87.1,0,0
713,2019-04-22 5:00,13,306.5,0.7,0,,,89,0,0
713,2019-04-22 6:00,12.5,315.3,0.6,0,,,90,0,0
713,2019-04-22 7:00,14.6,320.7,0.5,0,,,84.4,0,0
713,2019-04-22 8:00,18.6,0,0.3,0,,,67.1,0,0
713,2019-04-22 9:00,21,168.6,1.1,0,,,61.3,0,0
713,2019-04-22 10:00,22.9,139.8,2.1,0,,,53.6,0,0
713,2019-04-22 11:00,24.4,95,2.7,0,,,49.3,0,0
713,2019-04-22 12:00,25.5,143.9,2.8,0,,,47.5,0,0
713,2019-04-22 13:00,25.9,147.7,2.8,0,,,45,0,0
713,2019-04-22 14:00,26.4,162.3,3.8,0,,,42.6,0,0
713,2019-04-22 15:00,25.7,121.5,2.6,0,,,42,0,0
713,2019-04-22 16:00,25.1,125.5,2.4,0,,,43.2,0,0
713,2019-04-22 17:00,24.1,117,2.1,0,,,44,0,0
713,2019-04-22 18:00,21.5,220,1.7,0,,,52.1,0,0
713,2019-04-22 19:00,20.2,219.9,2.1,0,,,56,0,0
713,2019-04-22 20:00,18.8,250.6,0.6,0,,,63.6,0,0
713,2019-04-22 21:00,17.6,275.1,0.5,0,,,70.3,0,0
713,2019-04-22 22:00,17.6,121.1,1,0,,,66.1,0,0
713,2019-04-22 23:00,16.3,277.9,0.5,0,,,75.1,0,0
713,2019-04-23 0:00,15.9,291.4,1,0,,,76.5,0,0
713,2019-04-23 1:00,15.3,284.7,1,0,,,79.1,0,0
713,2019-04-23 2:00,15.7,5.4,0.6,0,,,77.4,0,0
713,2019-04-23 3:00,14.8,280,0.8,0,,,81.6,0,0
713,2019-04-23 4:00,14.3,291.1,1.1,0,,,83.4,0,0
713,2019-04-23 5:00,13.9,309,1.2,0,,,84.5,0,0
713,2019-04-23 6:00,13.4,297.7,1.2,0,,,84.7,0,0
713,2019-04-23 7:00,14.3,283.1,0.9,0,,,81.2,0,0
713,2019-04-23 8:00,16.2,274,0.7,0,,,73.7,0,0
713,2019-04-23 9:00,19.5,92.7,1.4,0,,,52.9,0,0
713,2019-04-23 10:00,19.8,100,1.2,0,,,48.8,0,0
713,2019-04-23 11:00,19.6,124,1.4,0,,,50.2,0,0
713,2019-04-23 12:00,17.9,132.1,1.9,0,,,65.3,0,0
713,2019-04-23 13:00,16.8,87,0.9,0.5,,,75.4,0,0
713,2019-04-23 14:00,16.4,74.9,2.2,1,,,81.5,0,0
713,2019-04-23 15:00,15.7,8.3,0.7,1.5,,,92.3,0,0
713,2019-04-23 16:00,16.1,0,0.4,0,,,89.7,0,0
713,2019-04-23 17:00,15.8,62.1,0.6,1,,,96.6,0,0
713,2019-04-23 18:00,15.6,32.6,0.9,1.5,,,96.3,0,0
713,2019-04-23 19:00,15.4,0,0.4,1,,,98.5,0,0
713,2019-04-23 20:00,15.6,46.7,0.7,0,,,97.1,0,0
713,2019-04-23 21:00,16.3,83.8,1,0,,,91.8,0,0
713,2019-04-23 22:00,15.7,74.8,0.7,0.5,,,98.5,0,0
713,2019-04-23 23:00,15.7,0,0.4,0.5,,,96.1,0,0
713,2019-04-24 0:00,15.6,0,0.4,0,,,98.2,0,0
713,2019-04-24 1:00,15.7,0,0.4,0.5,,,99.2,0,0
713,2019-04-24 2:00,15.7,0,0.4,0,,,99.4,0,0
713,2019-04-24 3:00,15.7,0,0.4,0.5,,,99.3,0,0
713,2019-04-24 4:00,15.8,0,0.1,0,,,99.4,0,0
713,2019-04-24 5:00,15.9,0,0.1,0,,,99.4,0,0
713,2019-04-24 6:00,15.9,285.4,0.9,0,,,99.4,0,0
713,2019-04-24 7:00,16.3,0,0.4,0,,,99.3,0,0
713,2019-04-24 8:00,17.2,0,0.4,0,,,98.9,0,0
713,2019-04-24 9:00,18.8,173.1,1.4,0,,,89.3,0,0
713,2019-04-24 10:00,20.1,76.1,0.7,0,,,81.3,0,0
713,2019-04-24 11:00,21.6,211.2,1.1,0,,,77.8,0,0
713,2019-04-24 12:00,21.3,204,1.9,0,,,77.5,0,0
713,2019-04-24 13:00,22.2,203.9,3.1,0,,,76.5,0,0
713,2019-04-24 14:00,21.4,198.8,3.3,0,,,77.1,0,0
713,2019-04-24 15:00,20.9,0,0.4,0,,,79.6,0,0
713,2019-04-24 16:00,22,190.3,1.5,0,,,77.8,0,0
713,2019-04-24 17:00,21.7,248.6,0.8,0,,,77,0,0
713,2019-04-24 18:00,20.8,212.1,1.2,0,,,82.1,0,0
713,2019-04-24 19:00,20.2,218,1.8,0,,,85.1,0,0
713,2019-04-24 20:00,20,271.7,2.1,0,,,81.8,0,0
713,2019-04-24 21:00,19.5,276.4,1.3,0,,,82.9,0,0
713,2019-04-24 22:00,19.4,269.5,1,0,,,82.5,0,0
713,2019-04-24 23:00,17.9,261.3,1,0,,,88.5,0,0
713,2019-04-25 0:00,17.3,264.3,0.6,0,,,96.4,0,0
713,2019-04-25 1:00,16.9,271,0.7,0,,,95.1,0,0
713,2019-04-25 2:00,16.8,0,0,0,,,94.6,0,0
713,2019-04-25 3:00,16.5,0,0.2,0,,,97.3,0,0
713,2019-04-25 4:00,16.9,0,0,0,,,94.8,0,0
713,2019-04-25 5:00,17.1,94.9,0.7,0,,,94.5,0,0
713,2019-04-25 6:00,17.5,107.7,1.6,0,,,86.1,0,0
713,2019-04-25 7:00,17.2,153.1,0.8,0,,,86.6,0,0
713,2019-04-25 8:00,17.3,0,0.3,0,,,87.5,0,0
713,2019-04-25 9:00,16.8,103.4,1,0,,,90.1,0,0
713,2019-04-25 10:00,17.6,143,1.2,0,,,87,0,0
713,2019-04-25 11:00,17.5,112,1,0,,,86.3,0,0
713,2019-04-25 12:00,16.9,181.8,1.6,0,,,90.3,0,0
713,2019-04-25 13:00,17.5,105.2,1.6,0,,,86.1,0,0
713,2019-04-25 14:00,17.4,97.6,1.5,0,,,82.1,0,0
713,2019-04-25 15:00,17,138.4,1.1,0,,,85.7,0,0
713,2019-04-25 16:00,15.9,195.1,1.5,0.5,,,98,0,0
713,2019-04-25 17:00,15.2,192.1,1.2,1,,,99.5,0,0
713,2019-04-25 18:00,15,195.7,1.1,0.5,,,99.4,0,0
713,2019-04-25 19:00,14.6,219.6,1.7,0,,,97.5,0,0
713,2019-04-25 20:00,14.2,196.2,1.9,0,,,99.3,0,0
713,2019-04-25 21:00,13.9,197.5,1.7,0,,,99.6,0,0
713,2019-04-25 22:00,13.5,160.6,1.1,1,,,99.4,0,0
713,2019-04-25 23:00,13.2,150.8,0.7,0,,,99.1,0,0
713,2019-04-26 0:00,13.1,197.5,2.9,0.5,,,97.7,0,0
713,2019-04-26 1:00,13,190.7,2.6,0,,,95.9,0,0
713,2019-04-26 2:00,13.1,203.2,3.1,0,,,96.4,0,0
713,2019-04-26 3:00,13.4,262.1,2.4,0,,,93.9,0,0
713,2019-04-26 4:00,12.8,277.3,2.8,0,,,87.1,0,0
713,2019-04-26 5:00,11.5,260.2,3,0,,,84,0,0
713,2019-04-26 6:00,11,277.1,1,0,,,77.7,0,0
713,2019-04-26 7:00,11,270.4,1.6,0,,,79.6,0,0
713,2019-04-26 8:00,10.8,271.1,3.1,0,,,73.2,0,0
713,2019-04-26 9:00,12.5,283.2,4,0,,,64.5,0,0
713,2019-04-26 10:00,14.1,292.4,3.4,0,,,57.3,0,0
713,2019-04-26 11:00,14,272.4,3.8,0,,,57.4,0,0
713,2019-04-26 12:00,14.3,271.6,2.6,0,,,57.9,0,0
713,2019-04-26 13:00,15.5,263.2,3.9,0,,,53.4,0,0
713,2019-04-26 14:00,14.2,307.9,3.7,0,,,56.7,0,0
713,2019-04-26 15:00,12.9,274.6,2.7,0,,,65.2,0,0
713,2019-04-26 16:00,12.6,275.1,2.6,0,,,69.3,0,0
713,2019-04-26 17:00,12.5,288,1.7,0,,,70.4,0,0
713,2019-04-26 18:00,12,273.4,3.1,0,,,74.7,0,0
713,2019-04-26 19:00,10.8,270.1,2.5,0,,,82.3,0,0
713,2019-04-26 20:00,10.1,295.6,1.5,0,,,82.8,0,0
713,2019-04-26 21:00,10.6,291.6,1.7,0,,,80.7,0,0
713,2019-04-26 22:00,10.8,334.6,0.7,0,,,75.7,0,0
713,2019-04-26 23:00,10.3,284.3,0.8,0,,,79.5,0,0
713,2019-04-27 0:00,10.3,298.8,0.6,0,,,79.9,0,0
713,2019-04-27 1:00,10.1,286.7,0.7,0,,,81.5,0,0
713,2019-04-27 2:00,9.5,297.2,0.7,0,,,84.1,0,0
713,2019-04-27 3:00,8.4,290,0.7,0,,,93.3,0,0
713,2019-04-27 4:00,8.2,290.4,0.6,0,,,94.5,0,0
713,2019-04-27 5:00,7.2,0,0.3,0,,,96.1,0,0
713,2019-04-27 6:00,6.5,313.8,0.6,0,,,99,0,0
713,2019-04-27 7:00,9.1,290.3,0.9,0,,,89.8,0,0
713,2019-04-27 8:00,11.8,292.2,0.6,0,,,77.1,0,0
713,2019-04-27 9:00,14.7,96.2,0.6,0,,,55.9,0,0
713,2019-04-27 10:00,15.6,129.1,1.3,0,,,46.9,0,0
713,2019-04-27 11:00,16.8,191.3,1.9,0,,,47.9,0,0
713,2019-04-27 12:00,18,161.6,2.3,0,,,43.7,0,0
713,2019-04-27 13:00,18.9,187.4,2.7,0,,,37.3,0,0
713,2019-04-27 14:00,19.4,176.6,3.6,0,,,38.1,0,0
713,2019-04-27 15:00,19,161.2,2.5,0,,,36.9,0,0
713,2019-04-27 16:00,17.8,193.8,2.2,0,,,40,0,0
713,2019-04-27 17:00,16.2,172.7,3,0,,,50.2,0,0
713,2019-04-27 18:00,15.1,151.1,2.1,0,,,53.2,0,0
713,2019-04-27 19:00,13.8,148.9,2.1,0,,,60.4,0,0
713,2019-04-27 20:00,13.2,180.6,1.3,0,,,64,0,0
713,2019-04-27 21:00,13.3,90.3,0.9,0,,,63.7,0,0
713,2019-04-27 22:00,11.8,315.1,0.9,0,,,74.4,0,0
713,2019-04-27 23:00,10.9,289.9,0.7,0,,,79.5,0,0
713,2019-04-28 0:00,10.6,295.2,1,0,,,80.7,0,0
713,2019-04-28 1:00,10,312.4,0.8,0,,,82.8,0,0
713,2019-04-28 2:00,9.3,309.4,0.7,0,,,86.6,0,0
713,2019-04-28 3:00,8.6,307.8,0.5,0,,,90.5,0,0
713,2019-04-28 4:00,8.2,291.6,0.9,0,,,89.7,0,0
713,2019-04-28 5:00,8.4,304.3,1.4,0,,,88.3,0,0
713,2019-04-28 6:00,8.5,294.7,0.5,0,,,88,0,0
713,2019-04-28 7:00,10.1,315.3,0.6,0,,,80.6,0,0
713,2019-04-28 8:00,10.6,293.2,1.2,0,,,79.9,0,0
713,2019-04-28 9:00,11.8,294.7,0.9,0,,,74,0,0
713,2019-04-28 10:00,12.1,0,0.3,0,,,73.3,0,0
713,2019-04-28 11:00,12,339.8,0.8,1,,,81.3,0,0
713,2019-04-28 12:00,12.2,346.2,0.6,0,,,74.7,0,0
713,2019-04-28 13:00,14.7,35.6,1.1,0,,,57.7,0,0
713,2019-04-28 14:00,17.3,175.9,1.2,0,,,46.2,0,0
713,2019-04-28 15:00,18.8,77,1.9,0,,,40.3,0,0
713,2019-04-28 16:00,18.9,105.9,2,0,,,38,0,0
713,2019-04-28 17:00,18.5,157.9,2,0,,,37.2,0,0
713,2019-04-28 18:00,16.2,224.8,2.8,0,,,49.5,0,0
713,2019-04-28 19:00,14.8,209.7,1.9,0,,,53.6,0,0
713,2019-04-28 20:00,14.2,266.4,0.6,0,,,55.4,0,0
713,2019-04-28 21:00,13,295.9,1.2,0,,,68.2,0,0
713,2019-04-28 22:00,11.8,297.6,1.2,0,,,75.3,0,0
713,2019-04-28 23:00,11.5,297.2,0.8,0,,,76.1,0,0
713,2019-04-29 0:00,11.9,306.7,1,0,,,75.1,0,0
713,2019-04-29 1:00,11.9,0,0.1,0,,,76.7,0,0
713,2019-04-29 2:00,12,314.6,0.6,0,,,76.6,0,0
713,2019-04-29 3:00,12,273.7,0.5,0,,,77,0,0
713,2019-04-29 4:00,12.3,282.4,0.5,0,,,77.7,0,0
713,2019-04-29 5:00,12.2,0,0.4,0,,,78.8,0,0
713,2019-04-29 6:00,12.8,289.4,0.7,0,,,71.3,0,0
713,2019-04-29 7:00,13.1,61.6,0.9,0,,,69.6,0,0
713,2019-04-29 8:00,13.1,13.9,0.9,0,,,69.1,0,0
713,2019-04-29 9:00,11.5,348.8,1.3,1.5,,,90,0,0
713,2019-04-29 10:00,11.7,164.3,0.7,3.5,,,96.2,0,0
713,2019-04-29 11:00,12.3,237.4,0.8,1.5,,,99.1,0,0
713,2019-04-29 12:00,12.5,205.3,0.8,1.5,,,99.3,0,0
713,2019-04-29 13:00,13,0,0.2,4,,,99.6,0,0
713,2019-04-29 14:00,13,290.3,1.2,6,,,99.6,0,0
713,2019-04-29 15:00,13.3,194.2,0.9,4.5,,,99.4,0,0
713,2019-04-29 16:00,13.4,0,0.3,3.5,,,99.6,0,0
713,2019-04-29 17:00,13.5,114.7,0.5,10.5,,,99.6,0,0
713,2019-04-29 18:00,13.7,181.8,0.6,3.5,,,99.6,0,0
713,2019-04-29 19:00,13.8,185.1,1.5,1.5,,,99.4,0,0
713,2019-04-29 20:00,14,301.7,1.3,0,,,99.4,0,0
713,2019-04-29 21:00,13.8,0,0.2,0.5,,,99.4,0,0
713,2019-04-29 22:00,13.6,307.1,0.7,0,,,99.4,0,0
713,2019-04-29 23:00,13.4,0,0.4,0,,,99.4,0,0
713,2019-04-30 0:00,13.6,330.3,0.7,0,,,99.4,0,0
713,2019-04-30 1:00,13.4,299.6,0.5,0,,,99.4,0,0
713,2019-04-30 2:00,13.4,0,0.4,0,,,99.4,0,0
713,2019-04-30 3:00,13.2,0,0,0,,,99.4,0,0
713,2019-04-30 4:00,13.2,0,0.2,0,,,99.4,0,0
713,2019-04-30 5:00,13.4,0,0.1,0,,,99.4,0,0
713,2019-04-30 6:00,13.4,0,0,0,,,99.4,0,0
713,2019-04-30 7:00,14.1,0,0.4,0,,,99.4,0,0
713,2019-04-30 8:00,15,207.4,0.5,0,,,98,0,0
713,2019-04-30 9:00,15.6,273,1.2,0,,,90.6,0,0
713,2019-04-30 10:00,17.4,209.4,0.6,0,,,79,0,0
713,2019-04-30 11:00,18.3,288.8,1.1,0,,,77.7,0,0
713,2019-04-30 12:00,19.4,303,1.6,0,,,71.3,0,0
713,2019-04-30 13:00,20,265.3,0.6,0,,,67.3,0,0
713,2019-04-30 14:00,21.7,224.3,0.9,0,,,63.4,0,0
713,2019-04-30 15:00,23,183,1.9,0,,,58.7,0,0
713,2019-04-30 16:00,21.1,202,2.4,0,,,66,0,0
713,2019-04-30 17:00,20.6,152.7,1.5,0,,,67.4,0,0
713,2019-04-30 18:00,19.6,196.2,2.4,0,,,69.7,0,0
713,2019-04-30 19:00,18.1,220.8,1.7,0,,,74.8,0,0
713,2019-04-30 20:00,16.8,191.3,1.2,0,,,80.7,0,0
713,2019-04-30 21:00,16.7,229.6,1.4,0,,,80.9,0,0
713,2019-04-30 22:00,15.5,224.7,0.5,0,,,87.6,0,0
713,2019-04-30 23:00,14.5,0,0.2,0,,,96.8,0,0
713,2019-05-01 0:00,13.8,0,0.1,0,,,99.4,0,0
713,2019-05-01 1:00,13.2,0,0.4,0,,,99.4,0,0
713,2019-05-01 2:00,13,0,0.2,0,,,99.4,0,0
713,2019-05-01 3:00,12.7,0,0.4,0,,,99.4,0,0
713,2019-05-01 4:00,12.6,0,0.2,0,,,99.4,0,0
713,2019-05-01 5:00,13.5,0,0.3,0,,,99.4,0,0
713,2019-05-01 6:00,13.8,0,0.1,0,,,86.3,0,0
713,2019-05-01 7:00,14.2,0,0.1,0,,,87.4,0,0
713,2019-05-01 8:00,16.2,178.9,0.7,0,,,74.8,0,0
713,2019-05-01 9:00,18,0,0.2,0,,,58.8,0,0
713,2019-05-01 10:00,19,152.4,1,0,,,56.2,0,0
713,2019-05-01 11:00,21.1,231.9,1.2,0,,,53.1,0,0
713,2019-05-01 12:00,23.2,263,1.9,0,,,47.3,0,0
713,2019-05-01 13:00,24.4,251.3,2.4,0,,,41.7,0,0
713,2019-05-01 14:00,24.5,314.6,2.3,0,,,37,0,0
713,2019-05-01 15:00,24.6,286.3,3,0,,,36.8,0,0
713,2019-05-01 16:00,23.7,307.3,3.3,0,,,36.7,0,0
713,2019-05-01 17:00,22.7,312.9,3.6,0,,,38.6,0,0
713,2019-05-01 18:00,21.4,279.2,2.6,0,,,42.5,0,0
713,2019-05-01 19:00,19.7,291.9,2.5,0,,,46,0,0
713,2019-05-01 20:00,18.8,300.1,3.4,0,,,48.3,0,0
713,2019-05-01 21:00,17,283.9,2.6,0,,,48.4,0,0
713,2019-05-01 22:00,15.3,309.2,1.1,0,,,54.5,0,0
713,2019-05-01 23:00,13.8,290.9,0.7,0,,,54.1,0,0
713,2019-05-02 0:00,13.3,291.9,1.6,0,,,54.6,0,0
713,2019-05-02 1:00,12.9,327.6,1.2,0,,,61.6,0,0
713,2019-05-02 2:00,12.4,335.6,1,0,,,64.6,0,0
713,2019-05-02 3:00,12,300.2,1.1,0,,,65.6,0,0
713,2019-05-02 4:00,9.7,113.5,0.9,0,,,74.2,0,0
713,2019-05-02 5:00,8.6,78.1,0.8,0,,,78.4,0,0
713,2019-05-02 6:00,7.7,0,0,0,,,87.7,0,0
713,2019-05-02 7:00,11.8,0,0.2,0,,,70.7,0,0
713,2019-05-02 8:00,14.5,101.4,1.2,0,,,59,0,0
713,2019-05-02 9:00,18.4,127.3,0.7,0,,,45.4,0,0
713,2019-05-02 10:00,22.1,286.1,2.2,0,,,30.8,0,0
713,2019-05-02 11:00,22.5,268.5,4,0,,,25.9,0,0
713,2019-05-02 12:00,23.8,273.9,3.5,0,,,22.6,0,0
713,2019-05-02 13:00,25.6,266.7,2.8,0,,,20.3,0,0
713,2019-05-02 14:00,26.1,306.6,3.1,0,,,21,0,0
713,2019-05-02 15:00,26.1,308.7,2.4,0,,,25.6,0,0
713,2019-05-02 16:00,25.7,310.9,3.8,0,,,15.1,0,0
713,2019-05-02 17:00,25.3,294.3,3.4,0,,,18.2,0,0
713,2019-05-02 18:00,24.1,313.6,2.8,0,,,21.3,0,0
713,2019-05-02 19:00,21.9,315.4,2.1,0,,,24.3,0,0
713,2019-05-02 20:00,19.4,331.4,0.8,0,,,32.1,0,0
713,2019-05-02 21:00,17.8,262.4,1.2,0,,,32.2,0,0
713,2019-05-02 22:00,15.9,9.7,0.5,0,,,40.6,0,0
713,2019-05-02 23:00,13.5,288.8,1.7,0,,,48.1,0,0
713,2019-05-03 0:00,11.8,324.6,0.8,0,,,55.7,0,0
713,2019-05-03 1:00,10.3,0,0.3,0,,,60.9,0,0
713,2019-05-03 2:00,9.6,297.7,0.5,0,,,64.4,0,0
713,2019-05-03 3:00,8.4,0,0.3,0,,,73,0,0
713,2019-05-03 4:00,8.5,321.7,0.9,0,,,75.2,0,0
713,2019-05-03 5:00,8.1,296,1.2,0,,,76.2,0,0
713,2019-05-03 6:00,7.7,302.6,1,0,,,74.6,0,0
713,2019-05-03 7:00,11.1,280.5,0.8,0,,,65.5,0,0
713,2019-05-03 8:00,15.4,0,0.3,0,,,53.7,0,0
713,2019-05-03 9:00,18.4,332.1,0.5,0,,,38.5,0,0
713,2019-05-03 10:00,21.7,135.6,0.9,0,,,34.4,0,0
713,2019-05-03 11:00,25.3,169.8,1.4,0,,,32.2,0,0
713,2019-05-03 12:00,26.4,132.6,2.8,0,,,26.2,0,0
713,2019-05-03 13:00,26.7,160,3.1,0,,,23.7,0,0
713,2019-05-03 14:00,27.2,178.2,3,0,,,25.1,0,0
713,2019-05-03 15:00,27.9,173.3,2.3,0,,,21.9,0,0
713,2019-05-03 16:00,26,219.2,3.1,0,,,27.3,0,0
713,2019-05-03 17:00,25,218.6,2.9,0,,,26.9,0,0
713,2019-05-03 18:00,22.7,237.2,1.9,0,,,27.6,0,0
713,2019-05-03 19:00,20.5,245.4,1.2,0,,,33.8,0,0
713,2019-05-03 20:00,18.1,325.4,1.1,0,,,44.1,0,0
713,2019-05-03 21:00,15.8,301.7,0.7,0,,,53.1,0,0
713,2019-05-03 22:00,14.2,290,1.2,0,,,59.4,0,0
713,2019-05-03 23:00,13,295.3,0.7,0,,,66.5,0,0
713,2019-05-04 0:00,11.5,276.3,0.8,0,,,73.5,0,0
713,2019-05-04 1:00,10.7,300.3,0.9,0,,,76.5,0,0
713,2019-05-04 2:00,10.1,324.7,0.5,0,,,79,0,0
713,2019-05-04 3:00,9.4,307.3,0.6,0,,,79.5,0,0
713,2019-05-04 4:00,9.1,0,0.4,0,,,79.4,0,0
713,2019-05-04 5:00,9,310.3,0.7,0,,,81.6,0,0
713,2019-05-04 6:00,8.7,308.8,0.5,0,,,85.7,0,0
713,2019-05-04 7:00,12,285.1,0.6,0,,,72.6,0,0
713,2019-05-04 8:00,16.2,0,0.4,0,,,53.8,0,0
713,2019-05-04 9:00,20.5,82.8,0.5,0,,,40.9,0,0
713,2019-05-04 10:00,23.6,156.8,0.9,0,,,34.3,0,0
713,2019-05-04 11:00,25.8,138.1,1.7,0,,,29.3,0,0
713,2019-05-04 12:00,27.2,140.3,1.6,0,,,22.3,0,0
713,2019-05-04 13:00,27.9,144.4,1.9,0,,,22.6,0,0
713,2019-05-04 14:00,28.7,155.1,2.9,0,,,21.4,0,0
713,2019-05-04 15:00,28.2,219,2.4,0,,,27.5,0,0
713,2019-05-04 16:00,26.7,220.8,3,0,,,29.4,0,0
713,2019-05-04 17:00,26.3,207.9,2.1,0,,,29.9,0,0
713,2019-05-04 18:00,23.6,207.3,1.9,0,,,32.2,0,0
713,2019-05-04 19:00,21.4,226.7,0.9,0,,,36.7,0,0
713,2019-05-04 20:00,19.6,308.8,1.2,0,,,45.9,0,0
713,2019-05-04 21:00,18,283.9,0.8,0,,,51.1,0,0
713,2019-05-04 22:00,16.8,288.1,1.1,0,,,56.2,0,0
713,2019-05-04 23:00,15.5,289.6,1,0,,,62.8,0,0
713,2019-05-05 0:00,14.4,0,0.3,0,,,68.2,0,0
713,2019-05-05 1:00,13.9,302.2,0.8,0,,,70.4,0,0
713,2019-05-05 2:00,13.2,295.5,0.7,0,,,75,0,0
713,2019-05-05 3:00,12.8,297.2,1.1,0,,,75.6,0,0
713,2019-05-05 4:00,11.7,0,0.2,0,,,81.4,0,0
713,2019-05-05 5:00,11.5,306.5,1,0,,,82.8,0,0
713,2019-05-05 6:00,11.2,315.5,0.7,0,,,86.6,0,0
713,2019-05-05 7:00,14,0,0.1,0,,,74.8,0,0
713,2019-05-05 8:00,17.2,0,0.4,0,,,62.1,0,0
713,2019-05-05 9:00,20.2,0,0.1,0,,,49.5,0,0
713,2019-05-05 10:00,23.3,144.7,1,0,,,46.2,0,0
713,2019-05-05 11:00,24.6,120.8,1.8,0,,,39.2,0,0
713,2019-05-05 12:00,27.6,170.8,2.9,0,,,33.6,0,0
713,2019-05-05 13:00,27.9,196.9,2.9,0,,,22.5,0,0
713,2019-05-05 14:00,28,203.1,3.3,0,,,18.3,0,0
713,2019-05-05 15:00,28.2,205.9,3.4,0,,,19.3,0,0
713,2019-05-05 16:00,27.3,195,3.8,0,,,22.3,0,0
713,2019-05-05 17:00,25.5,209.2,4.1,0,,,32.4,0,0
713,2019-05-05 18:00,24.2,179,2.7,0,,,34.6,0,0
713,2019-05-05 19:00,22.4,181.7,2.6,0,,,34.5,0,0
713,2019-05-05 20:00,20.7,291.6,0.8,0,,,40.2,0,0
713,2019-05-05 21:00,18.3,272.9,1,0,,,50.9,0,0
713,2019-05-05 22:00,16.6,0,0.4,0,,,59.8,0,0
713,2019-05-05 23:00,15.3,0,0.2,0,,,65.3,0,0
713,2019-05-06 0:00,13.9,0,0.2,0,,,68.5,0,0
713,2019-05-06 1:00,12.8,0,0.1,0,,,72.9,0,0
713,2019-05-06 2:00,11.9,0,0.2,0,,,74.8,0,0
713,2019-05-06 3:00,11.9,0,0.3,0,,,73.6,0,0
713,2019-05-06 4:00,10.2,0,0.2,0,,,81.1,0,0
713,2019-05-06 5:00,11.7,247,0.7,0,,,71,0,0
713,2019-05-06 6:00,14.8,275.8,2.5,0,,,51.4,0,0
713,2019-05-06 7:00,16,285.7,2,0,,,54.1,0,0
713,2019-05-06 8:00,16,269.2,2.2,0,,,57.8,0,0
713,2019-05-06 9:00,17.2,269.2,1.5,0,,,52.8,0,0
713,2019-05-06 10:00,18.6,271.2,3.1,0,,,48.2,0,0
713,2019-05-06 11:00,20.4,270.7,3.4,0,,,34.9,0,0
713,2019-05-06 12:00,22.1,256.5,2.7,0,,,30.1,0,0
713,2019-05-06 13:00,23.2,248.3,2.7,0,,,29.4,0,0
713,2019-05-06 14:00,24.1,272.7,3.3,0,,,26.3,0,0
713,2019-05-06 15:00,23.7,268.5,3.7,0,,,25.3,0,0
713,2019-05-06 16:00,23.1,272.5,4.2,0,,,22.5,0,0
713,2019-05-06 17:00,22.4,271.6,3.2,0,,,23.3,0,0
713,2019-05-06 18:00,20.6,269.4,3.1,0,,,28,0,0
713,2019-05-06 19:00,18,266.5,2.5,0,,,33.3,0,0
713,2019-05-06 20:00,16,269.6,2.3,0,,,33.1,0,0
713,2019-05-06 21:00,14.6,268.3,2.3,0,,,36.5,0,0
713,2019-05-06 22:00,13.3,289.8,0.9,0,,,40.6,0,0
713,2019-05-06 23:00,12.4,24.8,0.6,0,,,44.1,0,0
713,2019-05-07 0:00,11.1,338.3,0.5,0,,,49.8,0,0
713,2019-05-07 1:00,11.1,338.2,0.5,0,,,56.7,0,0
713,2019-05-07 2:00,10.3,309.4,1,0,,,60.1,0,0
713,2019-05-07 3:00,9.5,296.9,0.9,0,,,67.6,0,0
713,2019-05-07 4:00,8.8,297.6,1.2,0,,,73.8,0,0
713,2019-05-07 5:00,7.9,295.3,0.8,0,,,80.8,0,0
713,2019-05-07 6:00,7.7,297.7,0.9,0,,,84.4,0,0
713,2019-05-07 7:00,10.8,324.3,1,0,,,69.3,0,0
713,2019-05-07 8:00,13.4,331.9,0.8,0,,,51.2,0,0
713,2019-05-07 9:00,16.3,154.9,0.9,0,,,43.1,0,0
713,2019-05-07 10:00,18.6,221,1.1,0,,,34.6,0,0
713,2019-05-07 11:00,19.6,283.9,2.4,0,,,23,0,0
713,2019-05-07 12:00,20.5,95.1,1.5,0,,,25.8,0,0
713,2019-05-07 13:00,22.2,177.6,2.4,0,,,24.7,0,0
713,2019-05-07 14:00,21.8,129.7,1.9,0,,,21.3,0,0
713,2019-05-07 15:00,22.4,146.4,2.6,0,,,23.3,0,0
713,2019-05-07 16:00,22.6,155.2,2.7,0,,,23.4,0,0
713,2019-05-07 17:00,22.6,192.5,2.4,0,,,26.3,0,0
713,2019-05-07 18:00,19.9,168.4,3,0,,,33.2,0,0
713,2019-05-07 19:00,17.4,164.5,2,0,,,39.6,0,0
713,2019-05-07 20:00,16.5,191.9,2.1,0,,,38.4,0,0
713,2019-05-07 21:00,13.4,286.9,1.2,0,,,56.3,0,0
713,2019-05-07 22:00,11.9,284.2,0.9,0,,,63.1,0,0
713,2019-05-07 23:00,11.2,319.4,0.6,0,,,66,0,0
713,2019-05-08 0:00,9.4,0,0.3,0,,,74.1,0,0
713,2019-05-08 1:00,8.1,0,0.2,0,,,73.9,0,0
713,2019-05-08 2:00,8.2,318.9,0.6,0,,,73.3,0,0
713,2019-05-08 3:00,7.5,268.8,0.6,0,,,76.9,0,0
713,2019-05-08 4:00,6.7,0,0.3,0,,,74.8,0,0
713,2019-05-08 5:00,5.7,0,0.1,0,,,76.5,0,0
713,2019-05-08 6:00,6.8,76.1,0.6,0,,,72.5,0,0
713,2019-05-08 7:00,10.3,59.9,0.6,0,,,54.8,0,0
713,2019-05-08 8:00,12.9,72.4,1,0,,,43.2,0,0
713,2019-05-08 9:00,17,120.1,0.8,0,,,34.3,0,0
713,2019-05-08 10:00,20.6,262.2,1.8,0,,,23.7,0,0
713,2019-05-08 11:00,22.3,258.8,2.9,0,,,21.7,0,0
713,2019-05-08 12:00,23.4,278.2,2.9,0,,,17.7,0,0
713,2019-05-08 13:00,23.2,258.6,2.1,0,,,19.5,0,0
713,2019-05-08 14:00,24.6,295,2.8,0,,,17.9,0,0
713,2019-05-08 15:00,23.5,318,2.2,0,,,19.7,0,0
713,2019-05-08 16:00,22.8,297.2,2.6,0,,,21.8,0,0
713,2019-05-08 17:00,22.1,277.3,2.2,0,,,23.4,0,0
713,2019-05-08 18:00,21.8,265.2,1.7,0,,,25.1,0,0
713,2019-05-08 19:00,19.7,274.8,1.5,0,,,28.6,0,0
713,2019-05-08 20:00,17.6,305,0.9,0,,,33.8,0,0
713,2019-05-08 21:00,16.1,276.2,1.2,0,,,39.1,0,0
713,2019-05-08 22:00,16.5,273.4,1.1,0,,,31.8,0,0
713,2019-05-08 23:00,16.1,265.8,0.5,0,,,31.8,0,0
713,2019-05-09 0:00,15.7,297.9,1,0,,,30.4,0,0
713,2019-05-09 1:00,15.4,290.5,0.5,0,,,30.6,0,0
713,2019-05-09 2:00,14.8,0,0.3,0,,,30.2,0,0
713,2019-05-09 3:00,13.1,53,0.9,0,,,48.9,0,0
713,2019-05-09 4:00,12.3,134.6,0.6,0,,,49.5,0,0
713,2019-05-09 5:00,11.3,153.8,1,0,,,52.8,0,0
713,2019-05-09 6:00,10.8,0,0.1,0,,,55.9,0,0
713,2019-05-09 7:00,13,305.5,0.5,0,,,48,0,0
713,2019-05-09 8:00,14.6,281.3,0.6,0,,,41.6,0,0
713,2019-05-09 9:00,17,103.7,0.7,0,,,39.9,0,0
713,2019-05-09 10:00,20.8,147.7,0.9,0,,,28.5,0,0
713,2019-05-09 11:00,22.9,127.2,2.1,0,,,27.3,0,0
713,2019-05-09 12:00,24,165.7,1.8,0,,,22,0,0
713,2019-05-09 13:00,24.5,152,2.4,0,,,23.7,0,0
713,2019-05-09 14:00,25.6,203.4,2.4,0,,,23.2,0,0
713,2019-05-09 15:00,25.8,193.4,2.7,0,,,22.3,0,0
713,2019-05-09 16:00,25.4,207.1,3.2,0,,,23.3,0,0
713,2019-05-09 17:00,24.3,221.7,3.2,0,,,24,0,0
713,2019-05-09 18:00,22.3,217.6,3.4,0,,,32.4,0,0
713,2019-05-09 19:00,20.6,210.7,2.7,0,,,37.7,0,0
713,2019-05-09 20:00,17.7,292.4,1.5,0,,,53.3,0,0
713,2019-05-09 21:00,15.3,327.1,0.6,0,,,59.8,0,0
713,2019-05-09 22:00,14.4,242.1,0.5,0,,,52.8,0,0
713,2019-05-09 23:00,13.8,305.9,0.6,0,,,60.3,0,0
713,2019-05-10 0:00,12.4,297.8,0.7,0,,,61.8,0,0
713,2019-05-10 1:00,11.7,303,0.9,0,,,60.7,0,0
713,2019-05-10 2:00,10.9,290.7,0.6,0,,,64.9,0,0
713,2019-05-10 3:00,10.5,0,0.3,0,,,68.8,0,0
713,2019-05-10 4:00,10.4,0,0.4,0,,,70.2,0,0
713,2019-05-10 5:00,10.1,0,0.4,0,,,72.2,0,0
713,2019-05-10 6:00,10.5,299.1,0.8,0,,,69.5,0,0
713,2019-05-10 7:00,12.4,0,0.4,0,,,63.7,0,0
713,2019-05-10 8:00,16.5,258.7,0.6,0,,,50.7,0,0
713,2019-05-10 9:00,19.7,24.2,0.7,0,,,41,0,0
713,2019-05-10 10:00,22.2,134.9,1.1,0,,,33.3,0,0
713,2019-05-10 11:00,24.3,173.1,1.9,0,,,31.8,0,0
713,2019-05-10 12:00,25.6,157.9,1.8,0,,,24.2,0,0
713,2019-05-10 13:00,26.7,154.8,1.8,0,,,23.2,0,0
713,2019-05-10 14:00,27.1,162.9,0.8,0,,,20.3,0,0
713,2019-05-10 15:00,27.9,177.4,1.8,0,,,20,0,0
713,2019-05-10 16:00,27.5,206.7,2.8,0,,,19.9,0,0
713,2019-05-10 17:00,25.1,205.4,2.6,0,,,31.8,0,0
713,2019-05-10 18:00,23.6,206.7,2.3,0,,,34,0,0
713,2019-05-10 19:00,21.4,222.7,1.6,0,,,36.9,0,0
713,2019-05-10 20:00,19.3,315.2,1.3,0,,,48.2,0,0
713,2019-05-10 21:00,16.9,272.3,0.7,0,,,56.9,0,0
713,2019-05-10 22:00,15.9,292.8,1,0,,,60.3,0,0
713,2019-05-10 23:00,14.4,298,1.1,0,,,67,0,0
713,2019-05-11 0:00,13.6,299.4,0.8,0,,,69,0,0
713,2019-05-11 1:00,12.7,306.2,0.8,0,,,74,0,0
713,2019-05-11 2:00,11.2,0,0.4,0,,,81.3,0,0
713,2019-05-11 3:00,11.2,293.3,0.5,0,,,81.7,0,0
713,2019-05-11 4:00,10.9,293.5,0.9,0,,,83,0,0
713,2019-05-11 5:00,10.1,299.1,0.5,0,,,84.7,0,0
713,2019-05-11 6:00,10.4,299.1,0.9,0,,,83.7,0,0
713,2019-05-11 7:00,13.3,0,0.3,0,,,73.9,0,0
713,2019-05-11 8:00,17.7,310.1,0.9,0,,,59,0,0
713,2019-05-11 9:00,21.3,108.7,0.7,0,,,45.9,0,0
713,2019-05-11 10:00,23.1,158.6,1.8,0,,,40.7,0,0
713,2019-05-11 11:00,26.4,160.3,1.6,0,,,30.1,0,0
713,2019-05-11 12:00,27.9,161.4,1.7,0,,,29.7,0,0
713,2019-05-11 13:00,27.9,165.8,2.6,0,,,25.3,0,0
713,2019-05-11 14:00,28.4,163,2.7,0,,,33.4,0,0
713,2019-05-11 15:00,28.1,169.1,2.6,0,,,30.5,0,0
713,2019-05-11 16:00,27.8,146,2.1,0,,,30.5,0,0
713,2019-05-11 17:00,26.1,214.6,2.3,0,,,33.9,0,0
713,2019-05-11 18:00,24.4,223.9,2,0,,,34.8,0,0
713,2019-05-11 19:00,22.6,166.5,1.6,0,,,42.1,0,0
713,2019-05-11 20:00,20.4,324.8,1,0,,,50.2,0,0
713,2019-05-11 21:00,18.2,259.3,0.9,0,,,55.5,0,0
713,2019-05-11 22:00,17.2,291.8,0.8,0,,,62.5,0,0
713,2019-05-11 23:00,15.8,300.2,0.6,0,,,66.8,0,0
713,2019-05-12 0:00,15.1,312.7,0.7,0,,,68.3,0,0
713,2019-05-12 1:00,14.4,302.1,1.1,0,,,70.9,0,0
713,2019-05-12 2:00,13.9,286.6,0.5,0,,,70,0,0
713,2019-05-12 3:00,13.9,298.9,0.9,0,,,69.6,0,0
713,2019-05-12 4:00,13.3,0,0.4,0,,,69.8,0,0
713,2019-05-12 5:00,12.6,0,0.4,0,,,72.8,0,0
713,2019-05-12 6:00,13.7,307.1,0.8,0,,,69.9,0,0
713,2019-05-12 7:00,15.3,296.2,0.9,0,,,63.5,0,0
713,2019-05-12 8:00,20.3,0,0.3,0,,,53.1,0,0
713,2019-05-12 9:00,22.9,141.3,1.2,0,,,44.1,0,0
713,2019-05-12 10:00,25.4,167.9,1.4,0,,,37.4,0,0
713,2019-05-12 11:00,27.7,158.6,1.3,0,,,31.4,0,0
713,2019-05-12 12:00,27.6,110,3.4,0,,,17.2,0,0
713,2019-05-12 13:00,28.6,106.3,2.6,0,,,16.2,0,0
713,2019-05-12 14:00,29.4,154.7,2.8,0,,,16.9,0,0
713,2019-05-12 15:00,28.4,139.8,2.2,0,,,17.5,0,0
713,2019-05-12 16:00,27.9,181,2.8,0,,,20.9,0,0
713,2019-05-12 17:00,26.7,157.9,1.6,0,,,30.3,0,0
713,2019-05-12 18:00,25.4,197.5,1.9,0,,,33.7,0,0
713,2019-05-12 19:00,22.8,238.7,1,0,,,32.4,0,0
713,2019-05-12 20:00,19.6,300.4,1.6,0,,,46.9,0,0
713,2019-05-12 21:00,17.8,272.8,1,0,,,51.1,0,0
713,2019-05-12 22:00,16.3,296,1,0,,,56.7,0,0
713,2019-05-12 23:00,14.6,252.4,0.7,0,,,61.8,0,0
713,2019-05-13 0:00,13.4,304.1,0.6,0,,,67.3,0,0
713,2019-05-13 1:00,13.1,292.9,0.7,0,,,69.3,0,0
713,2019-05-13 2:00,12.5,285.2,0.9,0,,,70,0,0
713,2019-05-13 3:00,12.5,302.5,1,0,,,67.3,0,0
713,2019-05-13 4:00,11.6,294,1.1,0,,,80.6,0,0
713,2019-05-13 5:00,11.1,277.8,0.5,0,,,82.3,0,0
713,2019-05-13 6:00,11.4,0,0.4,0,,,80,0,0
713,2019-05-13 7:00,13.5,0,0.4,0,,,71.2,0,0
713,2019-05-13 8:00,17,265.6,0.5,0,,,56.4,0,0
713,2019-05-13 9:00,21,147.6,1.7,0,,,48.2,0,0
713,2019-05-13 10:00,22.4,86.4,0.9,0,,,36.6,0,0
713,2019-05-13 11:00,24.7,144.3,1.6,0,,,30.2,0,0
713,2019-05-13 12:00,25.2,108.6,2.5,0,,,31.6,0,0
713,2019-05-13 13:00,25.5,180.3,3.3,0,,,36.1,0,0
713,2019-05-13 14:00,24.9,177,2.5,0,,,41.3,0,0
713,2019-05-13 15:00,25.6,180.5,2.7,0,,,46.5,0,0
713,2019-05-13 16:00,24,220.5,2.7,0,,,50.5,0,0
713,2019-05-13 17:00,23.4,222.4,2.6,0,,,53.2,0,0
713,2019-05-13 18:00,21.9,214.5,2.2,0,,,60.1,0,0
713,2019-05-13 19:00,20.5,243.3,1.3,0,,,69.2,0,0
713,2019-05-13 20:00,19.9,259.2,0.9,0,,,70.7,0,0
713,2019-05-13 21:00,19.2,201,1,0,,,75,0,0
713,2019-05-13 22:00,18.9,273.7,0.7,0,,,77.1,0,0
713,2019-05-13 23:00,18.4,0,0,0,,,79,0,0
713,2019-05-14 0:00,18.3,6.6,0.5,0,,,81.8,0,0
713,2019-05-14 1:00,17.5,300.9,0.6,0,,,82.5,0,0
713,2019-05-14 2:00,16.9,259.6,0.5,0,,,84.9,0,0
713,2019-05-14 3:00,17,0,0.3,0,,,85,0,0
713,2019-05-14 4:00,17.7,0,0.1,0,,,82,0,0
713,2019-05-14 5:00,17.7,0,0.4,0,,,82.5,0,0
713,2019-05-14 6:00,17.7,292,0.7,0,,,82.2,0,0
713,2019-05-14 7:00,18.5,352.3,0.6,0,,,74.3,0,0
713,2019-05-14 8:00,20.1,301.4,0.5,0,,,73.2,0,0
713,2019-05-14 9:00,22.8,345.4,1,0,,,68.3,0,0
713,2019-05-14 10:00,25.3,205.4,1.5,0,,,60.6,0,0
713,2019-05-14 11:00,27.6,153,1.6,0,,,54.8,0,0
713,2019-05-14 12:00,27.6,147.3,1.6,0,,,49.1,0,0
713,2019-05-14 13:00,28.6,161.4,2.7,0,,,45.2,0,0
713,2019-05-14 14:00,27.3,162.7,2.3,0,,,44.5,0,0
713,2019-05-14 15:00,26.3,159.6,3.4,0,,,48.6,0,0
713,2019-05-14 16:00,27.5,142.8,2.4,0,,,44.6,0,0
713,2019-05-14 17:00,25.7,154,2.8,0,,,49,0,0
713,2019-05-14 18:00,24.5,165.3,2.8,0,,,51.9,0,0
713,2019-05-14 19:00,22.9,191.2,1.9,0,,,61.2,0,0
713,2019-05-14 20:00,21.1,215,1.4,0,,,69.3,0,0
713,2019-05-14 21:00,20.5,0,0.2,0,,,73.1,0,0
713,2019-05-14 22:00,19.9,268.2,0.7,0,,,75.3,0,0
713,2019-05-14 23:00,19.4,323.8,0.6,0,,,77.2,0,0
713,2019-05-15 0:00,18.5,293.6,0.7,0,,,81.3,0,0
713,2019-05-15 1:00,17.8,282,0.5,0,,,84.7,0,0
713,2019-05-15 2:00,17.6,0,0.4,0,,,86.6,0,0
713,2019-05-15 3:00,17,0,0.1,0,,,89.9,0,0
713,2019-05-15 4:00,16.4,0,0.2,0,,,91.6,0,0
713,2019-05-15 5:00,15.9,282.3,1,0,,,93.7,0,0
713,2019-05-15 6:00,16.2,0,0.4,0,,,93.8,0,0
713,2019-05-15 7:00,18.4,283.3,0.7,0,,,83.2,0,0
713,2019-05-15 8:00,21.4,146.9,0.5,0,,,71.3,0,0
713,2019-05-15 9:00,24.3,196.4,0.8,0,,,61.8,0,0
713,2019-05-15 10:00,25.7,156.6,1.1,0,,,56.4,0,0
713,2019-05-15 11:00,27.5,183,2.2,0,,,49.7,0,0
713,2019-05-15 12:00,28.7,148.4,1.5,0,,,43.1,0,0
713,2019-05-15 13:00,29.7,186.8,3.3,0,,,41.7,0,0
713,2019-05-15 14:00,29.1,167.5,3.9,0,,,43.8,0,0
713,2019-05-15 15:00,27.9,155.8,3.3,0,,,41.5,0,0
713,2019-05-15 16:00,27.5,159.3,2.8,0,,,43.9,0,0
713,2019-05-15 17:00,25.4,220.4,2.7,0,,,48.9,0,0
713,2019-05-15 18:00,24,224,1.2,0,,,52.9,0,0
713,2019-05-15 19:00,22.7,242.3,0.6,0,,,56.4,0,0
713,2019-05-15 20:00,21,252.5,0.8,0,,,66.3,0,0
713,2019-05-15 21:00,19.8,282.6,1.1,0,,,69.7,0,0
713,2019-05-15 22:00,19.6,319.2,1,0,,,69.8,0,0
713,2019-05-15 23:00,18.6,305.9,0.9,0,,,71.6,0,0
713,2019-05-16 0:00,17.2,287.8,1,0,,,76.4,0,0
713,2019-05-16 1:00,16,0,0.4,0,,,80.8,0,0
713,2019-05-16 2:00,15.7,315.7,0.9,0,,,78.5,0,0
713,2019-05-16 3:00,15.3,290.9,0.8,0,,,77.8,0,0
713,2019-05-16 4:00,15,0,0.4,0,,,77.9,0,0
713,2019-05-16 5:00,14.9,308.1,0.7,0,,,79.1,0,0
713,2019-05-16 6:00,14.8,307.3,0.6,0,,,80.4,0,0
713,2019-05-16 7:00,17.4,289.3,0.6,0,,,71.2,0,0
713,2019-05-16 8:00,20.8,314.7,0.8,0,,,57.3,0,0
713,2019-05-16 9:00,23.9,162.1,1.4,0,,,50.9,0,0
713,2019-05-16 10:00,26.3,176.7,2.3,0,,,45.3,0,0
713,2019-05-16 11:00,27.9,182.5,2.3,0,,,39.4,0,0
713,2019-05-16 12:00,28.8,160.3,2.3,0,,,34.7,0,0
713,2019-05-16 13:00,29.4,106.2,2.3,0,,,27.9,0,0
713,2019-05-16 14:00,29.9,92.5,2,0,,,28.7,0,0
713,2019-05-16 15:00,30.6,145.3,2.4,0,,,25.2,0,0
713,2019-05-16 16:00,28.7,164.2,3,0,,,36.7,0,0
713,2019-05-16 17:00,27.3,152.2,3,0,,,38.1,0,0
713,2019-05-16 18:00,26.5,164,2.1,0,,,39.6,0,0
713,2019-05-16 19:00,23.6,231,1.4,0,,,49.6,0,0
713,2019-05-16 20:00,21.8,249.2,0.9,0,,,58.2,0,0
713,2019-05-16 21:00,19.7,270.1,1.1,0,,,66.7,0,0
713,2019-05-16 22:00,19.1,278.5,0.9,0,,,69.6,0,0
713,2019-05-16 23:00,18.1,284.4,0.9,0,,,72.8,0,0
713,2019-05-17 0:00,17.3,322.2,0.6,0,,,77.2,0,0
713,2019-05-17 1:00,16.5,288.5,0.7,0,,,79.6,0,0
713,2019-05-17 2:00,15.7,304,0.8,0,,,82.5,0,0
713,2019-05-17 3:00,15.4,302.6,0.7,0,,,84,0,0
713,2019-05-17 4:00,15.5,295.7,0.8,0,,,83.4,0,0
713,2019-05-17 5:00,15,311.5,0.7,0,,,85.1,0,0
713,2019-05-17 6:00,14.8,294.9,1.1,0,,,86.6,0,0
713,2019-05-17 7:00,18.4,314.6,0.7,0,,,73.3,0,0
713,2019-05-17 8:00,21.6,0,0.4,0,,,57.6,0,0
713,2019-05-17 9:00,25,174.7,1,0,,,49.4,0,0
713,2019-05-17 10:00,27,98.5,2.6,0,,,44.4,0,0
713,2019-05-17 11:00,26.7,81.4,2.3,0,,,41.8,0,0
713,2019-05-17 12:00,28,144.5,2.4,0,,,41.8,0,0
713,2019-05-17 13:00,28.6,123.3,2.2,0,,,40.7,0,0
713,2019-05-17 14:00,28.9,105.7,2.6,0,,,36.9,0,0
713,2019-05-17 15:00,27.8,132.2,2.5,0,,,42.7,0,0
713,2019-05-17 16:00,25.4,128.1,2.1,0,,,53.5,0,0
713,2019-05-17 17:00,24.6,78.1,2.1,0,,,56.5,0,0
713,2019-05-17 18:00,23.8,88.6,1.6,0,,,58.6,0,0
713,2019-05-17 19:00,23.2,80.4,0.9,0,,,59.9,0,0
713,2019-05-17 20:00,21.1,95,1.4,0,,,74.5,0,0
713,2019-05-17 21:00,19.1,288.8,1.1,3.5,,,98.7,0,0
713,2019-05-17 22:00,18.4,0,0.4,2,,,99,0,0
713,2019-05-17 23:00,18.1,42.9,1.1,0.5,,,85.3,0,0
713,2019-05-18 0:00,18.1,8.6,0.9,0,,,87.5,0,0
713,2019-05-18 1:00,18.9,58.9,2.8,0,,,83.3,0,0
713,2019-05-18 2:00,18.7,55.3,2.6,0.5,,,82.9,0,0
713,2019-05-18 3:00,17.3,8.3,0.6,2.5,,,96.6,0,0
713,2019-05-18 4:00,17.1,13.1,0.8,7,,,98.1,0,0
713,2019-05-18 5:00,16.9,355.3,1.1,5.5,,,96.5,0,0
713,2019-05-18 6:00,17,23.7,1.1,6,,,96.7,0,0
713,2019-05-18 7:00,17.3,50,1.8,4.5,,,93.8,0,0
713,2019-05-18 8:00,17.2,64.6,2.2,5,,,93.7,0,0
713,2019-05-18 9:00,18.2,63.8,2.8,2.5,,,86.2,0,0
713,2019-05-18 10:00,18,59.4,2.5,1.5,,,88.5,0,0
713,2019-05-18 11:00,18.5,47.8,2.6,1.5,,,87.1,0,0
713,2019-05-18 12:00,18.7,57.4,2.4,0,,,87.9,0,0
713,2019-05-18 13:00,19.1,55.1,3.1,0,,,83.9,0,0
713,2019-05-18 14:00,19.4,73.8,2.3,0.5,,,87.7,0,0
713,2019-05-18 15:00,19.5,62.7,2.5,0,,,83.5,0,0
713,2019-05-18 16:00,19.6,60.1,2.2,0,,,84.4,0,0
713,2019-05-18 17:00,19,63,1.7,0,,,87.4,0,0
713,2019-05-18 18:00,18.8,56.7,1.8,0,,,87.2,0,0
713,2019-05-18 19:00,18.8,46.6,1.9,0,,,84.2,0,0
713,2019-05-18 20:00,18.8,50.4,1.2,0,,,84.1,0,0
713,2019-05-18 21:00,18.8,80.8,0.9,0,,,83.8,0,0
713,2019-05-18 22:00,19.1,55.8,1.3,0,,,82,0,0
713,2019-05-18 23:00,19.1,46.9,0.9,0,,,80.5,0,0
713,2019-05-19 0:00,19,29.8,1.4,0,,,82.2,0,0
713,2019-05-19 1:00,18.1,347.2,0.9,0,,,89.1,0,0
713,2019-05-19 2:00,18.3,65.6,0.8,0,,,87.6,0,0
713,2019-05-19 3:00,18.2,359.2,0.9,0.5,,,90.1,0,0
713,2019-05-19 4:00,18.4,42.9,0.9,0,,,88.1,0,0
713,2019-05-19 5:00,18.8,28.5,1.3,0,,,85.8,0,0
713,2019-05-19 6:00,19.1,77.3,1.5,0,,,83.6,0,0
713,2019-05-19 7:00,19.4,53.4,2,0,,,83.1,0,0
713,2019-05-19 8:00,20,68.4,1.5,0,,,80.2,0,0
713,2019-05-19 9:00,20.6,73.8,2.3,0,,,77.1,0,0
713,2019-05-19 10:00,20,78.2,1.8,0.5,,,86.3,0,0
713,2019-05-19 11:00,19.7,50.2,0.5,1,,,94.6,0,0
713,2019-05-19 12:00,20.9,73.2,1.2,0.5,,,87.1,0,0
713,2019-05-19 13:00,21,83.7,0.7,0.5,,,93.4,0,0
713,2019-05-19 14:00,20.6,72.1,1.5,1,,,93.5,0,0
713,2019-05-19 15:00,20.2,83,1.2,1.5,,,96.2,0,0
713,2019-05-19 16:00,19.9,69.2,1.1,1.5,,,98.2,0,0
713,2019-05-19 17:00,19.7,95.3,1,1,,,99.8,0,0
713,2019-05-19 18:00,20.1,91.2,2.3,0.5,,,94,0,0
713,2019-05-19 19:00,20.1,87.1,1.6,0,,,94.8,0,0
713,2019-05-19 20:00,20,83,0.9,0,,,97.3,0,0
713,2019-05-19 21:00,20.5,88.5,1.1,0,,,97.8,0,0
713,2019-05-19 22:00,20.5,89.6,0.8,0,,,99.8,0,0
713,2019-05-19 23:00,20.5,98.6,1,0,,,99.9,0,0
713,2019-05-20 0:00,20.2,128.9,1.6,0,,,99.1,0,0
713,2019-05-20 1:00,19.5,147.2,1.9,0,,,99.9,0,0
713,2019-05-20 2:00,18.6,152.6,1.8,0,,,99.9,0,0
713,2019-05-20 3:00,18.2,175.5,1.9,0,,,99.9,0,0
713,2019-05-20 4:00,18,200.5,2.1,0.5,,,99.9,0,0
713,2019-05-20 5:00,17.6,201.3,1.7,0,,,99.9,0,0
713,2019-05-20 6:00,17.7,185.9,2,0,,,99.9,0,0
713,2019-05-20 7:00,18.4,171.4,1.3,0,,,99.4,0,0
713,2019-05-20 8:00,18.6,216.7,2.6,0,,,96.9,0,0
713,2019-05-20 9:00,18.9,280.5,1.9,0,,,64.7,0,0
713,2019-05-20 10:00,20.1,288.4,2.9,0,,,50.6,0,0
713,2019-05-20 11:00,19.6,294.9,1.9,0,,,54.1,0,0
713,2019-05-20 12:00,18.6,257.3,2.6,0,,,49.5,0,0
713,2019-05-20 13:00,18.9,291.5,2,0,,,48.7,0,0
713,2019-05-20 14:00,20.4,272.4,3,0,,,47.8,0,0
713,2019-05-20 15:00,22.2,299.1,2.6,0,,,41.3,0,0
713,2019-05-20 16:00,21.9,310,3.1,0,,,43.5,0,0
713,2019-05-20 17:00,20.5,324.4,3.5,0,,,37.4,0,0
713,2019-05-20 18:00,18.9,303.8,3,0,,,35.3,0,0
713,2019-05-20 19:00,17.1,295,2.3,0,,,39.8,0,0
713,2019-05-20 20:00,15.9,281.6,2.3,0,,,39.4,0,0
713,2019-05-20 21:00,15,295.5,1.6,0,,,39.9,0,0
713,2019-05-20 22:00,13.9,301.5,0.9,0,,,42.9,0,0
713,2019-05-20 23:00,13.7,292.2,1.9,0,,,42.6,0,0
713,2019-05-21 0:00,13.6,277.4,2.6,0,,,48.4,0,0
713,2019-05-21 1:00,12.9,266.3,2.7,0,,,53.5,0,0
713,2019-05-21 2:00,12.4,257.7,1.5,0,,,56.3,0,0
713,2019-05-21 3:00,12.5,267.1,1.9,0,,,56.7,0,0
713,2019-05-21 4:00,12.1,269.5,1.3,0,,,58.5,0,0
713,2019-05-21 5:00,8.8,0,0.3,0,,,79.3,0,0
713,2019-05-21 6:00,9.3,320,1.4,0,,,78.9,0,0
713,2019-05-21 7:00,13.2,52.7,0.6,0,,,67.9,0,0
713,2019-05-21 8:00,16.2,140,0.9,0,,,57.6,0,0
713,2019-05-21 9:00,19.7,273.8,2.8,0,,,40,0,0
713,2019-05-21 10:00,21,285.6,2.6,0,,,37.2,0,0
713,2019-05-21 11:00,22.3,277.6,2.9,0,,,32.5,0,0
713,2019-05-21 12:00,24.5,266.3,2.5,0,,,30.6,0,0
713,2019-05-21 13:00,25.4,303.3,2.7,0,,,29.4,0,0
713,2019-05-21 14:00,25.4,281.9,3.4,0,,,30.8,0,0
713,2019-05-21 15:00,26.1,277.5,2.7,0,,,24.9,0,0
713,2019-05-21 16:00,25.3,273.4,3.4,0,,,23.8,0,0
713,2019-05-21 17:00,24.9,261.4,4.1,0,,,24.4,0,0
713,2019-05-21 18:00,24.1,269.1,2.6,0,,,26.5,0,0
713,2019-05-21 19:00,21.9,270.9,3.3,0,,,28.6,0,0
713,2019-05-21 20:00,19.4,309.3,1.1,0,,,38.1,0,0
713,2019-05-21 21:00,16,276.6,0.8,0,,,53.2,0,0
713,2019-05-21 22:00,13.9,280.5,0.7,0,,,62.6,0,0
713,2019-05-21 23:00,13.3,327.2,0.6,0,,,68.7,0,0
713,2019-05-22 0:00,12.1,0,0.4,0,,,73.4,0,0
713,2019-05-22 1:00,11.2,306.5,0.6,0,,,77.5,0,0
713,2019-05-22 2:00,10.9,291.1,1.2,0,,,78.1,0,0
713,2019-05-22 3:00,10.1,304.5,0.8,0,,,77.6,0,0
713,2019-05-22 4:00,9.6,289.7,0.7,0,,,79.9,0,0
713,2019-05-22 5:00,9.5,294.1,1,0,,,80.4,0,0
713,2019-05-22 6:00,9.3,304.6,0.9,0,,,81.5,0,0
713,2019-05-22 7:00,14,0,0.4,0,,,68.2,0,0
713,2019-05-22 8:00,17,0,0.4,0,,,52.6,0,0
713,2019-05-22 9:00,19.7,103.9,1.1,0,,,45.6,0,0
713,2019-05-22 10:00,21.4,111.1,1.8,0,,,43.1,0,0
713,2019-05-22 11:00,24.8,189.4,2.3,0,,,38.7,0,0
713,2019-05-22 12:00,25.9,188.8,2.3,0,,,39.3,0,0
713,2019-05-22 13:00,27.1,201.7,2.2,0,,,35.3,0,0
713,2019-05-22 14:00,27.9,195.2,2.7,0,,,35.1,0,0
713,2019-05-22 15:00,27.9,196.8,2.9,0,,,35.3,0,0
713,2019-05-22 16:00,27.2,216.7,2.9,0,,,36.9,0,0
713,2019-05-22 17:00,27.2,195.4,2.3,0,,,36.5,0,0
713,2019-05-22 18:00,25.9,185.2,2.8,0,,,42.4,0,0
713,2019-05-22 19:00,23.4,211.2,1.4,0,,,53.4,0,0
713,2019-05-22 20:00,21.2,266,0.9,0,,,59.7,0,0
713,2019-05-22 21:00,19.1,300.4,1.5,0,,,73,0,0
713,2019-05-22 22:00,17.6,299.6,1.1,0,,,78.2,0,0
713,2019-05-22 23:00,16.3,294.4,1,0,,,84,0,0
713,2019-05-23 0:00,15.1,289,0.5,0,,,88,0,0
713,2019-05-23 1:00,14.2,283,0.7,0,,,91,0,0
713,2019-05-23 2:00,13.8,289.9,0.5,0,,,92.5,0,0
713,2019-05-23 3:00,13.3,292.6,0.7,0,,,90.6,0,0
713,2019-05-23 4:00,12.8,294.4,0.7,0,,,94.6,0,0
713,2019-05-23 5:00,12.3,0,0.3,0,,,94.5,0,0
713,2019-05-23 6:00,12.4,305.2,1,0,,,92.3,0,0
713,2019-05-23 7:00,15.3,296.3,0.5,0,,,80,0,0
713,2019-05-23 8:00,18.7,0,0.4,0,,,65.8,0,0
713,2019-05-23 9:00,22.2,122.5,1.1,0,,,59.1,0,0
713,2019-05-23 10:00,25.2,170.6,1.8,0,,,45.2,0,0
713,2019-05-23 11:00,27.4,190,2.6,0,,,39.7,0,0
713,2019-05-23 12:00,27.7,208.6,2.9,0,,,41,0,0
713,2019-05-23 13:00,29.3,196.8,3.1,0,,,37.6,0,0
713,2019-05-23 14:00,30.6,260.4,3,0,,,27.8,0,0
713,2019-05-23 15:00,31.5,267.4,1.8,0,,,21.5,0,0
713,2019-05-23 16:00,31.5,291.9,2.5,0,,,21,0,0
713,2019-05-23 17:00,31,269.1,2.3,0,,,23.3,0,0
713,2019-05-23 18:00,30.1,255.2,1.5,0,,,27.9,0,0
713,2019-05-23 19:00,26.4,298.3,1.4,0,,,42.2,0,0
713,2019-05-23 20:00,22.6,271.8,1.2,0,,,51.5,0,0
713,2019-05-23 21:00,20.8,286,1.1,0,,,57.9,0,0
713,2019-05-23 22:00,19.2,297,0.6,0,,,65.2,0,0
713,2019-05-23 23:00,18.2,292.9,1,0,,,69.8,0,0
713,2019-05-24 0:00,17.4,298,1,0,,,74.4,0,0
713,2019-05-24 1:00,16.2,298.2,0.6,0,,,82.7,0,0
713,2019-05-24 2:00,16,312.9,0.5,0,,,83.2,0,0
713,2019-05-24 3:00,15.2,313.3,0.6,0,,,88.6,0,0
713,2019-05-24 4:00,14.6,301.1,0.8,0,,,92,0,0
713,2019-05-24 5:00,14.3,305.5,0.9,0,,,91.2,0,0
713,2019-05-24 6:00,14.3,270.9,0.6,0,,,91,0,0
713,2019-05-24 7:00,17.6,300.3,0.6,0,,,79.7,0,0
713,2019-05-24 8:00,20.8,0,0.4,0,,,65.2,0,0
713,2019-05-24 9:00,24.2,107.8,0.6,0,,,55.3,0,0
713,2019-05-24 10:00,26.8,141.9,1.9,0,,,51.8,0,0
713,2019-05-24 11:00,29.3,168.6,1.9,0,,,38.6,0,0
713,2019-05-24 12:00,29.6,183.4,2.6,0,,,41.3,0,0
713,2019-05-24 13:00,30.2,214.2,2.9,0,,,43.5,0,0
713,2019-05-24 14:00,30,210.7,3.9,0,,,42.5,0,0
713,2019-05-24 15:00,30.5,209.7,3.8,0,,,42.1,0,0
713,2019-05-24 16:00,30.7,200,3.1,0,,,39.6,0,0
713,2019-05-24 17:00,31.5,271,3.5,0,,,27.2,0,0
713,2019-05-24 18:00,30.3,267.4,2,0,,,32,0,0
713,2019-05-24 19:00,28.3,260.5,2.2,0,,,34.3,0,0
713,2019-05-24 20:00,25.1,303.5,1.4,0,,,47.6,0,0
713,2019-05-24 21:00,23,312.1,1.5,0,,,54.6,0,0
713,2019-05-24 22:00,21.3,300.8,1.1,0,,,59.7,0,0
713,2019-05-24 23:00,19.3,0,0.4,0,,,70.2,0,0
713,2019-05-25 0:00,18.9,35,0.6,0,,,73.4,0,0
713,2019-05-25 1:00,17.5,0,0.1,0,,,79.4,0,0
713,2019-05-25 2:00,16.9,0,0.3,0,,,77.5,0,0
713,2019-05-25 3:00,16.1,0,0.2,0,,,82.1,0,0
713,2019-05-25 4:00,15.6,0,0.1,0,,,82.6,0,0
713,2019-05-25 5:00,15.3,0,0.2,0,,,81.2,0,0
713,2019-05-25 6:00,16,323.4,0.5,0,,,78.8,0,0
713,2019-05-25 7:00,19.5,0,0.3,0,,,64.1,0,0
713,2019-05-25 8:00,22,0,0,0,,,56.8,0,0
713,2019-05-25 9:00,24.8,118.9,0.5,0,,,48.1,0,0
713,2019-05-25 10:00,27.8,290,1.4,0,,,30.8,0,0
713,2019-05-25 11:00,28.8,268.1,2.6,0,,,22,0,0
713,2019-05-25 12:00,30.4,259.2,1.6,0,,,22.7,0,0
713,2019-05-25 13:00,30.6,285,2.4,0,,,24,0,0
713,2019-05-25 14:00,31.5,259.2,1.4,0,,,25.4,0,0
713,2019-05-25 15:00,31.4,225.6,2.2,0,,,29.1,0,0
713,2019-05-25 16:00,30.3,216.2,2.2,0,,,35.7,0,0
713,2019-05-25 17:00,28.2,204,3.2,0,,,41.8,0,0
713,2019-05-25 18:00,26.8,208.1,2.5,0,,,48.1,0,0
713,2019-05-25 19:00,25.5,177.6,1.8,0,,,53.2,0,0
713,2019-05-25 20:00,24,240.6,0.8,0,,,61.9,0,0
713,2019-05-25 21:00,21.9,289.6,0.7,0,,,69.9,0,0
713,2019-05-25 22:00,21.1,283.7,1,0,,,72.5,0,0
713,2019-05-25 23:00,20,262.2,0.7,0,,,75.5,0,0
713,2019-05-26 0:00,19.6,275,0.8,0,,,76.5,0,0
713,2019-05-26 1:00,19,260.7,0.6,0,,,80.2,0,0
713,2019-05-26 2:00,18.6,278.3,0.8,0,,,82.5,0,0
713,2019-05-26 3:00,18,276.4,0.5,0,,,84.4,0,0
713,2019-05-26 4:00,17.3,0,0.2,0,,,85.2,0,0
713,2019-05-26 5:00,17,321.3,0.7,0,,,85.4,0,0
713,2019-05-26 6:00,17.6,269.2,0.8,0,,,74.9,0,0
713,2019-05-26 7:00,18.7,310.5,0.9,0,,,63.7,0,0
713,2019-05-26 8:00,21.9,277.6,0.8,0,,,52.8,0,0
713,2019-05-26 9:00,23.6,94.7,0.5,0,,,49.3,0,0
713,2019-05-26 10:00,26.1,177.9,1.4,0,,,50,0,0
713,2019-05-26 11:00,28.5,158.4,3.1,0,,,38.6,0,0
713,2019-05-26 12:00,29.4,161.1,2.8,0,,,28.8,0,0
713,2019-05-26 13:00,28.2,125.5,2.5,0,,,28.2,0,0
713,2019-05-26 14:00,27.9,173.1,3.3,0,,,31.4,0,0
713,2019-05-26 15:00,25.9,164,3,0,,,54.4,0,0
713,2019-05-26 16:00,25.3,140.1,2.6,0,,,60.5,0,0
713,2019-05-26 17:00,24.4,151.8,2.7,0,,,67.4,0,0
713,2019-05-26 18:00,23.3,142.7,2.6,0,,,70.5,0,0
713,2019-05-26 19:00,22.8,135.3,2,0,,,73.1,0,0
713,2019-05-26 20:00,22.4,121.5,1.5,0,,,74.7,0,0
713,2019-05-26 21:00,22.4,115.4,1.4,0,,,73.4,0,0
713,2019-05-26 22:00,21.9,144,1.6,0,,,77.1,0,0
713,2019-05-26 23:00,20.4,0,0.3,0,,,90.5,0,0
713,2019-05-27 0:00,20.1,0,0.1,0.5,,,92.4,0,0
713,2019-05-27 1:00,21.4,110.6,0.8,0,,,80.1,0,0
713,2019-05-27 2:00,21.3,135.8,1.3,0,,,78.7,0,0
713,2019-05-27 3:00,20.6,107,0.7,0,,,87.5,0,0
713,2019-05-27 4:00,20.4,120,1.1,1,,,91.5,0,0
713,2019-05-27 5:00,19.8,136.5,2.3,3.5,,,96.9,0,0
713,2019-05-27 6:00,19.4,147.2,3.1,3,,,99.1,0,0
713,2019-05-27 7:00,18.7,134.2,1.9,6,,,99.9,0,0
713,2019-05-27 8:00,19.4,138,3.7,11.5,,,99.9,0,0
713,2019-05-27 9:00,19.3,144,3.4,18.5,,,99.9,0,0
713,2019-05-27 10:00,19.4,130.6,1.9,19,,,99.9,0,0
713,2019-05-27 11:00,20.4,183,2.2,10.5,,,99.9,0,0
713,2019-05-27 12:00,20.5,182.9,3.2,6,,,99.9,0,0
713,2019-05-27 13:00,20.6,188.4,2.4,1.5,,,99.9,0,0
713,2019-05-27 14:00,20.5,173.6,2.9,1,,,99.9,0,0
713,2019-05-27 15:00,20.6,198.1,2.3,0.5,,,99.9,0,0
713,2019-05-27 16:00,20.6,183.4,2.4,0.5,,,99.9,0,0
713,2019-05-27 17:00,20.5,200.6,2.5,0,,,99.9,0,0
713,2019-05-27 18:00,20.6,194.1,1.8,0,,,99.9,0,0
713,2019-05-27 19:00,20.4,259.2,2.8,0.5,,,96,0,0
713,2019-05-27 20:00,19.4,0,0.3,0,,,99.1,0,0
713,2019-05-27 21:00,19.1,267.5,1.8,0,,,91,0,0
713,2019-05-27 22:00,18.2,268.9,3.4,0,,,84.4,0,0
713,2019-05-27 23:00,17.3,276.5,1.7,0,,,82.4,0,0
713,2019-05-28 0:00,16.5,301.8,1.9,0,,,81.6,0,0
713,2019-05-28 1:00,15.7,300.3,2.3,0,,,74.3,0,0
713,2019-05-28 2:00,14.8,321.5,1.6,0,,,71.9,0,0
713,2019-05-28 3:00,14.7,287.9,2.4,0,,,74.6,0,0
713,2019-05-28 4:00,14.9,286.9,2.8,0,,,69.6,0,0
713,2019-05-28 5:00,14.9,299.2,2.4,0,,,67,0,0
713,2019-05-28 6:00,15.1,312.7,2.4,0,,,67.5,0,0
713,2019-05-28 7:00,15.5,311.8,1.9,0,,,67.9,0,0
713,2019-05-28 8:00,16.5,303.8,1.9,0,,,62.3,0,0
713,2019-05-28 9:00,20.1,319.4,1.5,0,,,50,0,0
713,2019-05-28 10:00,19.8,306.8,3.2,0,,,48.4,0,0
713,2019-05-28 11:00,21,310,2.5,0,,,44.5,0,0
713,2019-05-28 12:00,23.2,286.1,3,0,,,38,0,0
713,2019-05-28 13:00,23.6,267.8,2.6,0,,,38.8,0,0
713,2019-05-28 14:00,25,269.6,2.1,0,,,34.1,0,0
713,2019-05-28 15:00,26.4,269.8,3.1,0,,,32.4,0,0
713,2019-05-28 16:00,25.7,286.4,2.3,0,,,33.1,0,0
713,2019-05-28 17:00,24.9,298.8,2.9,0,,,35.7,0,0
713,2019-05-28 18:00,22.9,315.7,2.1,0,,,41.3,0,0
713,2019-05-28 19:00,21.4,315.9,1.8,0,,,43,0,0
713,2019-05-28 20:00,18.9,327.6,0.7,0,,,52.7,0,0
713,2019-05-28 21:00,16.5,292.6,1,0,,,66.3,0,0
713,2019-05-28 22:00,15,21.2,0.7,0,,,75.1,0,0
713,2019-05-28 23:00,13.6,0,0.1,0,,,80.4,0,0
713,2019-05-29 0:00,15,87.7,1.3,0,,,73.9,0,0
713,2019-05-29 1:00,13.1,322.4,0.6,0,,,79.6,0,0
713,2019-05-29 2:00,12.4,283.3,0.5,0,,,80.3,0,0
713,2019-05-29 3:00,11.8,306.1,1,0,,,77,0,0
713,2019-05-29 4:00,10.6,0,0,0,,,83,0,0
713,2019-05-29 5:00,10.9,323.5,0.7,0,,,77.8,0,0
713,2019-05-29 6:00,10.9,0,0.4,0,,,78.7,0,0
713,2019-05-29 7:00,14.3,300.7,0.5,0,,,69.6,0,0
713,2019-05-29 8:00,18.5,0,0.3,0,,,55.6,0,0
713,2019-05-29 9:00,21.3,134.1,0.8,0,,,46.9,0,0
713,2019-05-29 10:00,24.3,154,0.9,0,,,42,0,0
713,2019-05-29 11:00,25.8,197.2,2.3,0,,,39.2,0,0
713,2019-05-29 12:00,28.2,185.3,2,0,,,37.5,0,0
713,2019-05-29 13:00,29.4,270.8,2.9,0,,,31,0,0
713,2019-05-29 14:00,29.4,277.3,4.1,0,,,31.4,0,0
713,2019-05-29 15:00,29.6,275.7,3.5,0,,,30.6,0,0
713,2019-05-29 16:00,29.1,264.7,3.5,0,,,29.8,0,0
713,2019-05-29 17:00,29,265.6,2.9,0,,,28.6,0,0
713,2019-05-29 18:00,28,258.1,2.7,0,,,27.6,0,0
713,2019-05-29 19:00,25.8,236.9,1.9,0,,,34.2,0,0
713,2019-05-29 20:00,22.2,0,0.3,0,,,43.7,0,0
713,2019-05-29 21:00,20.4,242.1,0.8,0,,,53.2,0,0
713,2019-05-29 22:00,18.6,317.8,1.2,0,,,56.5,0,0
713,2019-05-29 23:00,16.9,316.4,0.5,0,,,63.4,0,0
713,2019-05-30 0:00,17.4,33.3,0.6,0,,,63.7,0,0
713,2019-05-30 1:00,16.1,78.5,0.5,0,,,68.7,0,0
713,2019-05-30 2:00,15,349.7,0.5,0,,,66.1,0,0
713,2019-05-30 3:00,16.4,334.8,1.5,0,,,51.4,0,0
713,2019-05-30 4:00,18.1,282.5,2.2,0,,,41,0,0
713,2019-05-30 5:00,15.1,97.3,0.9,0,,,57.5,0,0
713,2019-05-30 6:00,14.8,119.6,0.6,0,,,60.3,0,0
713,2019-05-30 7:00,17.5,0,0.2,0,,,57.8,0,0
713,2019-05-30 8:00,18.5,297.6,0.6,0,,,55,0,0
713,2019-05-30 9:00,22.7,0,0.4,0,,,46.2,0,0
713,2019-05-30 10:00,25.5,276.8,0.7,0,,,37.9,0,0
713,2019-05-30 11:00,28.4,265.7,2.9,0,,,24.5,0,0
713,2019-05-30 12:00,29.3,298.5,2.5,0,,,27,0,0
713,2019-05-30 13:00,29.8,309.3,1.6,0,,,26.8,0,0
713,2019-05-30 14:00,30.2,295.5,1.3,0,,,25.9,0,0
713,2019-05-30 15:00,28.5,297,2.2,0,,,24.6,0,0
713,2019-05-30 16:00,27.7,262.9,2.3,0,,,30.3,0,0
713,2019-05-30 17:00,26.4,273.1,1.4,0,,,34,0,0
713,2019-05-30 18:00,24.8,272.2,1.1,0,,,47.4,0,0
713,2019-05-30 19:00,24.8,286.7,2.6,0,,,34.9,0,0
713,2019-05-30 20:00,23.9,279.9,1.5,0,,,30.6,0,0
713,2019-05-30 21:00,22.7,307.6,0.7,0,,,34.8,0,0
713,2019-05-30 22:00,22.1,288,1,0,,,28.2,0,0
713,2019-05-30 23:00,22.5,272.9,2.1,0,,,31.7,0,0
713,2019-05-31 0:00,20.7,308.5,2.4,0,,,42,0,0
713,2019-05-31 1:00,19.1,285.9,1.2,0,,,49.4,0,0
713,2019-05-31 2:00,18.3,270.5,1.7,0,,,56.2,0,0
713,2019-05-31 3:00,15.2,338.3,1.2,0.5,,,83.8,0,0
713,2019-05-31 4:00,14.4,310.7,1.1,0.5,,,90.5,0,0
713,2019-05-31 5:00,14,339.6,0.5,0.5,,,94.6,0,0
713,2019-05-31 6:00,13.9,263.4,0.5,0.5,,,96.3,0,0
713,2019-05-31 7:00,14.1,0,0.1,0.5,,,99.5,0,0
713,2019-05-31 8:00,14.4,0,0.2,0,,,96.3,0,0
713,2019-05-31 9:00,14.9,0,0.3,0,,,93.1,0,0
713,2019-05-31 10:00,15.2,0,0.4,0,,,88.5,0,0
713,2019-05-31 11:00,17.5,157.2,0.8,0,,,77.9,0,0
713,2019-05-31 12:00,20.3,149.7,2.1,0,,,68.5,0,0
713,2019-05-31 13:00,21.1,197.4,2.5,0,,,62.9,0,0
713,2019-05-31 14:00,22.4,186,2.6,0,,,61.5,0,0
713,2019-05-31 15:00,22.6,173,2.1,0,,,60.8,0,0
713,2019-05-31 16:00,22.6,211.8,2.1,0,,,58.9,0,0
713,2019-05-31 17:00,22.2,210.2,2.7,0,,,60.5,0,0
713,2019-05-31 18:00,21.2,203.3,2.6,0,,,63.1,0,0
713,2019-05-31 19:00,19.8,207.6,1.8,0,,,68.4,0,0
713,2019-05-31 20:00,18.2,191.7,1.1,0,,,75.2,0,0
713,2019-05-31 21:00,16.7,281.6,0.8,0,,,86,0,0
713,2019-05-31 22:00,15.8,276.5,0.8,0,,,90.7,0,0
713,2019-05-31 23:00,14.8,0,0.3,0,,,94.7,0,0
713,2019-06-01 0:00,14.2,268.7,0.7,0,,,96.4,0,0
713,2019-06-01 1:00,13.9,290.8,0.8,0,,,99,0,0
713,2019-06-01 2:00,13.4,0,0.2,0,,,99.9,0,0
713,2019-06-01 3:00,13.1,0,0.1,0,,,99,0,0
713,2019-06-01 4:00,12.9,0,0,0,,,99.9,0,0
713,2019-06-01 5:00,12.6,0,0,0,,,99.9,0,0
713,2019-06-01 6:00,13.1,302.5,0.6,0,,,98.6,0,0
713,2019-06-01 7:00,15.2,0,0.2,0,,,84.9,0,0
713,2019-06-01 8:00,18.1,287.8,0.5,0,,,73.2,0,0
713,2019-06-01 9:00,19.9,39.9,0.6,0,,,64.9,0,0
713,2019-06-01 10:00,22.1,153.7,1.6,0,,,56.2,0,0
713,2019-06-01 11:00,23.2,170.2,1.4,0,,,52.6,0,0
713,2019-06-01 12:00,24.6,265.5,1.2,0,,,44,0,0
713,2019-06-01 13:00,25.7,193.2,1.8,0,,,38.5,0,0
713,2019-06-01 14:00,26.2,191.3,1.8,0,,,42.5,0,0
713,2019-06-01 15:00,26.4,218.2,2.5,0,,,44.6,0,0
713,2019-06-01 16:00,24.9,211.1,2.7,0,,,45.5,0,0
713,2019-06-01 17:00,24.1,221.5,2.5,0,,,43.7,0,0
713,2019-06-01 18:00,23.4,252.7,0.9,0,,,49.9,0,0
713,2019-06-01 19:00,22.2,217.3,2.1,0,,,55.6,0,0
713,2019-06-01 20:00,20.9,302.8,0.6,0,,,62.5,0,0
713,2019-06-01 21:00,19.2,292.4,0.9,0,,,73.3,0,0
713,2019-06-01 22:00,18,313.1,0.9,0,,,79.6,0,0
713,2019-06-01 23:00,17.7,292.1,1.1,0,,,81.4,0,0
713,2019-06-02 0:00,16.9,301.2,0.8,0,,,85.5,0,0
713,2019-06-02 1:00,16.5,296.5,0.8,0,,,87.3,0,0
713,2019-06-02 2:00,16.4,0,0.4,0,,,87.2,0,0
713,2019-06-02 3:00,15.6,287.1,0.5,0,,,89.9,0,0
713,2019-06-02 4:00,15.2,292.6,0.6,0,,,92.2,0,0
713,2019-06-02 5:00,14.6,0,0.4,0,,,93.9,0,0
713,2019-06-02 6:00,15,308.3,0.7,0,,,94.2,0,0
713,2019-06-02 7:00,17.4,0,0.2,0,,,84.1,0,0
713,2019-06-02 8:00,20.8,321.6,0.5,0,,,68.5,0,0
713,2019-06-02 9:00,23.3,167.4,0.8,0,,,58.7,0,0
713,2019-06-02 10:00,25.2,143.1,1.2,0,,,51.2,0,0
713,2019-06-02 11:00,26.4,148.7,2.2,0,,,51.2,0,0
713,2019-06-02 12:00,27.3,153.4,2.6,0,,,50.3,0,0
713,2019-06-02 13:00,27.8,152,2.1,0,,,46.6,0,0
713,2019-06-02 14:00,25.8,216.8,2.6,0,,,56.9,0,0
713,2019-06-02 15:00,26.2,228.7,2.5,0,,,51.8,0,0
713,2019-06-02 16:00,26.6,217.8,2.3,0,,,52.6,0,0
713,2019-06-02 17:00,26.1,205.3,2.3,0,,,50.4,0,0
713,2019-06-02 18:00,25.3,207.4,2,0,,,53.1,0,0
713,2019-06-02 19:00,23.5,223.6,1.6,0,,,59.2,0,0
713,2019-06-02 20:00,21.8,245.2,0.9,0,,,65.2,0,0
713,2019-06-02 21:00,19.8,291.7,0.7,0,,,75,0,0
713,2019-06-02 22:00,18.6,264.4,0.7,0,,,82,0,0
713,2019-06-02 23:00,17.8,291.8,0.6,0,,,85.8,0,0
713,2019-06-03 0:00,16.8,284.5,0.5,0,,,90.1,0,0
713,2019-06-03 1:00,16.4,293.7,0.7,0,,,92.3,0,0
713,2019-06-03 2:00,15.8,302.5,1,0,,,94.4,0,0
713,2019-06-03 3:00,15.4,314.5,0.9,0,,,96,0,0
713,2019-06-03 4:00,14.9,289.6,0.8,0,,,97.1,0,0
713,2019-06-03 5:00,14.6,300,1.1,0,,,97.4,0,0
713,2019-06-03 6:00,14.8,297.5,0.9,0,,,94.3,0,0
713,2019-06-03 7:00,18.4,282.4,0.6,0,,,78.4,0,0
713,2019-06-03 8:00,20.5,0,0.4,0,,,66.8,0,0
713,2019-06-03 9:00,23.1,82.1,0.7,0,,,62.6,0,0
713,2019-06-03 10:00,25.9,155.7,1.1,0,,,56.3,0,0
713,2019-06-03 11:00,27.9,196.4,1.4,0,,,49.2,0,0
713,2019-06-03 12:00,28.4,122.4,1.4,0,,,46.7,0,0
713,2019-06-03 13:00,29.1,144.5,1.9,0,,,39.4,0,0
713,2019-06-03 14:00,30.7,186.5,1.7,0,,,35.5,0,0
713,2019-06-03 15:00,30.1,227.3,2.6,0,,,42,0,0
713,2019-06-03 16:00,30.2,169.5,2.2,0,,,44.7,0,0
713,2019-06-03 17:00,28.9,226.9,2.6,0,,,39.3,0,0
713,2019-06-03 18:00,27.4,166.4,2,0,,,51.3,0,0
713,2019-06-03 19:00,25.2,202.9,2,0,,,53.6,0,0
713,2019-06-03 20:00,22.9,0,0.3,0,,,60.6,0,0
713,2019-06-03 21:00,21.2,303.8,1.5,0,,,70,0,0
713,2019-06-03 22:00,19.9,265.4,1.5,0,,,74.9,0,0
713,2019-06-03 23:00,19.1,295.1,0.9,0,,,78.4,0,0
713,2019-06-04 0:00,17.6,0,0.4,0,,,82.1,0,0
713,2019-06-04 1:00,16.9,302.7,0.7,0,,,85,0,0
713,2019-06-04 2:00,16.5,297,0.6,0,,,84.3,0,0
713,2019-06-04 3:00,15.9,300.4,1.3,0,,,85,0,0
713,2019-06-04 4:00,15.7,308.4,0.9,0,,,84.2,0,0
713,2019-06-04 5:00,15.2,304.8,0.5,0,,,86.4,0,0
713,2019-06-04 6:00,15.7,302.4,1.2,0,,,85.5,0,0
713,2019-06-04 7:00,18.5,299.1,0.8,0,,,74.7,0,0
713,2019-06-04 8:00,22.5,306.4,0.8,0,,,63.4,0,0
713,2019-06-04 9:00,25,158.4,0.9,0,,,55.7,0,0
713,2019-06-04 10:00,27.3,161.5,2.1,0,,,54.2,0,0
713,2019-06-04 11:00,28.7,172.8,1.7,0,,,51.9,0,0
713,2019-06-04 12:00,30.2,187.8,2.3,0,,,46.8,0,0
713,2019-06-04 13:00,30.9,165.8,2.3,0,,,44.4,0,0
713,2019-06-04 14:00,29.7,208.2,3.1,0,,,52.4,0,0
713,2019-06-04 15:00,29.5,221.6,2.8,0,,,54.4,0,0
713,2019-06-04 16:00,29.3,221.5,2.7,0,,,54.4,0,0
713,2019-06-04 17:00,28.3,215.1,3.1,0,,,57.7,0,0
713,2019-06-04 18:00,27.1,214.7,2.6,0,,,60.7,0,0
713,2019-06-04 19:00,25.5,216.1,1.9,0,,,68.8,0,0
713,2019-06-04 20:00,24.4,181.1,1.2,0,,,75.8,0,0
713,2019-06-04 21:00,23.7,273.3,1.1,0,,,79.2,0,0
713,2019-06-04 22:00,22.5,303.7,1,0,,,85.3,0,0
713,2019-06-04 23:00,21.5,292.8,1,0,,,89.9,0,0
713,2019-06-05 0:00,20.6,253.2,0.8,0,,,93.5,0,0
713,2019-06-05 1:00,20,0,0,0,,,96,0,0
713,2019-06-05 2:00,19.3,297.8,0.5,0,,,97.1,0,0
713,2019-06-05 3:00,18.4,0,0.1,0,,,94.8,0,0
713,2019-06-05 4:00,17.8,0,0.1,0,,,94.5,0,0
713,2019-06-05 5:00,17.2,313.8,0.5,0,,,94.7,0,0
713,2019-06-05 6:00,17.4,288.7,0.5,0,,,93.4,0,0
713,2019-06-05 7:00,19.7,309.3,0.7,0,,,81.5,0,0
713,2019-06-05 8:00,23.3,43.1,0.5,0,,,67.5,0,0
713,2019-06-05 9:00,26,0,0.4,0,,,59.7,0,0
713,2019-06-05 10:00,28,189.7,1.1,0,,,54.8,0,0
713,2019-06-05 11:00,30.3,105.4,1.2,0,,,48.3,0,0
713,2019-06-05 12:00,31.8,168.3,1.7,0,,,44.1,0,0
713,2019-06-05 13:00,32.8,151.2,1.7,0,,,40.8,0,0
713,2019-06-05 14:00,32.6,201,2.3,0,,,42.1,0,0
713,2019-06-05 15:00,33.1,189,2.1,0,,,37.5,0,0
713,2019-06-05 16:00,32.1,146.7,2.8,0,,,42.2,0,0
713,2019-06-05 17:00,30.9,155,3,0,,,42.4,0,0
713,2019-06-05 18:00,28.6,168.1,2.9,0,,,50,0,0
713,2019-06-05 19:00,26.5,156.8,1.9,0,,,56.3,0,0
713,2019-06-05 20:00,24.8,156.2,1.4,0,,,65.6,0,0
713,2019-06-05 21:00,23.2,267.1,0.9,0,,,71.5,0,0
713,2019-06-05 22:00,22.4,284.1,0.7,0,,,74.6,0,0
713,2019-06-05 23:00,21.8,309.2,0.9,0,,,77.8,0,0
713,2019-06-06 0:00,21.1,329.7,0.7,0,,,80.5,0,0
713,2019-06-06 1:00,19.8,292.8,0.6,0,,,84.4,0,0
713,2019-06-06 2:00,19.3,289.4,0.5,0,,,85.9,0,0
713,2019-06-06 3:00,18.7,292.7,0.6,0,,,88.8,0,0
713,2019-06-06 4:00,18,297.8,0.9,0,,,90.4,0,0
713,2019-06-06 5:00,17.7,335.2,0.5,0,,,94.4,0,0
713,2019-06-06 6:00,17.9,296.6,0.7,0,,,91.3,0,0
713,2019-06-06 7:00,20.1,0,0.3,0,,,82.1,0,0
713,2019-06-06 8:00,23,179,0.9,0,,,74.2,0,0
713,2019-06-06 9:00,24.6,0,0.2,0,,,71,0,0
713,2019-06-06 10:00,26.5,150.8,1.7,0,,,63.5,0,0
713,2019-06-06 11:00,27.7,148.5,2.1,0,,,62.8,0,0
713,2019-06-06 12:00,28.6,173.7,1.9,0,,,59.5,0,0
713,2019-06-06 13:00,26.7,136,2.6,0,,,64.5,0,0
713,2019-06-06 14:00,26.6,128,2.3,0,,,67.2,0,0
713,2019-06-06 15:00,25.9,143.6,2.7,0,,,67.3,0,0
713,2019-06-06 16:00,25.3,97.2,2.6,0,,,68.8,0,0
713,2019-06-06 17:00,23.9,138.3,2.3,0,,,76.8,0,0
713,2019-06-06 18:00,21.4,57,1.1,1,,,93,0,0
713,2019-06-06 19:00,21.5,92.9,2.5,0.5,,,90,0,0
713,2019-06-06 20:00,20.9,92.2,3.7,0.5,,,88,0,0
713,2019-06-06 21:00,19.3,68.6,1.8,4,,,95.7,0,0
713,2019-06-06 22:00,18.9,31.8,1.3,5,,,98.2,0,0
713,2019-06-06 23:00,18.9,3.5,1.6,3,,,92.8,0,0
713,2019-06-07 0:00,18.8,38.6,2,4,,,92.8,0,0
713,2019-06-07 1:00,18.8,341,1.6,1,,,91.9,0,0
713,2019-06-07 2:00,18.6,0,0.4,1,,,98.9,0,0
713,2019-06-07 3:00,18.2,0,0.3,2,,,99.9,0,0
713,2019-06-07 4:00,18.4,157.2,1.1,0.5,,,99.9,0,0
713,2019-06-07 5:00,18.4,159.2,0.5,0.5,,,99.9,0,0
713,2019-06-07 6:00,18.3,163.6,0.6,0,,,99.3,0,0
713,2019-06-07 7:00,18.3,164.8,0.8,0,,,99.9,0,0
713,2019-06-07 8:00,18.4,0,0.3,0.5,,,99.9,0,0
713,2019-06-07 9:00,19,0,0.2,0.5,,,99.9,0,0
713,2019-06-07 10:00,20.2,330,0.6,0,,,99.5,0,0
713,2019-06-07 11:00,21.2,153.7,1,0,,,90.9,0,0
713,2019-06-07 12:00,21.8,181.1,2.3,0,,,89.2,0,0
713,2019-06-07 13:00,21,173.9,1.7,0,,,90.7,0,0
713,2019-06-07 14:00,21.9,0,0.1,0,,,87.6,0,0
713,2019-06-07 15:00,22.1,214,0.8,0,,,87.7,0,0
713,2019-06-07 16:00,22.6,267.4,1.8,0,,,81.1,0,0
713,2019-06-07 17:00,22,267.6,2.2,0,,,79.8,0,0
713,2019-06-07 18:00,20.4,67.8,0.8,0,,,96.6,0,0
713,2019-06-07 19:00,19.8,0,0.4,1.5,,,99.9,0,0
713,2019-06-07 20:00,19.6,0,0.4,0.5,,,99.9,0,0
713,2019-06-07 21:00,19.5,0,0.1,0,,,99.9,0,0
713,2019-06-07 22:00,19.1,0,0.4,0,,,99.9,0,0
713,2019-06-07 23:00,18.9,0,0.4,0,,,97.9,0,0
713,2019-06-08 0:00,18.7,0,0.3,0,,,99.9,0,0
713,2019-06-08 1:00,18.5,298.4,0.7,0,,,99.9,0,0
713,2019-06-08 2:00,18.3,0,0,0,,,99.9,0,0
713,2019-06-08 3:00,18.4,0,0.1,0,,,99.9,0,0
713,2019-06-08 4:00,18.2,0,0.1,0,,,99.9,0,0
713,2019-06-08 5:00,17.6,0,0,0,,,99.9,0,0
713,2019-06-08 6:00,17.5,278.8,0.7,0,,,99.9,0,0
713,2019-06-08 7:00,19.6,317.5,1.1,0,,,89.7,0,0
713,2019-06-08 8:00,21.1,0,0.1,0,,,84.4,0,0
713,2019-06-08 9:00,23.1,152.3,0.8,0,,,73.4,0,0
713,2019-06-08 10:00,24.2,185.5,1.4,0,,,65.4,0,0
713,2019-06-08 11:00,24.5,154.5,1.6,0,,,60.2,0,0
713,2019-06-08 12:00,23.8,172.6,2.6,0,,,65.3,0,0
713,2019-06-08 13:00,23.9,166.4,2.6,0,,,66.3,0,0
713,2019-06-08 14:00,24.5,162,1.8,0,,,60.9,0,0
713,2019-06-08 15:00,25,150.1,2.8,0,,,60.5,0,0
713,2019-06-08 16:00,23.6,206.6,2.7,0,,,68.2,0,0
713,2019-06-08 17:00,23,209,2.8,0,,,71.2,0,0
713,2019-06-08 18:00,23.2,225.1,1.5,0,,,71.7,0,0
713,2019-06-08 19:00,22.1,187.1,2.1,0,,,76.1,0,0
713,2019-06-08 20:00,20.6,225.1,1.9,0,,,78.3,0,0
713,2019-06-08 21:00,19.7,212.2,1.4,0,,,84.3,0,0
713,2019-06-08 22:00,19.2,217.2,0.8,0,,,87.1,0,0
713,2019-06-08 23:00,18.7,0,0.2,0,,,90.4,0,0
713,2019-06-09 0:00,19.2,0,0.2,0,,,89.5,0,0
713,2019-06-09 1:00,19,0,0.3,0,,,89.1,0,0
713,2019-06-09 2:00,19,0,0,0,,,89.7,0,0
713,2019-06-09 3:00,18.4,293.9,0.8,0,,,89.9,0,0
713,2019-06-09 4:00,17.1,326.3,1.3,0,,,90.5,0,0
713,2019-06-09 5:00,16.3,308.5,0.8,0,,,94,0,0
713,2019-06-09 6:00,16.4,0,0.4,0,,,92.4,0,0
713,2019-06-09 7:00,17.4,281.1,0.9,0,,,86.4,0,0
713,2019-06-09 8:00,19.4,149.6,0.7,0,,,78.7,0,0
713,2019-06-09 9:00,20.8,92.1,1.1,0,,,76.1,0,0
713,2019-06-09 10:00,22.9,88.6,1.7,0,,,64.3,0,0
713,2019-06-09 11:00,23.9,201.9,2.6,0,,,64.5,0,0
713,2019-06-09 12:00,25,135.8,2.4,0,,,56.9,0,0
713,2019-06-09 13:00,26,166.1,2.4,0,,,59.3,0,0
713,2019-06-09 14:00,26.2,163.1,2.5,0,,,58.9,0,0
713,2019-06-09 15:00,26.4,166.3,3,0,,,57.7,0,0
713,2019-06-09 16:00,25,161.9,2.7,0,,,57.9,0,0
713,2019-06-09 17:00,23.7,153,2.9,0,,,62.7,0,0
713,2019-06-09 18:00,22.6,137.2,2.3,0,,,65.1,0,0
713,2019-06-09 19:00,21.3,166,2.7,0,,,69,0,0
713,2019-06-09 20:00,20,196.7,1.3,0,,,74.4,0,0
713,2019-06-09 21:00,19.7,219.3,1.9,0,,,76.4,0,0
713,2019-06-09 22:00,19.5,187.6,1.8,0,,,76.1,0,0
713,2019-06-09 23:00,19.5,279.5,0.8,0,,,77.3,0,0
713,2019-06-10 0:00,19.1,210.9,1.4,0,,,81.5,0,0
713,2019-06-10 1:00,18.9,184.8,1.7,0,,,81.2,0,0
713,2019-06-10 2:00,18.6,252.3,0.7,0,,,83.5,0,0
713,2019-06-10 3:00,17.4,0,0.4,0.5,,,98.9,0,0
713,2019-06-10 4:00,17.3,0,0.2,0.5,,,99.9,0,0
713,2019-06-10 5:00,16.8,165.9,0.7,1.5,,,99.9,0,0
713,2019-06-10 6:00,16.9,0,0.4,0,,,98,0,0
713,2019-06-10 7:00,16.4,0,0.3,0,,,92.9,0,0
713,2019-06-10 8:00,17,0,0,0,,,89.3,0,0
713,2019-06-10 9:00,18.8,19.6,0.6,0,,,75.8,0,0
713,2019-06-10 10:00,20.1,0,0.4,0,,,67.1,0,0
713,2019-06-10 11:00,21.8,59.9,1.5,0,,,64.9,0,0
713,2019-06-10 12:00,21.4,27.1,0.7,0,,,66,0,0
713,2019-06-10 13:00,23.1,345.9,1.1,0,,,60,0,0
713,2019-06-10 14:00,22.2,15.6,1.6,0,,,63.9,0,0
713,2019-06-10 15:00,21.3,348.9,1.2,0,,,67.8,0,0
713,2019-06-10 16:00,21.3,347.5,1.1,0,,,69.2,0,0
713,2019-06-10 17:00,21.3,336.6,0.8,0,,,69.8,0,0
713,2019-06-10 18:00,21.5,47.5,0.8,0,,,62.3,0,0
713,2019-06-10 19:00,20.7,151.4,1.1,0,,,68,0,0
713,2019-06-10 20:00,20.2,223.3,1.4,0,,,76.5,0,0
713,2019-06-10 21:00,19.8,190.5,1.9,0,,,77.2,0,0
713,2019-06-10 22:00,19.4,212.6,1.5,0,,,76.8,0,0
713,2019-06-10 23:00,19.3,204.5,1.5,0,,,75.7,0,0
713,2019-06-11 0:00,18.9,220.8,0.6,0,,,80.5,0,0
713,2019-06-11 1:00,18.6,225.6,0.6,0,,,83.2,0,0
713,2019-06-11 2:00,18.1,0,0.4,0,,,91.5,0,0
713,2019-06-11 3:00,16.7,0,0.1,1,,,99.3,0,0
713,2019-06-11 4:00,16.1,0,0.1,1,,,98.7,0,0
713,2019-06-11 5:00,16.2,190.2,0.6,0,,,99.9,0,0
713,2019-06-11 6:00,15.7,307.4,0.9,0,,,98.2,0,0
713,2019-06-11 7:00,15.6,0,0,0.5,,,99.8,0,0
713,2019-06-11 8:00,16.2,285.4,0.9,0,,,97.5,0,0
713,2019-06-11 9:00,17,289.8,0.7,0,,,90.5,0,0
713,2019-06-11 10:00,17.7,293.6,0.9,0,,,86.2,0,0
713,2019-06-11 11:00,18.3,260.2,1,0,,,87.8,0,0
713,2019-06-11 12:00,19.5,257.9,1,0,,,80.3,0,0
713,2019-06-11 13:00,21.9,173.1,0.9,0,,,68,0,0
713,2019-06-11 14:00,21.4,302.2,1.1,0,,,70.7,0,0
713,2019-06-11 15:00,21.9,333.1,1.4,0,,,70.3,0,0
713,2019-06-11 16:00,23.1,189.8,0.6,0,,,66.3,0,0
713,2019-06-11 17:00,22.9,156.6,1.4,0,,,67.5,0,0
713,2019-06-11 18:00,20.6,220.7,1.6,0.5,,,84,0,0
713,2019-06-11 19:00,20.5,180,0.9,0,,,83.4,0,0
713,2019-06-11 20:00,19.2,148.6,2.7,0,,,81.7,0,0
713,2019-06-11 21:00,18.9,148.6,1.5,0,,,82.4,0,0
713,2019-06-11 22:00,18.8,198.2,0.9,0,,,81,0,0
713,2019-06-11 23:00,18.7,268.4,0.8,0,,,85.5,0,0
713,2019-06-12 0:00,18.5,293.2,0.6,0,,,86.3,0,0
713,2019-06-12 1:00,18.7,231.7,1,0,,,82.6,0,0
713,2019-06-12 2:00,18.5,0,0.4,0,,,86.5,0,0
713,2019-06-12 3:00,18,309.3,1,0,,,89.5,0,0
713,2019-06-12 4:00,17.3,0,0.3,0,,,97.5,0,0
713,2019-06-12 5:00,16.9,305.1,0.6,0,,,96.4,0,0
713,2019-06-12 6:00,17.3,0,0.3,0,,,93.3,0,0
713,2019-06-12 7:00,18.6,310.5,0.5,0,,,86.8,0,0
713,2019-06-12 8:00,20.1,114.4,0.9,0,,,78.4,0,0
713,2019-06-12 9:00,20.8,204.5,0.5,0,,,73.8,0,0
713,2019-06-12 10:00,22.9,238.9,1.7,0,,,66.5,0,0
713,2019-06-12 11:00,23.5,315,1.4,0,,,64.2,0,0
713,2019-06-12 12:00,24.2,205.8,1,0,,,58.4,0,0
713,2019-06-12 13:00,26.2,197.3,1.5,0,,,54.8,0,0
713,2019-06-12 14:00,25.4,179,0.9,0,,,56.6,0,0
713,2019-06-12 15:00,25.5,130.4,2,0,,,52.6,0,0
713,2019-06-12 16:00,26.6,146,1.4,0,,,49,0,0
713,2019-06-12 17:00,25.6,199,1.2,0,,,50.8,0,0
713,2019-06-12 18:00,23.4,143.9,2.9,0,,,65.8,0,0
713,2019-06-12 19:00,21.7,150.7,2.7,0,,,74.8,0,0
713,2019-06-12 20:00,20.5,149.7,2.8,0,,,79.7,0,0
713,2019-06-12 21:00,20.3,171.7,1.7,0,,,80.2,0,0
713,2019-06-12 22:00,20.1,189.7,1.5,0,,,80.3,0,0
713,2019-06-12 23:00,19.9,233.2,0.7,0,,,79.8,0,0
713,2019-06-13 0:00,19.9,248.2,0.6,0,,,79,0,0
713,2019-06-13 1:00,19.7,237.1,0.8,0,,,81.3,0,0
713,2019-06-13 2:00,18.9,0,0,0,,,86.8,0,0
713,2019-06-13 3:00,18.6,0,0.1,0,,,90.3,0,0
713,2019-06-13 4:00,18.3,296.1,0.5,0,,,91.7,0,0
713,2019-06-13 5:00,17.4,0,0.3,0,,,92.6,0,0
713,2019-06-13 6:00,17.6,317.7,0.6,0,,,94.6,0,0
713,2019-06-13 7:00,20,0,0.4,0,,,82.4,0,0
713,2019-06-13 8:00,21.7,153.1,0.7,0,,,74.6,0,0
713,2019-06-13 9:00,22.4,78,1.9,0,,,68.1,0,0
713,2019-06-13 10:00,23.8,194.4,2.1,0,,,66.7,0,0
713,2019-06-13 11:00,25.7,161,2.4,0,,,60.9,0,0
713,2019-06-13 12:00,26.5,181.7,1.7,0,,,58.5,0,0
713,2019-06-13 13:00,27.8,116.1,2.4,0,,,47.3,0,0
713,2019-06-13 14:00,28.5,107.9,2.2,0,,,46.5,0,0
713,2019-06-13 15:00,28.2,124,1.9,0,,,41.4,0,0
713,2019-06-13 16:00,26.8,194.6,2.3,0,,,58.8,0,0
713,2019-06-13 17:00,24.5,205.4,2,0,,,67.6,0,0
713,2019-06-13 18:00,23.4,237.2,2.2,0,,,68.2,0,0
713,2019-06-13 19:00,22.1,206.7,1.3,0,,,72.9,0,0
713,2019-06-13 20:00,21.6,280.2,0.8,0,,,69.8,0,0
713,2019-06-13 21:00,20.3,282.4,0.5,0,,,78.6,0,0
713,2019-06-13 22:00,19.1,280.8,0.8,0,,,85.1,0,0
713,2019-06-13 23:00,19,335.1,0.7,0,,,80.6,0,0
713,2019-06-14 0:00,18.1,321.3,0.7,0,,,87.2,0,0
713,2019-06-14 1:00,17.8,298,0.5,0,,,86,0,0
713,2019-06-14 2:00,17.4,307.1,0.7,0,,,86.3,0,0
713,2019-06-14 3:00,17.2,0,0.4,0,,,86.5,0,0
713,2019-06-14 4:00,17.1,0,0.2,0,,,86.7,0,0
713,2019-06-14 5:00,17.2,273.9,0.5,0,,,84.6,0,0
713,2019-06-14 6:00,17.2,0,0.1,0,,,86,0,0
713,2019-06-14 7:00,17.7,264.7,0.8,0,,,83.2,0,0
713,2019-06-14 8:00,18.9,307,0.9,0,,,79.4,0,0
713,2019-06-14 9:00,20.2,0,0.4,0,,,74.8,0,0
713,2019-06-14 10:00,21.6,0,0.4,0,,,67.1,0,0
713,2019-06-14 11:00,21.8,140.1,0.9,0,,,69.8,0,0
713,2019-06-14 12:00,22.6,130,0.6,0,,,70.6,0,0
713,2019-06-14 13:00,23.6,138.7,1,0,,,66.9,0,0
713,2019-06-14 14:00,22.8,263,1.4,0,,,69.5,0,0
713,2019-06-14 15:00,23.3,0,0.2,0,,,70.7,0,0
713,2019-06-14 16:00,21.9,239.8,0.8,0,,,77,0,0
713,2019-06-14 17:00,20.6,298.2,1,0.5,,,93.6,0,0
713,2019-06-14 18:00,20.1,328.3,0.5,0.5,,,97.1,0,0
713,2019-06-14 19:00,19.3,0,0.2,1.5,,,97.2,0,0
713,2019-06-14 20:00,18.8,300,0.5,1.5,,,99.4,0,0
713,2019-06-14 21:00,18.4,0,0.3,0,,,99.8,0,0
713,2019-06-14 22:00,18.2,291.4,0.7,0,,,99.7,0,0
713,2019-06-14 23:00,18,0,0.4,0.5,,,99.6,0,0
713,2019-06-15 0:00,17.5,297,0.7,0,,,99.6,0,0
713,2019-06-15 1:00,17.2,296.8,1,0,,,99.6,0,0
713,2019-06-15 2:00,17,0,0.4,0,,,99.7,0,0
713,2019-06-15 3:00,16.3,0,0.2,0,,,99.7,0,0
713,2019-06-15 4:00,15.8,0,0.3,0,,,99.6,0,0
713,2019-06-15 5:00,15.6,0,0.2,0,,,99.6,0,0
713,2019-06-15 6:00,15.7,310.5,0.5,0,,,99.6,0,0
713,2019-06-15 7:00,16.5,0,0.1,0,,,99.6,0,0
713,2019-06-15 8:00,19.4,0,0.4,0,,,93.9,0,0
713,2019-06-15 9:00,22.9,285,1.6,0,,,71.7,0,0
713,2019-06-15 10:00,24.5,278,2.8,0,,,58,0,0
713,2019-06-15 11:00,25.8,336.7,2.9,0,,,54.1,0,0
713,2019-06-15 12:00,25.7,280.2,2.5,0,,,56.8,0,0
713,2019-06-15 13:00,27.4,299.1,3.2,0,,,52.3,0,0
713,2019-06-15 14:00,27.9,318.3,3.8,0,,,44,0,0
713,2019-06-15 15:00,27.9,299.1,3.1,0,,,45.5,0,0
713,2019-06-15 16:00,28.2,298.6,3.4,0,,,43.9,0,0
713,2019-06-15 17:00,27.4,283.3,3.2,0,,,43.4,0,0
713,2019-06-15 18:00,26.1,308.1,2.1,0,,,49.6,0,0
713,2019-06-15 19:00,24.3,273.7,2.6,0,,,53.2,0,0
713,2019-06-15 20:00,22.8,315.7,1.7,0,,,56.7,0,0
713,2019-06-15 21:00,21.2,269.9,1.9,0,,,63.5,0,0
713,2019-06-15 22:00,20.5,280.4,2.1,0,,,62.6,0,0
713,2019-06-15 23:00,19.4,306.4,1.5,0,,,67.8,0,0
713,2019-06-16 0:00,18.8,278.2,2.4,0,,,70.4,0,0
713,2019-06-16 1:00,18.3,279.9,2,0,,,72.9,0,0
713,2019-06-16 2:00,18.1,291.1,1.7,0,,,74.8,0,0
713,2019-06-16 3:00,17.6,294.6,1.1,0,,,77.2,0,0
713,2019-06-16 4:00,16.6,0,0.1,0,,,81.5,0,0
713,2019-06-16 5:00,15.4,0,0.2,0,,,89.8,0,0
713,2019-06-16 6:00,15.7,0,0.3,0,,,90.2,0,0
713,2019-06-16 7:00,19.4,0,0,0,,,76.1,0,0
713,2019-06-16 8:00,20.8,101.7,1.4,0,,,67.7,0,0
713,2019-06-16 9:00,23.3,115.4,1.3,0,,,65.1,0,0
713,2019-06-16 10:00,24.5,109,1.6,0,,,59.7,0,0
713,2019-06-16 11:00,26,170,1.9,0,,,53.9,0,0
713,2019-06-16 12:00,27.4,134.8,1.8,0,,,51.4,0,0
713,2019-06-16 13:00,27.4,145.8,2.3,0,,,49.5,0,0
713,2019-06-16 14:00,27,158.3,1.7,0,,,48.6,0,0
713,2019-06-16 15:00,26.1,98.9,2.5,0,,,54.9,0,0
713,2019-06-16 16:00,25,126.5,2.3,0,,,55.7,0,0
713,2019-06-16 17:00,24,157.8,2.2,0,,,62,0,0
713,2019-06-16 18:00,23.7,136,2,0,,,57.5,0,0
713,2019-06-16 19:00,22.9,111,2,0,,,58.6,0,0
713,2019-06-16 20:00,22.2,115.3,1.4,0,,,62.8,0,0
713,2019-06-16 21:00,21.6,87.1,1.6,0,,,71.5,0,0
713,2019-06-16 22:00,21.2,99.1,1.5,0,,,74.4,0,0
713,2019-06-16 23:00,21.1,101.9,1.7,0,,,75.2,0,0
713,2019-06-17 0:00,20.9,107.1,1.2,0,,,75.8,0,0
713,2019-06-17 1:00,20.5,157.6,0.9,0,,,80.2,0,0
713,2019-06-17 2:00,20.4,0,0.3,0,,,80,0,0
713,2019-06-17 3:00,20.1,0,0.4,0,,,82.9,0,0
713,2019-06-17 4:00,19.8,0,0.3,0,,,84.8,0,0
713,2019-06-17 5:00,19.3,273,0.5,0,,,87.2,0,0
713,2019-06-17 6:00,18.9,0,0.4,0,,,89.7,0,0
713,2019-06-17 7:00,20.1,0,0.1,0,,,85,0,0
713,2019-06-17 8:00,21.6,201,1,0,,,78.8,0,0
713,2019-06-17 9:00,22.6,211.4,1.5,0,,,73.1,0,0
713,2019-06-17 10:00,24.4,181.8,2.1,0,,,60.5,0,0
713,2019-06-17 11:00,25.2,182.3,2.2,0,,,59.1,0,0
713,2019-06-17 12:00,26.8,166.1,2.1,0,,,53.5,0,0
713,2019-06-17 13:00,27.4,169.4,2,0,,,52.3,0,0
713,2019-06-17 14:00,28,183.6,2.3,0,,,55.4,0,0
713,2019-06-17 15:00,27.1,201.9,3.5,0,,,57,0,0
713,2019-06-17 16:00,26.1,204.5,4.2,0,,,60.2,0,0
713,2019-06-17 17:00,26.3,209,2.6,0,,,62.9,0,0
713,2019-06-17 18:00,25.5,214.6,2.7,0,,,64.9,0,0
713,2019-06-17 19:00,24.1,204.8,2.6,0,,,70,0,0
713,2019-06-17 20:00,23.1,0,0.4,0,,,74.6,0,0
713,2019-06-17 21:00,22.4,246.4,0.5,0,,,77.7,0,0
713,2019-06-17 22:00,21.2,0,0.4,0,,,85.6,0,0
713,2019-06-17 23:00,20.6,283.4,0.9,0,,,87.5,0,0
713,2019-06-18 0:00,19.9,268.9,0.7,0,,,89.7,0,0
713,2019-06-18 1:00,19.6,290.2,0.6,0,,,89.9,0,0
713,2019-06-18 2:00,19,305.4,0.5,0,,,93.7,0,0
713,2019-06-18 3:00,18.8,0,0.3,0,,,94.6,0,0
713,2019-06-18 4:00,18.8,0,0.2,0,,,95,0,0
713,2019-06-18 5:00,18.7,0,0,0,,,94.5,0,0
713,2019-06-18 6:00,18.9,0,0,0,,,92.9,0,0
713,2019-06-18 7:00,19.4,0,0,0,,,90.1,0,0
713,2019-06-18 8:00,20.4,0,0,0,,,82.7,0,0
713,2019-06-18 9:00,21.3,0,0.2,0,,,79.4,0,0
713,2019-06-18 10:00,23.2,186.1,0.7,0,,,70.5,0,0
713,2019-06-18 11:00,23.7,254.8,2.2,0,,,65,0,0
713,2019-06-18 12:00,25,268.3,2.3,0,,,64.3,0,0
713,2019-06-18 13:00,26.7,281.3,2.8,0,,,56.5,0,0
713,2019-06-18 14:00,27,258,2.1,0,,,57.1,0,0
713,2019-06-18 15:00,27.7,241.6,2.2,0,,,55.3,0,0
713,2019-06-18 16:00,28.4,280.4,1.4,0,,,52.5,0,0
713,2019-06-18 17:00,27.9,267,1.8,0,,,51.9,0,0
713,2019-06-18 18:00,26.9,233.5,1.4,0,,,59.1,0,0
713,2019-06-18 19:00,25.4,188.2,2.2,0,,,67.4,0,0
713,2019-06-18 20:00,24,205.5,2.2,0,,,73.7,0,0
713,2019-06-18 21:00,22.9,219,1.3,0,,,67.6,0,0
713,2019-06-18 22:00,22.2,207.8,1.4,0,,,67.8,0,0
713,2019-06-18 23:00,21.4,207.8,1.2,0,,,73.9,0,0
713,2019-06-19 0:00,20.5,0,0.2,0,,,78.3,0,0
713,2019-06-19 1:00,19.4,0,0.2,0,,,86.8,0,0
713,2019-06-19 2:00,18.7,299.3,0.7,0,,,89.1,0,0
713,2019-06-19 3:00,18.3,293.2,0.6,0,,,92.8,0,0
713,2019-06-19 4:00,17.8,0,0.3,0,,,94.8,0,0
713,2019-06-19 5:00,17.6,296.2,0.5,0,,,95.5,0,0
713,2019-06-19 6:00,17.9,285.4,0.7,0,,,94.2,0,0
713,2019-06-19 7:00,20.2,0,0.4,0,,,84.3,0,0
713,2019-06-19 8:00,22.4,0,0.2,0,,,73.9,0,0
713,2019-06-19 9:00,24.5,111.6,0.9,0,,,68.9,0,0
713,2019-06-19 10:00,26.3,232.3,1,0,,,62.1,0,0
713,2019-06-19 11:00,28.5,115.5,1,0,,,56.8,0,0
713,2019-06-19 12:00,29.4,136.1,2,0,,,54,0,0
713,2019-06-19 13:00,28.5,95.4,1.5,0,,,55,0,0
713,2019-06-19 14:00,29,223.1,1.8,0,,,55.5,0,0
713,2019-06-19 15:00,29.3,227.2,2.8,0,,,56.3,0,0
713,2019-06-19 16:00,28.3,210,2.2,0,,,58.6,0,0
713,2019-06-19 17:00,24.8,18.8,1.5,0,,,77.3,0,0
713,2019-06-19 18:00,23.3,0,0.4,0.5,,,88,0,0
713,2019-06-19 19:00,23.4,339.8,0.8,0,,,87.9,0,0
713,2019-06-19 20:00,22,0,0.1,0,,,94.7,0,0
713,2019-06-19 21:00,21.9,338.6,0.7,0,,,95.9,0,0
713,2019-06-19 22:00,21.5,315.3,0.9,0,,,95.7,0,0
713,2019-06-19 23:00,20.7,310.4,0.6,0,,,97.7,0,0
713,2019-06-20 0:00,20.3,286.8,0.8,0,,,97.5,0,0
713,2019-06-20 1:00,19.8,299.9,0.7,0,,,99.6,0,0
713,2019-06-20 2:00,19.4,284.3,0.7,0,,,99.3,0,0
713,2019-06-20 3:00,18.9,0,0.4,0,,,99.7,0,0
713,2019-06-20 4:00,18.2,0,0.1,0,,,99.7,0,0
713,2019-06-20 5:00,18.1,298.7,0.8,0,,,99.7,0,0
713,2019-06-20 6:00,18.2,286.3,0.6,0,,,99.7,0,0
713,2019-06-20 7:00,20.3,0,0.2,0,,,91.2,0,0
713,2019-06-20 8:00,22.8,51.2,0.6,0,,,78,0,0
713,2019-06-20 9:00,25.9,126.6,0.7,0,,,68,0,0
713,2019-06-20 10:00,27.8,158.6,1.9,0,,,61.5,0,0
713,2019-06-20 11:00,28.1,109.6,1.2,0,,,54.8,0,0
713,2019-06-20 12:00,30.3,189.6,2.9,0,,,51.1,0,0
713,2019-06-20 13:00,31.5,186.3,2.4,0,,,46.8,0,0
713,2019-06-20 14:00,31,196.7,2.8,0,,,47.5,0,0
713,2019-06-20 15:00,30.2,210.4,3.1,0,,,49.9,0,0
713,2019-06-20 16:00,27.9,206.3,3.2,0,,,57.4,0,0
713,2019-06-20 17:00,27.9,180.2,2.3,0,,,59.6,0,0
713,2019-06-20 18:00,27.2,200.5,2.5,0,,,62,0,0
713,2019-06-20 19:00,26.8,187.1,2.5,0,,,62.9,0,0
713,2019-06-20 20:00,25.5,200.2,2.6,0,,,66.1,0,0
713,2019-06-20 21:00,24.2,266.1,0.7,0,,,74.5,0,0
713,2019-06-20 22:00,22.7,279.2,1,0,,,82.8,0,0
713,2019-06-20 23:00,21.9,280.7,0.7,0,,,87.2,0,0
713,2019-06-21 0:00,21.2,262.4,0.6,0,,,88.4,0,0
713,2019-06-21 1:00,20.8,0,0.2,0,,,91.9,0,0
713,2019-06-21 2:00,20.3,0,0.3,0,,,92.3,0,0
713,2019-06-21 3:00,19.9,0,0,0,,,97.2,0,0
713,2019-06-21 4:00,19.4,0,0.3,0,,,97.3,0,0
713,2019-06-21 5:00,18.6,0,0.1,0,,,94.3,0,0
713,2019-06-21 6:00,18.9,0,0.3,0,,,96.2,0,0
713,2019-06-21 7:00,21.5,0,0.3,0,,,81.6,0,0
713,2019-06-21 8:00,23.6,93.7,0.8,0,,,69.1,0,0
713,2019-06-21 9:00,26.2,110.9,0.6,0,,,62.1,0,0
713,2019-06-21 10:00,28.5,153.8,2.2,0,,,56.5,0,0
713,2019-06-21 11:00,29.4,185.6,2.4,0,,,52.5,0,0
713,2019-06-21 12:00,30.6,161.6,2.1,0,,,46.6,0,0
713,2019-06-21 13:00,32,220.4,2.2,0,,,45.3,0,0
713,2019-06-21 14:00,31.5,208,2.8,0,,,47,0,0
713,2019-06-21 15:00,30.5,221.4,2.5,0,,,47.6,0,0
713,2019-06-21 16:00,30.4,217.9,2.6,0,,,48.9,0,0
713,2019-06-21 17:00,29.3,206.1,2.6,0,,,52.1,0,0
713,2019-06-21 18:00,27.8,215.9,3.2,0,,,55.3,0,0
713,2019-06-21 19:00,26.7,229.7,2.1,0,,,60.3,0,0
713,2019-06-21 20:00,25.5,215,1.1,0,,,66.6,0,0
713,2019-06-21 21:00,24.3,276.5,0.8,0,,,73.3,0,0
713,2019-06-21 22:00,22.7,293.7,1,0,,,80.1,0,0
713,2019-06-21 23:00,21.5,0,0.3,0,,,85.8,0,0
713,2019-06-22 0:00,21.8,0,0.3,0,,,82.5,0,0
713,2019-06-22 1:00,21.2,308.7,0.8,0,,,83.2,0,0
713,2019-06-22 2:00,20.7,0,0.4,0,,,84.6,0,0
713,2019-06-22 3:00,20.5,293.5,0.8,0,,,86.1,0,0
713,2019-06-22 4:00,20.7,282.6,0.5,0,,,85.3,0,0
713,2019-06-22 5:00,20.8,295.4,1.3,0,,,84.4,0,0
713,2019-06-22 6:00,21.3,0,0.3,0,,,83.5,0,0
713,2019-06-22 7:00,22.1,287,0.6,0,,,80.9,0,0
713,2019-06-22 8:00,23.3,118,1.1,0,,,75.8,0,0
713,2019-06-22 9:00,23.6,173.6,1.5,0,,,73.2,0,0
713,2019-06-22 10:00,25,199.3,1.4,0,,,71.4,0,0
713,2019-06-22 11:00,24.4,123.8,1.5,0,,,70.6,0,0
713,2019-06-22 12:00,25.4,107.9,1.9,0,,,61.4,0,0
713,2019-06-22 13:00,26.6,167.4,2.1,0,,,58.8,0,0
713,2019-06-22 14:00,27.1,210.9,2.1,0,,,63.7,0,0
713,2019-06-22 15:00,25.7,204.6,2.6,0,,,62.9,0,0
713,2019-06-22 16:00,25.3,218.2,3,0,,,61.9,0,0
713,2019-06-22 17:00,25.4,189.9,2.3,0,,,63.2,0,0
713,2019-06-22 18:00,23.4,147.2,1.8,0,,,68.6,0,0
713,2019-06-22 19:00,21.4,211.7,2.1,0,,,80.4,0,0
713,2019-06-22 20:00,20.8,301.1,1,0.5,,,92.4,0,0
713,2019-06-22 21:00,20.1,0,0.3,1.5,,,94,0,0
713,2019-06-22 22:00,19.5,210,0.5,0.5,,,94.9,0,0
713,2019-06-22 23:00,19.5,189.5,0.9,0.5,,,98.4,0,0
713,2019-06-23 0:00,19.6,273.4,0.5,0,,,95.1,0,0
713,2019-06-23 1:00,19.5,232.7,1,0,,,95.1,0,0
713,2019-06-23 2:00,19.4,0,0.1,0,,,95.5,0,0
713,2019-06-23 3:00,19.6,0,0.1,0,,,95.8,0,0
713,2019-06-23 4:00,19.6,0,0.1,0,,,96.1,0,0
713,2019-06-23 5:00,19.4,109.7,0.5,0,,,95.2,0,0
713,2019-06-23 6:00,19.1,0,0.1,0,,,93.8,0,0
713,2019-06-23 7:00,20.5,0,0,0,,,85.7,0,0
713,2019-06-23 8:00,21.5,88.9,1.4,0,,,74.9,0,0
713,2019-06-23 9:00,23.3,71.4,2,0,,,58.5,0,0
713,2019-06-23 10:00,25.7,102.5,2.4,0,,,54.5,0,0
713,2019-06-23 11:00,24.8,95.6,1.8,0,,,53.2,0,0
713,2019-06-23 12:00,25.4,97.4,1.4,0,,,53,0,0
713,2019-06-23 13:00,26.8,167.4,3.1,0,,,51.3,0,0
713,2019-06-23 14:00,26.4,179.9,2.9,0,,,51.6,0,0
713,2019-06-23 15:00,26.7,165.2,2.2,0,,,50.4,0,0
713,2019-06-23 16:00,26.6,194.8,3.3,0,,,59,0,0
713,2019-06-23 17:00,22.4,233,1.9,0,,,77.7,0,0
713,2019-06-23 18:00,23.4,203.9,1.7,0,,,70.3,0,0
713,2019-06-23 19:00,22,196.6,1.7,0,,,73.9,0,0
713,2019-06-23 20:00,21.1,206.6,1.3,0.5,,,76.6,0,0
713,2019-06-23 21:00,20.8,192.5,1.1,0,,,79.3,0,0
713,2019-06-23 22:00,20.3,0,0.2,0,,,83,0,0
713,2019-06-23 23:00,19.2,302.3,0.6,0,,,89.9,0,0
713,2019-06-24 0:00,18.4,276.3,0.6,0,,,93.6,0,0
713,2019-06-24 1:00,17.9,297.1,0.6,0,,,95.3,0,0
713,2019-06-24 2:00,18,305.9,0.5,0,,,95.6,0,0
713,2019-06-24 3:00,18,264.1,0.6,0,,,94.5,0,0
713,2019-06-24 4:00,18.1,276.6,0.5,0,,,93.5,0,0
713,2019-06-24 5:00,19,0,0.4,0,,,91.2,0,0
713,2019-06-24 6:00,19.2,270.3,1,0,,,90.6,0,0
713,2019-06-24 7:00,21.1,356.9,0.6,0,,,81.8,0,0
713,2019-06-24 8:00,21.9,14,0.8,0,,,76.1,0,0
713,2019-06-24 9:00,24,39.6,0.7,0,,,68.7,0,0
713,2019-06-24 10:00,24.4,102.6,1.3,0,,,64.6,0,0
713,2019-06-24 11:00,26.7,126.5,1.7,0,,,59.2,0,0
713,2019-06-24 12:00,27.5,184.7,2.5,0,,,57.8,0,0
713,2019-06-24 13:00,28.1,121.5,2,0,,,54.3,0,0
713,2019-06-24 14:00,28.2,143.2,2.5,0,,,58.2,0,0
713,2019-06-24 15:00,27.4,142.9,2,0,,,59,0,0
713,2019-06-24 16:00,27.3,164.4,3.2,0,,,59.9,0,0
713,2019-06-24 17:00,26,153.9,2.5,0,,,63.4,0,0
713,2019-06-24 18:00,25.4,166.7,2.3,0,,,67.3,0,0
713,2019-06-24 19:00,23.9,147,2.3,0,,,72.1,0,0
713,2019-06-24 20:00,23.5,205.6,1.4,0,,,73.4,0,0
713,2019-06-24 21:00,22.7,219.7,1.9,0,,,77.5,0,0
713,2019-06-24 22:00,22.5,225.1,1,0,,,76.5,0,0
713,2019-06-24 23:00,22.2,163.7,1.1,0,,,77.4,0,0
713,2019-06-25 0:00,22,172.5,1.1,0,,,77.7,0,0
713,2019-06-25 1:00,21.6,0,0.2,0,,,80.6,0,0
713,2019-06-25 2:00,20.4,305.4,0.6,0,,,88.4,0,0
713,2019-06-25 3:00,19.7,287,0.9,0,,,91.7,0,0
713,2019-06-25 4:00,19.2,308,0.7,0,,,94.2,0,0
713,2019-06-25 5:00,18.7,287,0.7,0,,,95.4,0,0
713,2019-06-25 6:00,19,330.9,0.5,0,,,94.1,0,0
713,2019-06-25 7:00,21,0,0.4,0,,,83.7,0,0
713,2019-06-25 8:00,23.7,299.2,0.8,0,,,75.7,0,0
713,2019-06-25 9:00,25.9,151.3,1,0,,,66.6,0,0
713,2019-06-25 10:00,27.9,164.4,1.9,0,,,60.8,0,0
713,2019-06-25 11:00,29.4,115,2.5,0,,,52.9,0,0
713,2019-06-25 12:00,29.4,109.1,1.9,0,,,53.8,0,0
713,2019-06-25 13:00,30.3,155.6,2.9,0,,,55.3,0,0
713,2019-06-25 14:00,28.9,174,3.6,0,,,59.2,0,0
713,2019-06-25 15:00,29.5,166.8,3,0,,,57.4,0,0
713,2019-06-25 16:00,30.2,160.6,2.1,0,,,51.8,0,0
713,2019-06-25 17:00,28.6,122.6,2.5,0,,,51.8,0,0
713,2019-06-25 18:00,27.9,79.2,2,0,,,52.7,0,0
713,2019-06-25 19:00,26.9,61.5,1.4,0,,,56.9,0,0
713,2019-06-25 20:00,25.1,99.6,1.6,0,,,64.1,0,0
713,2019-06-25 21:00,23.3,315.2,0.7,0,,,73.4,0,0
713,2019-06-25 22:00,22.3,309.6,1,0,,,78.7,0,0
713,2019-06-25 23:00,21.5,352.2,0.6,0,,,81.1,0,0
713,2019-06-26 0:00,20.3,291.3,0.5,0,,,86.8,0,0
713,2019-06-26 1:00,19.8,278.3,0.6,0,,,89.5,0,0
713,2019-06-26 2:00,18.9,293.6,1.3,0,,,90.8,0,0
713,2019-06-26 3:00,19.6,310,1.5,0,,,79.6,0,0
713,2019-06-26 4:00,20,295.1,0.7,0,,,78.2,0,0
713,2019-06-26 5:00,19.7,293.2,1.1,0,,,82.3,0,0
713,2019-06-26 6:00,18.9,314.4,1.6,0.5,,,92.4,0,0
713,2019-06-26 7:00,18.7,343.9,0.9,0.5,,,89.8,0,0
713,2019-06-26 8:00,18.9,0,0.3,0.5,,,94.1,0,0
713,2019-06-26 9:00,18.3,272,1.4,2,,,97.5,0,0
713,2019-06-26 10:00,18.3,0,0.3,9,,,99.9,0,0
713,2019-06-26 11:00,18.6,149,0.8,9.5,,,99.9,0,0
713,2019-06-26 12:00,19.3,0,0,4.5,,,99.9,0,0
713,2019-06-26 13:00,19.9,197.4,0.6,10,,,99.9,0,0
713,2019-06-26 14:00,20.6,212.9,0.9,7.5,,,99.9,0,0
713,2019-06-26 15:00,21.8,162.8,0.8,2.5,,,99.9,0,0
713,2019-06-26 16:00,21.6,0,0.3,1.5,,,95.3,0,0
713,2019-06-26 17:00,21.6,241.8,0.5,0,,,97.7,0,0
713,2019-06-26 18:00,20.9,0,0.2,4.5,,,99.9,0,0
713,2019-06-26 19:00,20.6,164.3,0.9,9.5,,,99.9,0,0
713,2019-06-26 20:00,20.8,112.2,0.6,7,,,99.9,0,0
713,2019-06-26 21:00,20.9,0,0.2,11.5,,,99.9,0,0
713,2019-06-26 22:00,21.1,0,0,9.5,,,99.9,0,0
713,2019-06-26 23:00,21.4,0,0.3,1.5,,,99.7,0,0
713,2019-06-27 0:00,21.7,0,0.3,0,,,99.7,0,0
713,2019-06-27 1:00,21.8,0,0.1,0.5,,,99.8,0,0
713,2019-06-27 2:00,22,0,0,12,,,99.8,0,0
713,2019-06-27 3:00,22.1,0,0.3,1.5,,,99.9,0,0
713,2019-06-27 4:00,22.2,0,0.4,1,,,99.8,0,0
713,2019-06-27 5:00,22.3,0,0,2,,,99.9,0,0
713,2019-06-27 6:00,22.4,0,0.2,1.5,,,99.9,0,0
713,2019-06-27 7:00,22.7,0,0,0.5,,,99.7,0,0
713,2019-06-27 8:00,23.2,0,0,0.5,,,99.7,0,0
713,2019-06-27 9:00,24.6,0,0.2,0,,,96.5,0,0
713,2019-06-27 10:00,25,171.1,0.8,0,,,89.5,0,0
713,2019-06-27 11:00,26.5,68.1,0.6,0,,,80.2,0,0
713,2019-06-27 12:00,28.4,192.5,1.6,0,,,78.3,0,0
713,2019-06-27 13:00,27.2,229.5,1.1,0,,,84.4,0,0
713,2019-06-27 14:00,29,223,1.2,0,,,70.2,0,0
713,2019-06-27 15:00,30.6,153.2,1.8,0,,,66.9,0,0
713,2019-06-27 16:00,29.5,213.8,3.5,0,,,67,0,0
713,2019-06-27 17:00,30.2,207,2.6,0,,,66.4,0,0
713,2019-06-27 18:00,28.5,185,2.9,0,,,72.1,0,0
713,2019-06-27 19:00,27.5,197.2,1.6,0,,,78,0,0
713,2019-06-27 20:00,26.2,180,2,0,,,82,0,0
713,2019-06-27 21:00,25.5,161,1.1,0,,,85.4,0,0
713,2019-06-27 22:00,24.5,0,0.4,0,,,89.7,0,0
713,2019-06-27 23:00,23.9,0,0.1,0,,,95.3,0,0
713,2019-06-28 0:00,23.4,298.2,0.6,0,,,96.9,0,0
713,2019-06-28 1:00,22.4,0,0,0,,,98.7,0,0
713,2019-06-28 2:00,22.2,0,0,0,,,99.7,0,0
713,2019-06-28 3:00,21.7,0,0,0,,,99.4,0,0
713,2019-06-28 4:00,21.2,0,0.1,0,,,99.2,0,0
713,2019-06-28 5:00,20.8,0,0,0,,,99.7,0,0
713,2019-06-28 6:00,20.9,0,0,0,,,99.7,0,0
713,2019-06-28 7:00,22.5,308.8,0.6,0,,,96.2,0,0
713,2019-06-28 8:00,25.3,284.9,0.6,0,,,83.9,0,0
713,2019-06-28 9:00,27.1,260.2,0.9,0,,,73.4,0,0
713,2019-06-28 10:00,28.5,172.7,2.1,0,,,69,0,0
713,2019-06-28 11:00,29.8,145.9,1.9,0,,,54,0,0
713,2019-06-28 12:00,28.2,97.6,2.8,0,,,65,0,0
713,2019-06-28 13:00,28.6,162.4,3,0,,,67.3,0,0
713,2019-06-28 14:00,29,173.5,2.3,0,,,61.8,0,0
713,2019-06-28 15:00,29.6,137.9,1.5,0,,,57.6,0,0
713,2019-06-28 16:00,27.9,157.5,2.2,0,,,65.3,0,0
713,2019-06-28 17:00,28.9,195.3,1.8,0,,,63.1,0,0
713,2019-06-28 18:00,27,227.3,2.1,0,,,65.4,0,0
713,2019-06-28 19:00,25.4,153.3,2.3,0,,,73.7,0,0
713,2019-06-28 20:00,24.4,159.2,2,0,,,81.7,0,0
713,2019-06-28 21:00,23.1,158.4,0.8,0,,,84.2,0,0
713,2019-06-28 22:00,22.9,0,0.4,0,,,84.8,0,0
713,2019-06-28 23:00,22.3,0,0.2,0,,,88.8,0,0
713,2019-06-29 0:00,22,290.6,0.7,0,,,91.6,0,0
713,2019-06-29 1:00,21.8,0,0,0,,,93.3,0,0
713,2019-06-29 2:00,21.9,0,0.2,0,,,90.3,0,0
713,2019-06-29 3:00,21.2,0,0.1,0,,,96.3,0,0
713,2019-06-29 4:00,21.2,0,0.1,0,,,95.7,0,0
713,2019-06-29 5:00,21.2,0,0,0,,,94.6,0,0
713,2019-06-29 6:00,21.7,0,0.1,0,,,90,0,0
713,2019-06-29 7:00,21.8,325.5,0.5,0,,,89.8,0,0
713,2019-06-29 8:00,21,349.8,0.6,2,,,98.1,0,0
713,2019-06-29 9:00,20.2,0,0.1,3,,,99.3,0,0
713,2019-06-29 10:00,20.2,0,0.4,5,,,99.9,0,0
713,2019-06-29 11:00,20.9,113.3,0.6,1,,,99.6,0,0
713,2019-06-29 12:00,21.4,0,0.1,1,,,97.7,0,0
713,2019-06-29 13:00,21.4,102.5,1.1,3,,,99,0,0
713,2019-06-29 14:00,21.6,0,0.3,6.5,,,99.9,0,0
713,2019-06-29 15:00,21.1,84.4,0.9,9,,,99.9,0,0
713,2019-06-29 16:00,21,282.6,0.6,14,,,99.9,0,0
713,2019-06-29 17:00,21.1,180,1,8,,,99.9,0,0
713,2019-06-29 18:00,21.2,153.5,0.5,14.5,,,99.9,0,0
713,2019-06-29 19:00,21.6,0,0.1,14.5,,,99.9,0,0
713,2019-06-29 20:00,21.5,166.2,0.6,0.5,,,99.8,0,0
713,2019-06-29 21:00,21.7,0,0.4,0,,,99.8,0,0
713,2019-06-29 22:00,21.6,0,0.1,0,,,99.8,0,0
713,2019-06-29 23:00,21.8,0,0,0,,,99.7,0,0
713,2019-06-30 0:00,21.8,90.6,0.5,0.5,,,99.8,0,0
713,2019-06-30 1:00,21.9,71.8,0.7,0,,,99.8,0,0
713,2019-06-30 2:00,22.2,87.4,0.9,0,,,99.8,0,0
713,2019-06-30 3:00,22.3,0,0.1,0,,,99.8,0,0
713,2019-06-30 4:00,22.3,354.6,1,0,,,99.8,0,0
713,2019-06-30 5:00,21.9,131.4,1.2,0,,,99.8,0,0
713,2019-06-30 6:00,21.7,0,0.4,0,,,99.8,0,0
713,2019-06-30 7:00,23.1,201.5,0.8,0,,,99.5,0,0
713,2019-06-30 8:00,25.1,122.1,0.9,0,,,84.5,0,0
713,2019-06-30 9:00,26.6,268.9,1.9,0,,,73.1,0,0
713,2019-06-30 10:00,28.2,267.1,1.7,0,,,68.6,0,0
713,2019-06-30 11:00,29.1,314.5,1.1,0,,,62,0,0
713,2019-06-30 12:00,28.5,269.6,2.7,0,,,63.1,0,0
713,2019-06-30 13:00,29,265,2.5,0,,,61.9,0,0
713,2019-06-30 14:00,29.8,262.8,2.4,0,,,60,0,0
713,2019-06-30 15:00,28.2,232.6,1.7,0,,,70.4,0,0
713,2019-06-30 16:00,27.8,208.3,1.9,0,,,74.1,0,0
713,2019-06-30 17:00,28.1,199.6,2.3,0,,,72.3,0,0
713,2019-06-30 18:00,27.3,207.2,2.7,0,,,73.8,0,0
713,2019-06-30 19:00,27.5,210.4,1.4,0,,,73.7,0,0
713,2019-06-30 20:00,26,304.9,1,0,,,80,0,0
713,2019-06-30 21:00,25.4,271.3,0.6,0,,,82.1,0,0
713,2019-06-30 22:00,24.2,295.5,0.8,0,,,86.2,0,0
713,2019-06-30 23:00,24,280.2,1.1,0,,,89,0,0
713,2019-07-01 0:00,24.5,243.4,1.5,0,,,82.7,0,0
713,2019-07-01 1:00,23.3,316.5,0.7,0,,,88.1,0,0
713,2019-07-01 2:00,22.7,287.8,1.8,0,,,90.2,0,0
713,2019-07-01 3:00,21.9,0,0.1,0,,,93.6,0,0
713,2019-07-01 4:00,21.5,295.8,0.5,0,,,97.9,0,0
713,2019-07-01 5:00,21.1,0,0,0,,,97.8,0,0
713,2019-07-01 6:00,21.7,0,0.2,0,,,95.1,0,0
713,2019-07-01 7:00,23,0,0.1,0,,,88.2,0,0
713,2019-07-01 8:00,24.8,276.1,0.6,0,,,78.5,0,0
713,2019-07-01 9:00,26.3,303.2,0.8,0,,,71.2,0,0
713,2019-07-01 10:00,26.7,272.3,2,0,,,70.7,0,0
713,2019-07-01 11:00,26.4,270,1.6,0,,,74,0,0
713,2019-07-01 12:00,26.3,272.2,1.6,0,,,74.9,0,0
713,2019-07-01 13:00,25.5,268.4,1.5,0,,,80.8,0,0
713,2019-07-01 14:00,24.4,338,0.8,0.5,,,85.1,0,0
713,2019-07-01 15:00,24.8,0,0.4,0,,,82.5,0,0
713,2019-07-01 16:00,26.3,252.8,0.5,0,,,80.8,0,0
713,2019-07-01 17:00,26.3,237.5,0.9,0,,,72.6,0,0
713,2019-07-01 18:00,25.6,233.9,0.9,0,,,76,0,0
713,2019-07-01 19:00,25.3,240.7,0.7,0,,,80.4,0,0
713,2019-07-01 20:00,24.5,313.3,0.6,0,,,85.3,0,0
713,2019-07-01 21:00,24.1,317.2,0.6,0,,,84.4,0,0
713,2019-07-01 22:00,23.5,294.2,0.9,0,,,84.7,0,0
713,2019-07-01 23:00,23.3,247.1,0.8,0,,,83.6,0,0
713,2019-07-02 0:00,23.2,190.4,0.9,0,,,83.7,0,0
713,2019-07-02 1:00,23.1,284.6,0.6,0,,,85.1,0,0
713,2019-07-02 2:00,22.2,0,0.4,0,,,89.7,0,0
713,2019-07-02 3:00,21.2,249.8,0.6,0,,,95.9,0,0
713,2019-07-02 4:00,20.5,0,0,0,,,99.3,0,0
713,2019-07-02 5:00,19.9,304.8,0.5,0,,,99.8,0,0
713,2019-07-02 6:00,19.9,317.4,0.6,0,,,99.8,0,0
713,2019-07-02 7:00,23.1,340.2,0.6,0,,,84.8,0,0
713,2019-07-02 8:00,25.2,276.7,2.8,0,,,70.3,0,0
713,2019-07-02 9:00,26.7,262.2,1.5,0,,,63.2,0,0
713,2019-07-02 10:00,28,252.8,1.3,0,,,60.6,0,0
713,2019-07-02 11:00,28.6,259.5,1.7,0,,,57.2,0,0
713,2019-07-02 12:00,29.6,283.5,2.2,0,,,56.8,0,0
713,2019-07-02 13:00,29.8,262.5,2.3,0,,,49.7,0,0
713,2019-07-02 14:00,30.4,275.9,1.9,0,,,51.7,0,0
713,2019-07-02 15:00,30.4,271.2,2.7,0,,,43.8,0,0
713,2019-07-02 16:00,30.8,272.8,1.7,0,,,44.3,0,0
713,2019-07-02 17:00,30.6,247,2.1,0,,,43.4,0,0
713,2019-07-02 18:00,27.9,237.1,2.1,0,,,62.5,0,0
713,2019-07-02 19:00,27,209.9,2,0,,,66.5,0,0
713,2019-07-02 20:00,25.2,279.3,1.4,0,,,73.6,0,0
713,2019-07-02 21:00,23.6,282.9,0.5,0,,,77.5,0,0
713,2019-07-02 22:00,22.3,289.9,0.8,0,,,81.4,0,0
713,2019-07-02 23:00,21.5,0,0.2,0,,,86.6,0,0
713,2019-07-03 0:00,21.4,299.6,0.7,0,,,87.4,0,0
713,2019-07-03 1:00,20.5,0,0.1,0,,,89.7,0,0
713,2019-07-03 2:00,20.1,301.2,0.8,0,,,90.9,0,0
713,2019-07-03 3:00,20,304,0.7,0,,,88.8,0,0
713,2019-07-03 4:00,19.1,0,0.2,0,,,92.8,0,0
713,2019-07-03 5:00,19.8,0,0.2,0,,,86.5,0,0
713,2019-07-03 6:00,18.9,0,0.4,0,,,92.4,0,0
713,2019-07-03 7:00,20.6,257.6,0.5,0,,,84,0,0
713,2019-07-03 8:00,23.1,306,1.1,0,,,74.1,0,0
713,2019-07-03 9:00,23,341,0.5,0,,,71.3,0,0
713,2019-07-03 10:00,24.8,252.9,0.7,0,,,70,0,0
713,2019-07-03 11:00,26.7,112.2,0.8,0,,,58.3,0,0
713,2019-07-03 12:00,29,138.4,1.8,0,,,54.9,0,0
713,2019-07-03 13:00,28.4,82.9,2.1,0,,,51.2,0,0
713,2019-07-03 14:00,28.9,130.3,2,0,,,54,0,0
713,2019-07-03 15:00,27.6,111.9,1.9,0,,,60.9,0,0
713,2019-07-03 16:00,25.9,217,2.6,0,,,72,0,0
713,2019-07-03 17:00,26.9,206.5,1.6,0,,,69.8,0,0
713,2019-07-03 18:00,27.1,202.3,2,0,,,68.6,0,0
713,2019-07-03 19:00,25.3,219.8,1.8,0,,,75.9,0,0
713,2019-07-03 20:00,24.5,292.5,0.9,0,,,78.6,0,0
713,2019-07-03 21:00,23.1,282.3,0.9,0,,,87.4,0,0
713,2019-07-03 22:00,22.2,279.5,0.6,0,,,90.7,0,0
713,2019-07-03 23:00,21.6,267.9,0.9,0,,,92.7,0,0
713,2019-07-04 0:00,21.5,305,0.9,0,,,93.7,0,0
713,2019-07-04 1:00,20.8,279.4,0.8,0,,,96.9,0,0
713,2019-07-04 2:00,20.3,0,0.1,0,,,97,0,0
713,2019-07-04 3:00,19.9,0,0.3,0,,,98.7,0,0
713,2019-07-04 4:00,19.4,0,0.3,0,,,99.5,0,0
713,2019-07-04 5:00,19.2,0,0.2,0,,,99.9,0,0
713,2019-07-04 6:00,19.4,0,0.1,0,,,99.9,0,0
713,2019-07-04 7:00,22.4,0,0.2,0,,,87.6,0,0
713,2019-07-04 8:00,25.2,63.8,0.5,0,,,75.9,0,0
713,2019-07-04 9:00,27,105.6,1.1,0,,,69.8,0,0
713,2019-07-04 10:00,28.8,167.7,1.5,0,,,64.9,0,0
713,2019-07-04 11:00,30,226.8,1.8,0,,,54.9,0,0
713,2019-07-04 12:00,31.5,118.8,1.4,0,,,49.8,0,0
713,2019-07-04 13:00,32,182,2.6,0,,,46.8,0,0
713,2019-07-04 14:00,31.7,154.4,2.2,0,,,45.4,0,0
713,2019-07-04 15:00,32.1,192.1,2.2,0,,,42.4,0,0
713,2019-07-04 16:00,31.2,204.1,2.3,0,,,49.7,0,0
713,2019-07-04 17:00,30.2,192.1,2.5,0,,,54,0,0
713,2019-07-04 18:00,29.1,166.7,1.5,0,,,53.8,0,0
713,2019-07-04 19:00,27.5,219.3,1.3,0,,,59.5,0,0
713,2019-07-04 20:00,25.8,284.8,1.1,0,,,68.6,0,0
713,2019-07-04 21:00,24.2,291.5,1,0,,,76.2,0,0
713,2019-07-04 22:00,23.6,297.5,1.2,0,,,77.3,0,0
713,2019-07-04 23:00,23,281.5,0.9,0,,,80.5,0,0
713,2019-07-05 0:00,22.4,281.3,0.9,0,,,84.6,0,0
713,2019-07-05 1:00,22.1,305.2,1,0,,,86.8,0,0
713,2019-07-05 2:00,21.7,329.4,0.5,0,,,89.6,0,0
713,2019-07-05 3:00,21.5,0,0.3,0,,,90.9,0,0
713,2019-07-05 4:00,21.2,283.2,0.7,0,,,91.6,0,0
713,2019-07-05 5:00,21,281.4,0.5,0,,,93,0,0
713,2019-07-05 6:00,21.1,283.2,0.5,0,,,92.4,0,0
713,2019-07-05 7:00,22.4,271.8,1,0,,,85.8,0,0
713,2019-07-05 8:00,25.1,227.2,0.7,0,,,75.7,0,0
713,2019-07-05 9:00,27.6,253.9,0.6,0,,,63.4,0,0
713,2019-07-05 10:00,28.9,151.1,1.2,0,,,59.3,0,0
713,2019-07-05 11:00,29.9,162.1,1.3,0,,,53.1,0,0
713,2019-07-05 12:00,31.5,86.4,2,0,,,45.9,0,0
713,2019-07-05 13:00,31,72.4,1.5,0,,,47.3,0,0
713,2019-07-05 14:00,31.6,61.6,1.9,0,,,47,0,0
713,2019-07-05 15:00,32.4,132.8,2,0,,,43.4,0,0
713,2019-07-05 16:00,31.7,140.5,2,0,,,46.4,0,0
713,2019-07-05 17:00,31.6,116.5,1.8,0,,,51.1,0,0
713,2019-07-05 18:00,29.6,205.7,2.1,0,,,59.8,0,0
713,2019-07-05 19:00,27.3,218.5,2.1,0,,,66.9,0,0
713,2019-07-05 20:00,25.6,217.9,1.7,0,,,72.3,0,0
713,2019-07-05 21:00,24.5,317,0.9,0,,,80.5,0,0
713,2019-07-05 22:00,23.7,303.1,0.7,0,,,84.3,0,0
713,2019-07-05 23:00,22.8,280.2,0.8,0,,,87.8,0,0
713,2019-07-06 0:00,22.1,269.8,0.6,0,,,90.3,0,0
713,2019-07-06 1:00,21.7,297,0.6,0,,,93.5,0,0
713,2019-07-06 2:00,20.7,0,0,0,,,95.1,0,0
713,2019-07-06 3:00,20.1,286.6,1.2,0,,,97.6,0,0
713,2019-07-06 4:00,19.6,289.1,0.7,0,,,98.1,0,0
713,2019-07-06 5:00,19,267.2,0.6,0,,,95.7,0,0
713,2019-07-06 6:00,19,296.4,0.5,0,,,89.3,0,0
713,2019-07-06 7:00,22.1,310,0.9,0,,,76.5,0,0
713,2019-07-06 8:00,25.1,137.2,1,0,,,69.9,0,0
713,2019-07-06 9:00,27.7,163.9,1.6,0,,,51.5,0,0
713,2019-07-06 10:00,29.6,46.3,1.3,0,,,41.6,0,0
713,2019-07-06 11:00,30.1,94.6,2.7,0,,,41.5,0,0
713,2019-07-06 12:00,30.3,85.9,2.7,0,,,41.6,0,0
713,2019-07-06 13:00,31.2,108.9,3.3,0,,,43.2,0,0
713,2019-07-06 14:00,31.7,73.7,2.9,0,,,42.4,0,0
713,2019-07-06 15:00,32.4,105.5,1.4,0,,,42.7,0,0
713,2019-07-06 16:00,31.7,155.3,2.8,0,,,46,0,0
713,2019-07-06 17:00,31.1,142.5,2.3,0,,,48.5,0,0
713,2019-07-06 18:00,30.2,90,2.6,0,,,48.5,0,0
713,2019-07-06 19:00,28.8,83.9,1.9,0,,,52.1,0,0
713,2019-07-06 20:00,27.4,89.8,1.5,0,,,55.1,0,0
713,2019-07-06 21:00,24.6,281.3,0.8,0,,,71.5,0,0
713,2019-07-06 22:00,23.2,327.9,0.8,0,,,77.7,0,0
713,2019-07-06 23:00,22.3,286.7,1.1,0,,,80.8,0,0
713,2019-07-07 0:00,23,322.1,1,0,,,68,0,0
713,2019-07-07 1:00,23.2,2.7,1.1,0,,,61.8,0,0
713,2019-07-07 2:00,22.6,52.4,0.7,0,,,64.5,0,0
713,2019-07-07 3:00,22.7,65.1,1.6,0,,,65.1,0,0
713,2019-07-07 4:00,22.9,50.3,1.6,0,,,65.2,0,0
713,2019-07-07 5:00,22.8,28.5,1.4,0,,,65.6,0,0
713,2019-07-07 6:00,23.1,61.5,1.3,0,,,65.6,0,0
713,2019-07-07 7:00,24.6,32.8,1.5,0,,,61.4,0,0
713,2019-07-07 8:00,25.3,61.4,2.1,0,,,60.3,0,0
713,2019-07-07 9:00,26.4,58.8,2.2,0,,,55.3,0,0
713,2019-07-07 10:00,27.9,56.6,2.3,0,,,51.9,0,0
713,2019-07-07 11:00,28.1,75.5,2.9,0,,,51.4,0,0
713,2019-07-07 12:00,29,93.1,3.6,0,,,49.1,0,0
713,2019-07-07 13:00,28.8,80.2,3.2,0,,,47.2,0,0
713,2019-07-07 14:00,29.6,57.8,1.9,0,,,47.5,0,0
713,2019-07-07 15:00,28.8,78.1,2.6,0,,,46.1,0,0
713,2019-07-07 16:00,28,166.7,3.3,0,,,55.3,0,0
713,2019-07-07 17:00,26.7,146.1,1.8,0,,,56.5,0,0
713,2019-07-07 18:00,26.1,105.5,1.2,0,,,56.3,0,0
713,2019-07-07 19:00,25,86.1,1.9,0,,,59.6,0,0
713,2019-07-07 20:00,24.1,86.1,1.3,0,,,65.5,0,0
713,2019-07-07 21:00,23.3,126.3,1.4,0,,,70.4,0,0
713,2019-07-07 22:00,23.3,75.2,1.6,0,,,68.8,0,0
713,2019-07-07 23:00,22.7,115.3,1,0,,,71.2,0,0
713,2019-07-08 0:00,22.1,14.5,0.5,0,,,74.2,0,0
713,2019-07-08 1:00,21.2,133.2,1.6,0,,,81.3,0,0
713,2019-07-08 2:00,20.6,0,0.4,0,,,84.2,0,0
713,2019-07-08 3:00,21.2,77.7,1.6,0,,,70.5,0,0
713,2019-07-08 4:00,21.1,355.1,1,0,,,68.3,0,0
713,2019-07-08 5:00,20.8,339.4,0.7,0,,,68.1,0,0
713,2019-07-08 6:00,20.2,0,0.3,0,,,74,0,0
713,2019-07-08 7:00,20.7,265.1,1.2,0,,,77.4,0,0
713,2019-07-08 8:00,22,258,0.7,0,,,71.7,0,0
713,2019-07-08 9:00,24.7,58.8,2.2,0,,,57.1,0,0
713,2019-07-08 10:00,26.1,54.8,1.6,0,,,52.7,0,0
713,2019-07-08 11:00,27.3,95.6,2.6,0,,,51,0,0
713,2019-07-08 12:00,27.7,88.8,3.2,0,,,50.2,0,0
713,2019-07-08 13:00,28.2,87.4,2.7,0,,,50.2,0,0
713,2019-07-08 14:00,28.3,98.1,2.6,0,,,50.5,0,0
713,2019-07-08 15:00,28.1,68.9,1.8,0,,,50.2,0,0
713,2019-07-08 16:00,26.9,62.8,1.4,0,,,52.1,0,0
713,2019-07-08 17:00,26.6,96.5,1.3,0,,,55.8,0,0
713,2019-07-08 18:00,25.8,213.2,1.8,0,,,66.3,0,0
713,2019-07-08 19:00,25.1,201.3,1.6,0,,,66.6,0,0
713,2019-07-08 20:00,23.8,215.3,1.1,0,,,73.5,0,0
713,2019-07-08 21:00,23.6,95.2,1.7,0,,,76.7,0,0
713,2019-07-08 22:00,21.4,262.9,0.5,1,,,96.8,0,0
713,2019-07-08 23:00,21.7,0,0.1,0.5,,,98,0,0
713,2019-07-09 0:00,21.6,0,0.1,0,,,97.8,0,0
713,2019-07-09 1:00,20.7,78.4,0.9,0,,,89.7,0,0
713,2019-07-09 2:00,19.9,358.5,0.5,0,,,86.6,0,0
713,2019-07-09 3:00,19.4,292.4,0.7,0,,,97.1,0,0
713,2019-07-09 4:00,19.3,311.3,0.8,0,,,94.7,0,0
713,2019-07-09 5:00,19.5,327.4,0.7,0,,,91.4,0,0
713,2019-07-09 6:00,19.3,270.7,0.8,0,,,94.4,0,0
713,2019-07-09 7:00,21.7,282.6,0.6,0,,,84.9,0,0
713,2019-07-09 8:00,23.2,0,0.3,0,,,74.8,0,0
713,2019-07-09 9:00,25.2,70.4,2.5,0,,,57.8,0,0
713,2019-07-09 10:00,25.1,80.8,2.1,0,,,59.4,0,0
713,2019-07-09 11:00,26,55,1.5,0,,,57.4,0,0
713,2019-07-09 12:00,26.6,73.5,2,0,,,54.5,0,0
713,2019-07-09 13:00,27.7,74.1,1.7,0,,,52.1,0,0
713,2019-07-09 14:00,27.3,60.4,1.9,0,,,53.2,0,0
713,2019-07-09 15:00,27.1,75.6,2.1,0,,,55.9,0,0
713,2019-07-09 16:00,27.3,72.9,2.1,0,,,54.6,0,0
713,2019-07-09 17:00,26.4,76.3,2.1,0,,,58.7,0,0
713,2019-07-09 18:00,25.9,65.7,1.6,0,,,59.9,0,0
713,2019-07-09 19:00,25.1,15.8,0.7,0,,,62.5,0,0
713,2019-07-09 20:00,24.9,61.5,1.3,0,,,63.6,0,0
713,2019-07-09 21:00,24.3,28.3,0.8,0,,,66.4,0,0
713,2019-07-09 22:00,24.2,69.3,1.6,0,,,65.7,0,0
713,2019-07-09 23:00,23.8,61.5,1.7,0,,,66.9,0,0
713,2019-07-10 0:00,23.5,67.4,2.3,0,,,64.9,0,0
713,2019-07-10 1:00,23.2,56.6,1.2,0,,,64.2,0,0
713,2019-07-10 2:00,23.5,77.3,1.7,0,,,61.6,0,0
713,2019-07-10 3:00,23.3,68,2,0,,,61.8,0,0
713,2019-07-10 4:00,22.9,60.4,1.5,0,,,63.3,0,0
713,2019-07-10 5:00,22.6,16.6,1,0,,,65.3,0,0
713,2019-07-10 6:00,19.6,178.9,0.8,2.5,,,92.2,0,0
713,2019-07-10 7:00,19.9,7.4,0.8,2,,,90,0,0
713,2019-07-10 8:00,21.1,43.8,1.2,0,,,85.2,0,0
713,2019-07-10 9:00,21.9,6.9,1.5,0,,,79.7,0,0
713,2019-07-10 10:00,22.9,40.3,1.7,0,,,76.4,0,0
713,2019-07-10 11:00,23.4,60.5,2.4,0,,,71,0,0
713,2019-07-10 12:00,22.7,34.3,1.5,0,,,83,0,0
713,2019-07-10 13:00,22.4,46,1.8,1,,,85,0,0
713,2019-07-10 14:00,21.3,251.7,0.5,2.5,,,93.1,0,0
713,2019-07-10 15:00,21.3,28,1.2,2.5,,,94.1,0,0
713,2019-07-10 16:00,21.6,0.8,1.2,0.5,,,91.6,0,0
713,2019-07-10 17:00,21.6,7.7,1.2,0.5,,,89.5,0,0
713,2019-07-10 18:00,21.8,37.1,1,0.5,,,86.9,0,0
713,2019-07-10 19:00,21.6,356.6,0.6,0.5,,,87.5,0,0
713,2019-07-10 20:00,21.7,17,0.6,0,,,88.9,0,0
713,2019-07-10 21:00,22.5,87.7,1.1,0,,,84.5,0,0
713,2019-07-10 22:00,22.7,21,1.3,0.5,,,85,0,0
713,2019-07-10 23:00,23.3,59.4,0.8,0,,,82.1,0,0
713,2019-07-11 0:00,22.9,277.4,1,0,,,85.6,0,0
713,2019-07-11 1:00,22,290.2,0.8,0,,,89.8,0,0
713,2019-07-11 2:00,21.8,291.2,0.6,0,,,90.9,0,0
713,2019-07-11 3:00,21.7,169.9,0.8,0,,,93.4,0,0
713,2019-07-11 4:00,21.9,267.6,0.5,0,,,89.4,0,0
713,2019-07-11 5:00,21.6,0,0.1,0,,,90,0,0
713,2019-07-11 6:00,21.8,305.9,1,0,,,87.6,0,0
713,2019-07-11 7:00,22.8,210.8,1.1,0,,,85.3,0,0
713,2019-07-11 8:00,23.4,270.8,3,0,,,81.1,0,0
713,2019-07-11 9:00,23.9,263.2,2.1,0,,,78,0,0
713,2019-07-11 10:00,24.9,270.3,1.7,0,,,76.5,0,0
713,2019-07-11 11:00,25.2,261.4,2,0,,,73.6,0,0
713,2019-07-11 12:00,25.6,278,2.2,0,,,72.1,0,0
713,2019-07-11 13:00,26.4,287.9,2.6,0,,,67,0,0
713,2019-07-11 14:00,26.6,268.6,2.9,0,,,69.6,0,0
713,2019-07-11 15:00,25.9,256.3,3.1,0,,,71.2,0,0
713,2019-07-11 16:00,25.8,262.9,3,0,,,70,0,0
713,2019-07-11 17:00,27,243.3,2.8,0,,,66.2,0,0
713,2019-07-11 18:00,25,255.8,2,0,,,71.8,0,0
713,2019-07-11 19:00,23.9,248.1,2.5,0,,,73.4,0,0
713,2019-07-11 20:00,23.5,247.9,1.9,0,,,73.6,0,0
713,2019-07-11 21:00,23.2,262.9,1.5,0,,,74.5,0,0
713,2019-07-11 22:00,22.9,247,1.1,0,,,75.7,0,0
713,2019-07-11 23:00,22.6,243.2,1,0,,,76.7,0,0
713,2019-07-12 0:00,22.4,234.5,1.4,0,,,78.2,0,0
713,2019-07-12 1:00,22.1,227.1,1.4,0,,,78.7,0,0
713,2019-07-12 2:00,22,235.5,1.2,0,,,78.7,0,0
713,2019-07-12 3:00,21.5,288,0.8,0,,,79.7,0,0
713,2019-07-12 4:00,21.7,246.2,1.1,0,,,78.7,0,0
713,2019-07-12 5:00,21.5,286.5,0.9,0,,,79.4,0,0
713,2019-07-12 6:00,20.5,0,0,0,,,86.7,0,0
713,2019-07-12 7:00,23.2,247.6,1.3,0,,,74.6,0,0
713,2019-07-12 8:00,25,240.9,1.8,0,,,68.5,0,0
713,2019-07-12 9:00,25.3,272.6,2.4,0,,,65.9,0,0
713,2019-07-12 10:00,25.4,263,3.3,0,,,64.5,0,0
713,2019-07-12 11:00,27.7,291,2.4,0,,,56.1,0,0
713,2019-07-12 12:00,28.1,272,3.3,0,,,55.3,0,0
713,2019-07-12 13:00,29.3,271.3,2.5,0,,,52.3,0,0
713,2019-07-12 14:00,29.1,271.7,2.3,0,,,52.5,0,0
713,2019-07-12 15:00,29.6,277.2,2.8,0,,,52.8,0,0
713,2019-07-12 16:00,28.8,265.1,2.8,0,,,54.9,0,0
713,2019-07-12 17:00,28.5,298.9,2,0,,,54.2,0,0
713,2019-07-12 18:00,27.7,291.6,1.3,0,,,59.2,0,0
713,2019-07-12 19:00,26.8,278.9,1.5,0,,,64.1,0,0
713,2019-07-12 20:00,25.6,310.6,0.9,0,,,71.1,0,0
713,2019-07-12 21:00,24.6,268.2,0.7,0,,,74.5,0,0
713,2019-07-12 22:00,23.9,310.4,0.9,0,,,78.6,0,0
713,2019-07-12 23:00,23.2,0,0.2,0,,,82.3,0,0
713,2019-07-13 0:00,22.5,0,0,0,,,85.5,0,0
713,2019-07-13 1:00,22.7,0,0.2,0,,,84.1,0,0
713,2019-07-13 2:00,22.2,0,0.3,0,,,87.6,0,0
713,2019-07-13 3:00,21.7,0,0.4,0,,,90.5,0,0
713,2019-07-13 4:00,21.7,0,0.1,0,,,90.1,0,0
713,2019-07-13 5:00,21.3,313.3,0.7,0,,,92.8,0,0
713,2019-07-13 6:00,21.4,0,0.2,0,,,90.9,0,0
713,2019-07-13 7:00,21.7,0,0.2,0,,,92.8,0,0
713,2019-07-13 8:00,21.7,288.2,0.7,0,,,95.6,0,0
713,2019-07-13 9:00,22.1,0,0,0.5,,,95.6,0,0
713,2019-07-13 10:00,22.4,0,0,0.5,,,95.4,0,0
713,2019-07-13 11:00,23,0,0,0.5,,,90.7,0,0
713,2019-07-13 12:00,24.7,190.3,1.2,0,,,85,0,0
713,2019-07-13 13:00,24.3,201,1.6,0,,,87.3,0,0
713,2019-07-13 14:00,23.2,192.4,1.5,0,,,86,0,0
713,2019-07-13 15:00,24.8,186.4,1.8,0,,,76.2,0,0
713,2019-07-13 16:00,26,182.8,1.1,0,,,71.4,0,0
713,2019-07-13 17:00,25.5,0,0.4,0,,,73.3,0,0
713,2019-07-13 18:00,25.5,162.3,1.2,0,,,75,0,0
713,2019-07-13 19:00,24.3,215.4,1.1,0,,,80.4,0,0
713,2019-07-13 20:00,23.4,212.5,0.7,0,,,82.8,0,0
713,2019-07-13 21:00,23,308.6,0.8,0,,,84.8,0,0
713,2019-07-13 22:00,22.6,0,0.4,0,,,86.5,0,0
713,2019-07-13 23:00,21.5,0,0.4,0,,,93.5,0,0
713,2019-07-14 0:00,21.6,303.6,0.7,0,,,92.8,0,0
713,2019-07-14 1:00,21.4,0,0.1,0,,,94.7,0,0
713,2019-07-14 2:00,21.4,293.6,0.5,0,,,96,0,0
713,2019-07-14 3:00,20.8,0,0.2,0,,,98.3,0,0
713,2019-07-14 4:00,20.4,0,0,0,,,99.9,0,0
713,2019-07-14 5:00,20.4,0,0.2,0,,,99.4,0,0
713,2019-07-14 6:00,20.8,275.3,0.6,0,,,99.9,0,0
713,2019-07-14 7:00,22.2,0,0.2,0,,,94.8,0,0
713,2019-07-14 8:00,25.4,0,0.2,0,,,77.1,0,0
713,2019-07-14 9:00,26.8,177.4,1.3,0,,,72.5,0,0
713,2019-07-14 10:00,28.2,146.9,1.3,0,,,65.5,0,0
713,2019-07-14 11:00,29.4,125.1,1.7,0,,,63.6,0,0
713,2019-07-14 12:00,29,172.1,2.2,0,,,63.1,0,0
713,2019-07-14 13:00,27.9,194.5,2,0,,,64.6,0,0
713,2019-07-14 14:00,27.2,100.8,2,0,,,74.6,0,0
713,2019-07-14 15:00,24.5,331.9,0.7,8.5,,,99,0,0
713,2019-07-14 16:00,25.2,278.5,0.5,0,,,92,0,0
713,2019-07-14 17:00,26.5,253.5,1,0.5,,,79.2,0,0
713,2019-07-14 18:00,25.5,229,1.7,0,,,77.4,0,0
713,2019-07-14 19:00,24.4,235.7,1.8,0,,,80.1,0,0
713,2019-07-14 20:00,23.9,351.9,0.6,0,,,81.7,0,0
713,2019-07-14 21:00,23.1,317.5,0.6,0,,,88.2,0,0
713,2019-07-14 22:00,22.6,306.4,0.8,0,,,88.9,0,0
713,2019-07-14 23:00,22.6,338.7,0.7,0,,,88.3,0,0
713,2019-07-15 0:00,22.4,0,0.3,0,,,90.3,0,0
713,2019-07-15 1:00,22.6,0,0.4,0,,,88.5,0,0
713,2019-07-15 2:00,22.1,296.4,0.7,0,,,91.7,0,0
713,2019-07-15 3:00,21.9,0,0.2,0,,,90.6,0,0
713,2019-07-15 4:00,21.5,305.9,0.5,0,,,95.5,0,0
713,2019-07-15 5:00,21.3,268.3,0.5,0,,,95.5,0,0
713,2019-07-15 6:00,21,312.5,0.6,0,,,97.1,0,0
713,2019-07-15 7:00,22.4,296.3,0.6,0,,,89.1,0,0
713,2019-07-15 8:00,25.1,0,0.1,0,,,79.3,0,0
713,2019-07-15 9:00,25.8,136,1,0,,,71,0,0
713,2019-07-15 10:00,26.8,147.7,0.9,0,,,68.1,0,0
713,2019-07-15 11:00,27.5,139.6,1.5,0,,,65.7,0,0
713,2019-07-15 12:00,28.9,187.4,2,0,,,64.2,0,0
713,2019-07-15 13:00,28.8,196.9,2.2,0,,,63.5,0,0
713,2019-07-15 14:00,29.1,171.2,2.6,0,,,61,0,0
713,2019-07-15 15:00,28.9,160.6,2.1,0,,,62.5,0,0
713,2019-07-15 16:00,28.8,221.7,2.5,0,,,60.4,0,0
713,2019-07-15 17:00,28.4,159.7,2.1,0,,,64.5,0,0
713,2019-07-15 18:00,26.6,145.8,2.1,0,,,68.4,0,0
713,2019-07-15 19:00,25.5,186.2,1.6,0,,,75.4,0,0
713,2019-07-15 20:00,24.8,144.9,1.5,0,,,78,0,0
713,2019-07-15 21:00,24.2,156.2,1.7,0,,,78.1,0,0
713,2019-07-15 22:00,23.7,0,0.3,0,,,81.2,0,0
713,2019-07-15 23:00,22.9,0,0.2,0,,,85.8,0,0
713,2019-07-16 0:00,23.1,102.6,0.6,0,,,85.5,0,0
713,2019-07-16 1:00,22.8,0,0.3,0,,,89.1,0,0
713,2019-07-16 2:00,22.7,0,0.4,0,,,87.8,0,0
713,2019-07-16 3:00,21.8,0,0.2,0,,,93.2,0,0
713,2019-07-16 4:00,21.2,0,0.1,0,,,98.3,0,0
713,2019-07-16 5:00,20.7,283.1,0.8,0,,,97,0,0
713,2019-07-16 6:00,20.2,0,0,0,,,95.8,0,0
713,2019-07-16 7:00,21.2,340.7,0.6,0,,,87.9,0,0
713,2019-07-16 8:00,22.8,0,0.4,0,,,81.7,0,0
713,2019-07-16 9:00,26,151.7,0.8,0,,,71.7,0,0
713,2019-07-16 10:00,27,118.9,2.4,0,,,64.1,0,0
713,2019-07-16 11:00,27.9,125.4,2,0,,,62,0,0
713,2019-07-16 12:00,29.6,151.4,1.8,0,,,59.2,0,0
713,2019-07-16 13:00,30,151.4,2.2,0,,,58.5,0,0
713,2019-07-16 14:00,29.1,114.3,2.1,0,,,57.4,0,0
713,2019-07-16 15:00,30.8,166.8,2.6,0,,,56,0,0
713,2019-07-16 16:00,29.2,181.5,3,0,,,59.8,0,0
713,2019-07-16 17:00,27.8,192.6,1.4,0,,,68.1,0,0
713,2019-07-16 18:00,27.4,206.3,1,0,,,69,0,0
713,2019-07-16 19:00,25.8,213.3,2.7,0,,,75,0,0
713,2019-07-16 20:00,24.7,217.1,1.3,0,,,78.2,0,0
713,2019-07-16 21:00,24.2,0,0.4,0,,,80.2,0,0
713,2019-07-16 22:00,24,0,0.3,0,,,83,0,0
713,2019-07-16 23:00,23.9,0,0.4,0,,,85.5,0,0
713,2019-07-17 0:00,23.8,12.4,0.6,0,,,83,0,0
713,2019-07-17 1:00,23.7,0,0.4,0,,,76.3,0,0
713,2019-07-17 2:00,22.7,83.9,0.5,0,,,80,0,0
713,2019-07-17 3:00,21.7,0,0.4,0,,,87.5,0,0
713,2019-07-17 4:00,20.7,0,0.3,0,,,92.2,0,0
713,2019-07-17 5:00,20.6,306,0.7,0,,,91.3,0,0
713,2019-07-17 6:00,20.4,299.1,0.5,0,,,92.9,0,0
713,2019-07-17 7:00,22.7,300.6,0.8,0,,,83,0,0
713,2019-07-17 8:00,25.6,225.2,0.7,0,,,69.5,0,0
713,2019-07-17 9:00,26,129.3,0.6,0,,,61.8,0,0
713,2019-07-17 10:00,27.8,75,2.5,0,,,57.5,0,0
713,2019-07-17 11:00,28.1,77.2,2.2,0,,,59.1,0,0
713,2019-07-17 12:00,28.2,114.2,2.2,0,,,54.8,0,0
713,2019-07-17 13:00,29.6,75.2,2.5,0,,,49,0,0
713,2019-07-17 14:00,29.6,53.7,1.8,0,,,52.7,0,0
713,2019-07-17 15:00,30.9,67.5,1.9,0,,,52.9,0,0
713,2019-07-17 16:00,30,143.5,1.1,0,,,55.3,0,0
713,2019-07-17 17:00,28.5,176,1.9,0,,,65.1,0,0
713,2019-07-17 18:00,26.4,215.9,1.7,0,,,71.5,0,0
713,2019-07-17 19:00,26.3,231.5,0.5,0,,,72.8,0,0
713,2019-07-17 20:00,25.5,212.5,1.1,0,,,78,0,0
713,2019-07-17 21:00,24.9,268.2,1,0,,,82.5,0,0
713,2019-07-17 22:00,24,300.2,0.7,0,,,92.1,0,0
713,2019-07-17 23:00,23.2,269.5,0.7,0.5,,,97.7,0,0
713,2019-07-18 0:00,22.8,260.7,0.9,5,,,99.9,0,0
713,2019-07-18 1:00,22.5,341.6,0.8,13.5,,,99.9,0,0
713,2019-07-18 2:00,22.5,0,0.2,3,,,99.9,0,0
713,2019-07-18 3:00,22.4,0,0.4,1,,,99.9,0,0
713,2019-07-18 4:00,22.3,0,0.4,1.5,,,99.9,0,0
713,2019-07-18 5:00,22.2,0,0.1,1.5,,,99.9,0,0
713,2019-07-18 6:00,21.5,122.3,0.6,2.5,,,99.9,0,0
713,2019-07-18 7:00,21,63.8,0.5,1,,,99.5,0,0
713,2019-07-18 8:00,21.6,68.2,0.7,0.5,,,94.9,0,0
713,2019-07-18 9:00,21.6,19.6,0.5,0.5,,,89.7,0,0
713,2019-07-18 10:00,22.4,272.2,0.7,0.5,,,96.9,0,0
713,2019-07-18 11:00,23.3,0,0.3,0.5,,,86,0,0
713,2019-07-18 12:00,23.5,227.5,0.9,0,,,90.8,0,0
713,2019-07-18 13:00,22.9,129.2,1.3,0,,,87.4,0,0
713,2019-07-18 14:00,24.4,110.7,1.5,0,,,81.5,0,0
713,2019-07-18 15:00,25.3,104.7,1.3,0,,,79.5,0,0
713,2019-07-18 16:00,25,125.7,1,0,,,81,0,0
713,2019-07-18 17:00,23.9,139.7,1.1,0.5,,,90.2,0,0
713,2019-07-18 18:00,23.3,0,0,3.5,,,98.9,0,0
713,2019-07-18 19:00,23.6,0,0.4,0,,,97.2,0,0
713,2019-07-18 20:00,23,142.8,0.8,0,,,99.9,0,0
713,2019-07-18 21:00,22.8,164.8,0.7,0,,,99.9,0,0
713,2019-07-18 22:00,23.1,229.8,0.5,0,,,99.9,0,0
713,2019-07-18 23:00,23,0,0,0,,,99.9,0,0
713,2019-07-19 0:00,23,0,0.1,0,,,99.9,0,0
713,2019-07-19 1:00,23.1,0,0.2,0,,,99.9,0,0
713,2019-07-19 2:00,23,0,0,0,,,99.9,0,0
713,2019-07-19 3:00,23.2,244.9,0.5,0,,,99.3,0,0
713,2019-07-19 4:00,23.4,341.2,0.6,0,,,97.9,0,0
713,2019-07-19 5:00,23,0,0.2,1,,,99.9,0,0
713,2019-07-19 6:00,23.1,0,0.2,1,,,99.9,0,0
713,2019-07-19 7:00,23.4,0,0.1,0,,,99.8,0,0
713,2019-07-19 8:00,24.2,0,0.4,0,,,99.9,0,0
713,2019-07-19 9:00,24.2,0,0.4,0,,,94.5,0,0
713,2019-07-19 10:00,24.5,87.4,0.8,0,,,92,0,0
713,2019-07-19 11:00,24.1,84.4,1.3,0.5,,,94.9,0,0
713,2019-07-19 12:00,23.8,0,0.2,5,,,99.9,0,0
713,2019-07-19 13:00,24.3,88.3,1.8,4.5,,,99.9,0,0
713,2019-07-19 14:00,24,0,0.1,4,,,99.9,0,0
713,2019-07-19 15:00,24.2,0,0,2,,,99.9,0,0
713,2019-07-19 16:00,24.2,86.9,1.1,2,,,99.5,0,0
713,2019-07-19 17:00,24.1,178,1.5,11.5,,,99.9,0,0
713,2019-07-19 18:00,24.6,76.1,1.3,9,,,99.9,0,0
713,2019-07-19 19:00,24.5,102.9,0.9,3,,,99.9,0,0
713,2019-07-19 20:00,24.3,77.8,2.2,19,,,99.9,0,0
713,2019-07-19 21:00,24.7,75.5,2.7,1.5,,,94.5,0,0
713,2019-07-19 22:00,24.6,83,2.5,2,,,94.3,0,0
713,2019-07-19 23:00,24.4,74.9,2.7,3.5,,,93.2,0,0
713,2019-07-20 0:00,24.3,79.5,4.3,5,,,92.5,0,0
713,2019-07-20 1:00,24.2,75.1,3.5,10,,,93,0,0
713,2019-07-20 2:00,24.3,80.2,4.3,9,,,92.8,0,0
713,2019-07-20 3:00,24.3,73.6,4.3,9,,,93.1,0,0
713,2019-07-20 4:00,24.2,76.1,4.9,12,,,95.1,0,0
713,2019-07-20 5:00,24.4,78.5,4.5,5.5,,,94.2,0,0
713,2019-07-20 6:00,24.6,92,4.2,6,,,94.6,0,0
713,2019-07-20 7:00,24.5,85.4,4.4,8.5,,,97.4,0,0
713,2019-07-20 8:00,25.4,106.2,4.4,9,,,96.6,0,0
713,2019-07-20 9:00,25.7,115.9,4.2,2,,,94.5,0,0
713,2019-07-20 10:00,25.6,112.8,4,1,,,93.1,0,0
713,2019-07-20 11:00,25.5,106.5,3,1,,,91.8,0,0
713,2019-07-20 12:00,25.1,97.2,4.6,3,,,94.1,0,0
713,2019-07-20 13:00,24.5,122.4,2.9,4,,,96.9,0,0
713,2019-07-20 14:00,24.2,133.3,3,6.5,,,98.9,0,0
713,2019-07-20 15:00,24.2,142,3.3,1.5,,,98.5,0,0
713,2019-07-20 16:00,24,133.2,3.4,1,,,98.6,0,0
713,2019-07-20 17:00,23.7,132.2,3.1,0.5,,,99.5,0,0
713,2019-07-20 18:00,23.5,120.2,2.5,1.5,,,99.7,0,0
713,2019-07-20 19:00,23.4,125.2,3,5,,,99.9,0,0
713,2019-07-20 20:00,23.3,116.6,2.5,5,,,99.9,0,0
713,2019-07-20 21:00,23.5,145.2,2.4,2,,,99.9,0,0
713,2019-07-20 22:00,23.3,124,1.4,4,,,99.9,0,0
713,2019-07-20 23:00,23.3,146.9,1.5,6,,,99.9,0,0
713,2019-07-21 0:00,23.3,158.3,2.6,6.5,,,99.9,0,0
713,2019-07-21 1:00,23.3,162,1.7,4.5,,,99.9,0,0
713,2019-07-21 2:00,23.5,202.7,3.2,2.5,,,99.9,0,0
713,2019-07-21 3:00,23.6,194.2,3.3,1.5,,,99.9,0,0
713,2019-07-21 4:00,23.5,190.7,3,0.5,,,99.9,0,0
713,2019-07-21 5:00,23.6,195.2,3.5,1,,,99.9,0,0
713,2019-07-21 6:00,23.6,183.4,3.3,0,,,99.9,0,0
713,2019-07-21 7:00,23.6,184.2,2.8,0.5,,,99.9,0,0
713,2019-07-21 8:00,23.9,187.5,2,0,,,99.9,0,0
713,2019-07-21 9:00,24.2,181.6,2.6,0.5,,,99.9,0,0
713,2019-07-21 10:00,24.4,183.9,1.8,0,,,99.9,0,0
713,2019-07-21 11:00,24.8,200.7,1.5,0,,,99.7,0,0
713,2019-07-21 12:00,25,203.3,1.8,0,,,96.7,0,0
713,2019-07-21 13:00,25.9,209.8,1.9,0,,,93,0,0
713,2019-07-21 14:00,25.8,212.2,2.3,0,,,91.4,0,0
713,2019-07-21 15:00,25.6,213.7,1.9,0,,,92.4,0,0
713,2019-07-21 16:00,26.4,269.1,0.5,0,,,88.6,0,0
713,2019-07-21 17:00,27.2,0,0.4,0,,,86,0,0
713,2019-07-21 18:00,27.6,322.2,0.8,0,,,83.7,0,0
713,2019-07-21 19:00,26.8,200.1,0.9,0,,,88.9,0,0
713,2019-07-21 20:00,25.7,281.7,0.6,0,,,93.8,0,0
713,2019-07-21 21:00,24.8,0,0.3,0,,,99.9,0,0
713,2019-07-21 22:00,24.8,217.1,1.8,0,,,92.7,0,0
713,2019-07-21 23:00,23.9,167.4,0.7,0,,,99.3,0,0
713,2019-07-22 0:00,24.3,237.9,0.9,0,,,96.5,0,0
713,2019-07-22 1:00,24.2,0,0,0,,,98.2,0,0
713,2019-07-22 2:00,24,0,0.2,0,,,99.2,0,0
713,2019-07-22 3:00,23.9,0,0.4,0,,,99.9,0,0
713,2019-07-22 4:00,23.9,0,0,0,,,99.9,0,0
713,2019-07-22 5:00,23.7,328.2,0.9,0,,,99.9,0,0
713,2019-07-22 6:00,23.3,0,0.4,0,,,99.9,0,0
713,2019-07-22 7:00,24.2,0,0.3,0,,,99.2,0,0
713,2019-07-22 8:00,24.9,110,0.5,0,,,91.2,0,0
713,2019-07-22 9:00,27.6,128.2,0.7,0,,,80.7,0,0
713,2019-07-22 10:00,29,150,1.6,0,,,77.8,0,0
713,2019-07-22 11:00,30.3,149.7,1.4,0,,,76.7,0,0
713,2019-07-22 12:00,31.2,204.1,2.2,0,,,67.6,0,0
713,2019-07-22 13:00,32.4,191.3,2.3,0,,,68,0,0
713,2019-07-22 14:00,31.5,210.4,2.9,0,,,69,0,0
713,2019-07-22 15:00,29.6,209.4,2.9,0,,,78.4,0,0
713,2019-07-22 16:00,29.5,219.1,2.9,0,,,80.1,0,0
713,2019-07-22 17:00,29.9,184.3,3.5,0,,,80.5,0,0
713,2019-07-22 18:00,28.4,180.4,2.3,0,,,80.8,0,0
713,2019-07-22 19:00,28,183.8,1.3,0,,,86.6,0,0
713,2019-07-22 20:00,27.2,196.3,1.7,0,,,89.8,0,0
713,2019-07-22 21:00,27,216.4,1.6,0,,,90.6,0,0
713,2019-07-22 22:00,26.6,224.5,1.6,0,,,91.8,0,0
713,2019-07-22 23:00,26.2,181.4,1.4,0,,,94.6,0,0
713,2019-07-23 0:00,26,214.8,2.1,0,,,95.6,0,0
713,2019-07-23 1:00,25.7,215.8,0.5,0,,,96.2,0,0
713,2019-07-23 2:00,25.5,0,0,0,,,98.6,0,0
713,2019-07-23 3:00,25.4,170.2,0.5,0,,,98.9,0,0
713,2019-07-23 4:00,25.4,0,0,0,,,99.6,0,0
713,2019-07-23 5:00,25.4,308.3,0.5,0,,,98.7,0,0
713,2019-07-23 6:00,25.2,0,0,0,,,98.7,0,0
713,2019-07-23 7:00,25.8,239.4,0.6,0,,,94.3,0,0
713,2019-07-23 8:00,26.5,212.4,1.7,0,,,90.4,0,0
713,2019-07-23 9:00,29.4,198.6,0.7,0,,,81.3,0,0
713,2019-07-23 10:00,30.1,178.3,1.6,0,,,75.6,0,0
713,2019-07-23 11:00,31.4,199.6,1.9,0,,,66.7,0,0
713,2019-07-23 12:00,32.4,161.9,2.3,0,,,65.7,0,0
713,2019-07-23 13:00,32.7,202.4,2.8,0,,,65.7,0,0
713,2019-07-23 14:00,32.3,219.9,1.7,0,,,65.4,0,0
713,2019-07-23 15:00,32.2,207.4,3.3,0,,,61.1,0,0
713,2019-07-23 16:00,31.6,178.5,3.1,0,,,65.7,0,0
713,2019-07-23 17:00,31.8,202.6,2.7,0,,,65.3,0,0
713,2019-07-23 18:00,30.2,212.6,2.9,0,,,69.7,0,0
713,2019-07-23 19:00,28.3,218.4,2.6,0,,,77.6,0,0
713,2019-07-23 20:00,27.3,0,0,0,,,81.4,0,0
713,2019-07-23 21:00,26.5,0,0,0,,,85.8,0,0
713,2019-07-23 22:00,26.1,0,0.1,0,,,87.1,0,0
713,2019-07-23 23:00,25.3,0,0.4,0,,,92.7,0,0
713,2019-07-24 0:00,25.6,0,0.2,0,,,91.4,0,0
713,2019-07-24 1:00,25.6,0,0.1,0,,,91.4,0,0
713,2019-07-24 2:00,25.5,0,0.2,0,,,91,0,0
713,2019-07-24 3:00,25.4,0,0.2,0,,,92.6,0,0
713,2019-07-24 4:00,25.2,0,0,0,,,93.6,0,0
713,2019-07-24 5:00,25.2,285.3,0.5,0,,,94.5,0,0
713,2019-07-24 6:00,25.2,0,0.2,0,,,93.7,0,0
713,2019-07-24 7:00,25.5,0,0,0,,,91.5,0,0
713,2019-07-24 8:00,26.2,0,0.1,0,,,87.1,0,0
713,2019-07-24 9:00,26.7,0,0.1,0,,,83.7,0,0
713,2019-07-24 10:00,27.5,182.6,0.5,0,,,80.8,0,0
713,2019-07-24 11:00,27.3,182.2,0.8,0,,,81.2,0,0
713,2019-07-24 12:00,28.6,162.4,1.3,0,,,78.5,0,0
713,2019-07-24 13:00,28.6,233.8,0.9,0,,,78.5,0,0
713,2019-07-24 14:00,27.9,0,0.4,0,,,81.5,0,0
713,2019-07-24 15:00,28,230.8,0.9,0,,,80.5,0,0
713,2019-07-24 16:00,27.2,0,0.1,0,,,86,0,0
713,2019-07-24 17:00,27.1,210.5,0.5,0,,,86.2,0,0
713,2019-07-24 18:00,27.2,0,0,0,,,85.4,0,0
713,2019-07-24 19:00,26.9,0,0.3,0,,,86.9,0,0
713,2019-07-24 20:00,26.8,0,0.2,0,,,86.9,0,0
713,2019-07-24 21:00,26.6,0,0,0,,,89.3,0,0
713,2019-07-24 22:00,26.3,0,0,0,,,92.5,0,0
713,2019-07-24 23:00,26.1,0,0.2,0,,,93.5,0,0
713,2019-07-25 0:00,26.1,0,0.2,0,,,93.9,0,0
713,2019-07-25 1:00,25.9,0,0.2,0,,,95.3,0,0
713,2019-07-25 2:00,25.7,148.1,0.5,0,,,96.6,0,0
713,2019-07-25 3:00,25.4,0,0,0,,,99.8,0,0
713,2019-07-25 4:00,25.2,0,0.2,0,,,99.9,0,0
713,2019-07-25 5:00,25.2,0,0,0.5,,,99.9,0,0
713,2019-07-25 6:00,25.3,0,0,0,,,99.9,0,0
713,2019-07-25 7:00,25.4,0,0,0,,,99.9,0,0
713,2019-07-25 8:00,25.6,0,0.4,0,,,99.9,0,0
713,2019-07-25 9:00,25.7,76.7,0.8,0,,,99.9,0,0
713,2019-07-25 10:00,25.8,0,0,0,,,99.9,0,0
713,2019-07-25 11:00,26.4,0,0.3,0.5,,,99.9,0,0
713,2019-07-25 12:00,26.5,0,0.1,0.5,,,96.2,0,0
713,2019-07-25 13:00,27.4,255.6,0.7,0,,,92.8,0,0
713,2019-07-25 14:00,28.3,188.9,0.5,0,,,88.2,0,0
713,2019-07-25 15:00,28.6,0,0.4,0,,,85.3,0,0
713,2019-07-25 16:00,28.6,0,0.2,0,,,85.2,0,0
713,2019-07-25 17:00,28.4,0,0.2,0,,,86.6,0,0
713,2019-07-25 18:00,28.1,0,0.4,0,,,86.8,0,0
713,2019-07-25 19:00,28.2,0,0.1,0,,,86.5,0,0
713,2019-07-25 20:00,27.1,145.7,0.5,0,,,91.1,0,0
713,2019-07-25 21:00,26.8,0,0.4,0,,,93.5,0,0
713,2019-07-25 22:00,26.7,159.2,0.5,0,,,92,0,0
713,2019-07-25 23:00,26.5,0,0.2,0,,,95.2,0,0
713,2019-07-26 0:00,26.3,234.1,0.9,0,,,93.9,0,0
713,2019-07-26 1:00,26,0,0,0,,,96,0,0
713,2019-07-26 2:00,26,0,0.2,0,,,96.4,0,0
713,2019-07-26 3:00,25.9,0,0.1,0,,,96.9,0,0
713,2019-07-26 4:00,25.9,0,0.2,0,,,97,0,0
713,2019-07-26 5:00,25.7,0,0.4,0,,,99.8,0,0
713,2019-07-26 6:00,25.6,0,0,0,,,99.9,0,0
713,2019-07-26 7:00,26,0,0,0,,,99.7,0,0
713,2019-07-26 8:00,26.8,0,0,0,,,92.9,0,0
713,2019-07-26 9:00,28,0,0.1,0,,,85.9,0,0
713,2019-07-26 10:00,28.5,189.1,0.7,0,,,84.8,0,0
713,2019-07-26 11:00,29.1,162,0.7,0,,,80.9,0,0
713,2019-07-26 12:00,29.5,197.1,2.1,0,,,78.4,0,0
713,2019-07-26 13:00,30.1,152.2,1.8,0,,,77,0,0
713,2019-07-26 14:00,30.9,145.8,2.2,0,,,73.6,0,0
713,2019-07-26 15:00,29.1,148.2,2.2,0,,,81.4,0,0
713,2019-07-26 16:00,29.1,153.8,1.6,0,,,82,0,0
713,2019-07-26 17:00,28.5,173.7,1.5,0,,,83.8,0,0
713,2019-07-26 18:00,27.9,165.4,1.5,0,,,87.2,0,0
713,2019-07-26 19:00,27.4,156.4,1.5,0,,,88.3,0,0
713,2019-07-26 20:00,27.1,165.2,1.8,0,,,89.8,0,0
713,2019-07-26 21:00,27.2,141.1,1.4,0,,,90,0,0
713,2019-07-26 22:00,27,182.4,0.9,0,,,91.4,0,0
713,2019-07-26 23:00,26.7,97.7,0.8,0,,,92.8,0,0
713,2019-07-27 0:00,26.6,0,0.1,0,,,95.1,0,0
713,2019-07-27 1:00,26.4,0,0,0,,,95.5,0,0
713,2019-07-27 2:00,26.4,0,0.2,0,,,95.6,0,0
713,2019-07-27 3:00,26.3,0,0,0,,,96.9,0,0
713,2019-07-27 4:00,26.3,0,0.4,0,,,97.1,0,0
713,2019-07-27 5:00,26.1,0,0.3,0,,,98,0,0
713,2019-07-27 6:00,26,0,0,0,,,98.3,0,0
713,2019-07-27 7:00,26.4,0,0,0,,,96.5,0,0
713,2019-07-27 8:00,27.3,0,0.4,0,,,90.4,0,0
713,2019-07-27 9:00,27.6,0,0.2,0,,,87.3,0,0
713,2019-07-27 10:00,27.5,0,0.2,0,,,89.8,0,0
713,2019-07-27 11:00,28.6,0,0,0,,,85.1,0,0
713,2019-07-27 12:00,26.4,208.4,1.2,1,,,95.8,0,0
713,2019-07-27 13:00,26.4,0,0.1,2.5,,,98.7,0,0
713,2019-07-27 14:00,26.4,136.9,0.5,1,,,99.2,0,0
713,2019-07-27 15:00,26.9,0,0,0.5,,,93.7,0,0
713,2019-07-27 16:00,27.3,0,0,0,,,95.9,0,0
713,2019-07-27 17:00,27.6,0,0.1,0,,,92,0,0
713,2019-07-27 18:00,27.4,0,0,0,,,92.4,0,0
713,2019-07-27 19:00,27,177.8,0.8,0,,,96.4,0,0
713,2019-07-27 20:00,26.6,105.6,0.7,0,,,98.2,0,0
713,2019-07-27 21:00,26.5,130.9,1,0,,,99.5,0,0
713,2019-07-27 22:00,26.2,144.5,1.3,0,,,99.7,0,0
713,2019-07-27 23:00,26.1,135.9,0.8,0.5,,,99.9,0,0
713,2019-07-28 0:00,26.2,0,0.1,0,,,99.9,0,0
713,2019-07-28 1:00,26,0,0.1,3,,,99.9,0,0
713,2019-07-28 2:00,26,159.2,0.6,0,,,99.9,0,0
713,2019-07-28 3:00,25.9,0,0,0,,,99.9,0,0
713,2019-07-28 4:00,25.9,0,0,0,,,99.9,0,0
713,2019-07-28 5:00,25.9,0,0.3,0,,,99.9,0,0
713,2019-07-28 6:00,25.8,0,0.2,0,,,99.9,0,0
713,2019-07-28 7:00,26,0,0,0,,,99.8,0,0
713,2019-07-28 8:00,26.8,0,0.2,0,,,97.5,0,0
713,2019-07-28 9:00,28.2,157.1,1.1,0,,,88.4,0,0
713,2019-07-28 10:00,29,192,1.9,0,,,82.9,0,0
713,2019-07-28 11:00,29.7,164.5,2.2,0,,,79.2,0,0
713,2019-07-28 12:00,31.3,170.3,2.7,0,,,72.7,0,0
713,2019-07-28 13:00,30.2,159.5,3,0,,,75.1,0,0
713,2019-07-28 14:00,30.3,167,2.5,0,,,74.6,0,0
713,2019-07-28 15:00,29.8,208.5,2,0,,,76.5,0,0
713,2019-07-28 16:00,29.9,180.6,3.1,0,,,75.6,0,0
713,2019-07-28 17:00,29.9,168.4,2.2,0,,,76.4,0,0
713,2019-07-28 18:00,29.1,209,2,0,,,79,0,0
713,2019-07-28 19:00,27.9,203,2,0,,,80.8,0,0
713,2019-07-28 20:00,27.3,140.8,1.5,0,,,86.7,0,0
713,2019-07-28 21:00,26.7,168.6,1.1,0,,,88.5,0,0
713,2019-07-28 22:00,26.6,0,0.3,0,,,88.5,0,0
713,2019-07-28 23:00,26.1,0,0,0,,,92.2,0,0
713,2019-07-29 0:00,25.6,0,0.4,0,,,95,0,0
713,2019-07-29 1:00,25.6,0,0.4,0,,,95.7,0,0
713,2019-07-29 2:00,25.4,295.2,0.6,0,,,97.3,0,0
713,2019-07-29 3:00,25.3,0,0.2,0,,,97.7,0,0
713,2019-07-29 4:00,24.9,0,0,0,,,98.5,0,0
713,2019-07-29 5:00,24.5,0,0.1,0,,,99.9,0,0
713,2019-07-29 6:00,24.6,0,0.2,0,,,99.9,0,0
713,2019-07-29 7:00,26.5,0,0.4,0,,,92.5,0,0
713,2019-07-29 8:00,28,0,0.1,0,,,82.2,0,0
713,2019-07-29 9:00,31,119.7,1.1,0,,,72.9,0,0
713,2019-07-29 10:00,30.2,140.8,1.4,0,,,70,0,0
713,2019-07-29 11:00,31.8,205.5,1.8,0,,,65,0,0
713,2019-07-29 12:00,32.2,188.2,2.2,0,,,62.6,0,0
713,2019-07-29 13:00,32,204,2.2,0,,,63.9,0,0
713,2019-07-29 14:00,33.5,186.5,2.6,0,,,59.9,0,0
713,2019-07-29 15:00,33.2,206,3.3,0,,,60.4,0,0
713,2019-07-29 16:00,32.3,209.5,3.4,0,,,60.2,0,0
713,2019-07-29 17:00,31.8,207.1,3,0,,,64.4,0,0
713,2019-07-29 18:00,31.1,188.2,2.7,0,,,67,0,0
713,2019-07-29 19:00,29.2,166.9,2.3,0,,,74.8,0,0
713,2019-07-29 20:00,27.7,158.5,1.2,0,,,81.2,0,0
713,2019-07-29 21:00,27.3,176.1,0.8,0,,,79.3,0,0
713,2019-07-29 22:00,26.9,0,0,0,,,83.8,0,0
713,2019-07-29 23:00,26.2,0,0.3,0,,,88.2,0,0
713,2019-07-30 0:00,26.4,0,0.3,0,,,87.8,0,0
713,2019-07-30 1:00,26.3,0,0.3,0,,,89.6,0,0
713,2019-07-30 2:00,26.3,0,0.4,0,,,90.1,0,0
713,2019-07-30 3:00,25.8,0,0.2,0,,,93.4,0,0
713,2019-07-30 4:00,25.6,0,0.2,0,,,94.7,0,0
713,2019-07-30 5:00,25.8,274.1,0.6,0,,,94.2,0,0
713,2019-07-30 6:00,26,0,0.2,0,,,93.8,0,0
713,2019-07-30 7:00,26.4,257.3,0.5,0,,,91.2,0,0
713,2019-07-30 8:00,27.7,0,0.3,0,,,86.2,0,0
713,2019-07-30 9:00,27.9,74.7,0.6,0,,,83.5,0,0
713,2019-07-30 10:00,30.2,152.8,1.4,0,,,75.8,0,0
713,2019-07-30 11:00,30.5,170.2,2,0,,,71.7,0,0
713,2019-07-30 12:00,31.3,190.6,2.8,0,,,69.6,0,0
713,2019-07-30 13:00,32.7,204.8,3.9,0,,,64.5,0,0
713,2019-07-30 14:00,33.4,196.7,3.9,0,,,63.4,0,0
713,2019-07-30 15:00,33.6,192.9,2.7,0,,,64.7,0,0
713,2019-07-30 16:00,33,215.6,3.4,0,,,64.1,0,0
713,2019-07-30 17:00,31.2,195.6,2.9,0,,,69.5,0,0
713,2019-07-30 18:00,31,211.1,2.6,0,,,69.9,0,0
713,2019-07-30 19:00,29.7,208.3,2.2,0,,,74.4,0,0
713,2019-07-30 20:00,28.8,149.5,1.2,0,,,80.2,0,0
713,2019-07-30 21:00,28.2,156.3,1.4,0,,,85.7,0,0
713,2019-07-30 22:00,27.4,152,1.2,0,,,89.7,0,0
713,2019-07-30 23:00,27.4,141.1,0.9,0,,,89.8,0,0
713,2019-07-31 0:00,27.1,0,0.3,0,,,89.9,0,0
713,2019-07-31 1:00,27.1,159.3,0.9,0,,,91,0,0
713,2019-07-31 2:00,26.6,0,0,0,,,92.4,0,0
713,2019-07-31 3:00,26.4,0,0.1,0,,,95.3,0,0
713,2019-07-31 4:00,26.1,274.9,0.6,0,,,95,0,0
713,2019-07-31 5:00,25.7,301,0.5,0,,,96.7,0,0
713,2019-07-31 6:00,25.8,294.7,0.9,0,,,96.5,0,0
713,2019-07-31 7:00,28,0,0.3,0,,,87,0,0
713,2019-07-31 8:00,28.4,129.7,0.9,0,,,82.2,0,0
713,2019-07-31 9:00,31.2,201,2.5,0,,,73.3,0,0
713,2019-07-31 10:00,31.9,192.3,2.3,0,,,68.5,0,0
713,2019-07-31 11:00,31.9,208.2,2.6,0,,,66.9,0,0
713,2019-07-31 12:00,33.3,188.4,2.9,0,,,63.4,0,0
713,2019-07-31 13:00,33.2,210,2.8,0,,,61.7,0,0
713,2019-07-31 14:00,33.7,189.6,3.8,0,,,62.1,0,0
713,2019-07-31 15:00,33.9,212.3,3,0,,,62.6,0,0
713,2019-07-31 16:00,33.2,224.3,3.1,0,,,62.2,0,0
713,2019-07-31 17:00,32.7,209.2,2.9,0,,,65.6,0,0
713,2019-07-31 18:00,32.2,195.2,2.3,0,,,66.8,0,0
713,2019-07-31 19:00,29.7,167,1.8,0,,,76.9,0,0
713,2019-07-31 20:00,28.4,180.7,1.4,0,,,81.5,0,0
713,2019-07-31 21:00,28,196.9,0.8,0,,,82.9,0,0
713,2019-07-31 22:00,27.5,189.3,1,0,,,84,0,0
713,2019-07-31 23:00,27.2,0,0.3,0,,,85.3,0,0
713,2019-08-01 0:00,26.5,317.3,0.8,0,,,90.5,0,0
713,2019-08-01 1:00,25.9,285.5,0.5,0,,,93.8,0,0
713,2019-08-01 2:00,25.4,317.3,0.7,0,,,94.6,0,0
713,2019-08-01 3:00,24.7,307.3,0.6,0,,,95.3,0,0
713,2019-08-01 4:00,24.6,0,0.3,0,,,94.7,0,0
713,2019-08-01 5:00,24.1,293.3,0.7,0,,,95.9,0,0
713,2019-08-01 6:00,24,293.2,0.6,0,,,94.2,0,0
713,2019-08-01 7:00,26.7,0,0.1,0,,,83.8,0,0
713,2019-08-01 8:00,28.9,300.1,0.7,0,,,80.1,0,0
713,2019-08-01 9:00,31.1,259.6,1,0,,,67.2,0,0
713,2019-08-01 10:00,31.4,256.8,2.6,0,,,64.3,0,0
713,2019-08-01 11:00,32.9,250.5,1.1,0,,,61.5,0,0
713,2019-08-01 12:00,31.5,206,1.4,0,,,66.4,0,0
713,2019-08-01 13:00,33.3,204.6,1.7,0,,,60.6,0,0
713,2019-08-01 14:00,33.9,206.4,2.3,0,,,57.8,0,0
713,2019-08-01 15:00,34.1,210.6,2.5,0,,,58,0,0
713,2019-08-01 16:00,33,211.9,3.2,0,,,62.1,0,0
713,2019-08-01 17:00,32.3,204.8,3.2,0,,,63.6,0,0
713,2019-08-01 18:00,32,200.8,2.1,0,,,66.2,0,0
713,2019-08-01 19:00,29.9,177.7,2.1,0,,,74.9,0,0
713,2019-08-01 20:00,28.9,216.7,1,0,,,78.1,0,0
713,2019-08-01 21:00,28.3,0,0.2,0,,,82.1,0,0
713,2019-08-01 22:00,27.3,0,0.2,0,,,88.4,0,0
713,2019-08-01 23:00,26.9,0,0.3,0,,,89.8,0,0
713,2019-08-02 0:00,26.3,268.9,0.7,0,,,93,0,0
713,2019-08-02 1:00,25.9,0,0.3,0,,,94.9,0,0
713,2019-08-02 2:00,25.5,248.2,0.5,0,,,96.7,0,0
713,2019-08-02 3:00,25.3,0,0,0,,,98.2,0,0
713,2019-08-02 4:00,25,0,0,0,,,99.4,0,0
713,2019-08-02 5:00,24.8,0,0.4,0,,,99.2,0,0
713,2019-08-02 6:00,24.6,0,0.1,0,,,98.6,0,0
713,2019-08-02 7:00,26.9,307.1,0.9,0,,,89.6,0,0
713,2019-08-02 8:00,28.7,276,0.5,0,,,79.1,0,0
713,2019-08-02 9:00,31.1,111.3,0.5,0,,,70.2,0,0
713,2019-08-02 10:00,32.9,167.7,1.3,0,,,67.2,0,0
713,2019-08-02 11:00,34.2,140.8,1.6,0,,,61,0,0
713,2019-08-02 12:00,34.3,156.5,2.1,0,,,55.5,0,0
713,2019-08-02 13:00,35.2,188.4,2.1,0,,,56.9,0,0
713,2019-08-02 14:00,35.7,162.2,2.5,0,,,52.4,0,0
713,2019-08-02 15:00,35.2,213.8,2.5,0,,,56.7,0,0
713,2019-08-02 16:00,34.2,210.1,2.1,0,,,62.5,0,0
713,2019-08-02 17:00,33.8,210,2.5,0,,,64.1,0,0
713,2019-08-02 18:00,32.7,217.5,2.4,0,,,65.3,0,0
713,2019-08-02 19:00,30.9,216.1,1.9,0,,,70.7,0,0
713,2019-08-02 20:00,30,272.2,1.5,0,,,73.3,0,0
713,2019-08-02 21:00,28.6,290.3,0.8,0,,,83.4,0,0
713,2019-08-02 22:00,28.1,317.4,0.8,0,,,85.5,0,0
713,2019-08-02 23:00,27.1,308.2,1,0,,,87.5,0,0
713,2019-08-03 0:00,26.6,286.8,1.1,0,,,87.6,0,0
713,2019-08-03 1:00,26.1,289.8,1,0,,,91.1,0,0
713,2019-08-03 2:00,26.1,296.9,0.8,0,,,90.2,0,0
713,2019-08-03 3:00,25.2,299.9,0.9,0,,,94.3,0,0
713,2019-08-03 4:00,25.1,300.8,0.7,0,,,93.3,0,0
713,2019-08-03 5:00,24.7,307.6,0.7,0,,,94,0,0
713,2019-08-03 6:00,24.7,300.3,0.7,0,,,93.3,0,0
713,2019-08-03 7:00,26.4,316.6,1.3,0,,,86,0,0
713,2019-08-03 8:00,29,0,0.2,0,,,75.7,0,0
713,2019-08-03 9:00,31.2,106,1.1,0,,,69.2,0,0
713,2019-08-03 10:00,32.5,99.2,3.3,0,,,58.4,0,0
713,2019-08-03 11:00,33.9,74.7,2.4,0,,,55.5,0,0
713,2019-08-03 12:00,34.3,69,2.2,0,,,53.6,0,0
713,2019-08-03 13:00,35.4,94.7,2.5,0,,,50.7,0,0
713,2019-08-03 14:00,35.4,92.1,2.3,0,,,50,0,0
713,2019-08-03 15:00,34.7,116.7,1.9,0,,,52.7,0,0
713,2019-08-03 16:00,33.7,97.3,2.3,0,,,54.3,0,0
713,2019-08-03 17:00,33.2,62.7,1.7,0,,,56.5,0,0
713,2019-08-03 18:00,32.1,105.8,1.8,0,,,60.7,0,0
713,2019-08-03 19:00,30.9,106.5,1.3,0,,,65.4,0,0
713,2019-08-03 20:00,29.3,282.8,0.9,0,,,75.8,0,0
713,2019-08-03 21:00,27.8,276.8,0.9,0,,,82.1,0,0
713,2019-08-03 22:00,27.1,289.6,0.7,0,,,82.9,0,0
713,2019-08-03 23:00,26.9,310.1,0.8,0,,,82.3,0,0
713,2019-08-04 0:00,26.6,306.9,0.7,0,,,86.3,0,0
713,2019-08-04 1:00,25.9,276.9,0.6,0,,,90,0,0
713,2019-08-04 2:00,26,311,0.9,0,,,89.9,0,0
713,2019-08-04 3:00,25.5,296.2,0.9,0,,,91.5,0,0
713,2019-08-04 4:00,25.1,282.3,1,0,,,94.2,0,0
713,2019-08-04 5:00,24.7,285.6,0.8,0,,,95.2,0,0
713,2019-08-04 6:00,24.7,312.4,0.9,0,,,94.7,0,0
713,2019-08-04 7:00,26,0,0.4,0,,,86.3,0,0
713,2019-08-04 8:00,27.5,280.7,0.8,0,,,79.4,0,0
713,2019-08-04 9:00,30.7,261.6,0.9,0,,,68.2,0,0
713,2019-08-04 10:00,33.3,37.7,1.2,0,,,50.9,0,0
713,2019-08-04 11:00,33,74.9,2.2,0,,,53.2,0,0
713,2019-08-04 12:00,34.1,94.1,2.5,0,,,51.5,0,0
713,2019-08-04 13:00,34.9,72.5,1.6,0,,,51.4,0,0
713,2019-08-04 14:00,35.1,98.9,1.9,0,,,49.9,0,0
713,2019-08-04 15:00,34.1,150.3,2.1,0,,,52,0,0
713,2019-08-04 16:00,34.9,135.4,2.1,0,,,48.3,0,0
713,2019-08-04 17:00,33.3,224.3,2.4,0,,,59.2,0,0
713,2019-08-04 18:00,31.7,221.2,2.6,0,,,63.6,0,0
713,2019-08-04 19:00,29.9,216.4,1.6,0,,,69.4,0,0
713,2019-08-04 20:00,28.9,288,0.9,0,,,74.4,0,0
713,2019-08-04 21:00,27.6,280,0.6,0,,,82.4,0,0
713,2019-08-04 22:00,27.1,274.7,0.9,0,,,83.6,0,0
713,2019-08-04 23:00,26.3,271,1,0,,,87.8,0,0
713,2019-08-05 0:00,26.2,307.1,0.8,0,,,88.5,0,0
713,2019-08-05 1:00,25.7,310.1,0.7,0,,,90.4,0,0
713,2019-08-05 2:00,25.3,300.6,0.9,0,,,92.4,0,0
713,2019-08-05 3:00,24.8,294.4,0.9,0,,,94.5,0,0
713,2019-08-05 4:00,24.5,270.9,0.5,0,,,95.9,0,0
713,2019-08-05 5:00,24.4,290.6,0.7,0,,,96.1,0,0
713,2019-08-05 6:00,24.3,294.7,0.8,0,,,95.9,0,0
713,2019-08-05 7:00,26.1,0,0.3,0,,,87.2,0,0
713,2019-08-05 8:00,28.6,307.8,0.5,0,,,74,0,0
713,2019-08-05 9:00,31.8,215.1,0.6,0,,,63.9,0,0
713,2019-08-05 10:00,33,175.2,1.5,0,,,59.2,0,0
713,2019-08-05 11:00,33.9,101.5,1.5,0,,,53.3,0,0
713,2019-08-05 12:00,35.2,104.6,1.7,0,,,50,0,0
713,2019-08-05 13:00,35.5,76.6,1.7,0,,,47.1,0,0
713,2019-08-05 14:00,36.1,93.2,2.3,0,,,48.2,0,0
713,2019-08-05 15:00,36,98.8,1.9,0,,,49.9,0,0
713,2019-08-05 16:00,33.7,210.1,2.2,0,,,59.2,0,0
713,2019-08-05 17:00,34.2,208.2,2.2,0,,,57.4,0,0
713,2019-08-05 18:00,32.9,214.2,1.8,0,,,61.9,0,0
713,2019-08-05 19:00,31,206.1,1.5,0,,,66.6,0,0
713,2019-08-05 20:00,29.7,268.2,1.3,0,,,74.3,0,0
713,2019-08-05 21:00,28.9,294.9,0.8,0,,,77.8,0,0
713,2019-08-05 22:00,28.2,206,0.5,0,,,79.7,0,0
713,2019-08-05 23:00,27.5,280,0.7,0,,,84.4,0,0
713,2019-08-06 0:00,26.8,291.4,1.2,0,,,87.8,0,0
713,2019-08-06 1:00,26.1,280,0.6,0,,,91.4,0,0
713,2019-08-06 2:00,25.7,297.2,0.7,0,,,93.6,0,0
713,2019-08-06 3:00,25.4,297.1,0.8,0,,,94.5,0,0
713,2019-08-06 4:00,25,291.7,0.8,0,,,95.1,0,0
713,2019-08-06 5:00,24.8,290.9,1.3,0,,,92.1,0,0
713,2019-08-06 6:00,24.5,303.9,1.1,0,,,94.1,0,0
713,2019-08-06 7:00,25.9,0,0,0,,,87,0,0
713,2019-08-06 8:00,28.4,290.5,0.8,0,,,76.7,0,0
713,2019-08-06 9:00,30.2,101.1,1.1,0,,,62.8,0,0
713,2019-08-06 10:00,30.8,156.9,1.6,0,,,65.7,0,0
713,2019-08-06 11:00,32.3,138.2,1.2,0,,,61.5,0,0
713,2019-08-06 12:00,32.1,107.6,1.5,0,,,62.2,0,0
713,2019-08-06 13:00,31.5,54.3,2,0,,,60.4,0,0
713,2019-08-06 14:00,31.6,3.1,0.8,0,,,58,0,0
713,2019-08-06 15:00,31.7,346,1.1,0,,,58.4,0,0
713,2019-08-06 16:00,32.3,31,0.7,0,,,56.7,0,0
713,2019-08-06 17:00,31.3,339.8,1,0,,,59.1,0,0
713,2019-08-06 18:00,30.5,37.2,0.7,0,,,58.5,0,0
713,2019-08-06 19:00,28.7,43,0.9,0,,,66.9,0,0
713,2019-08-06 20:00,27.3,194.4,0.7,0,,,79.2,0,0
713,2019-08-06 21:00,26.3,0,0,0,,,86.3,0,0
713,2019-08-06 22:00,25.8,0,0.1,0,,,88.4,0,0
713,2019-08-06 23:00,25.8,0,0,0,,,90.3,0,0
713,2019-08-07 0:00,25.3,295.9,1,0,,,94.3,0,0
713,2019-08-07 1:00,24.9,273.6,0.8,0,,,95.5,0,0
713,2019-08-07 2:00,24.9,0,0.1,0,,,94,0,0
713,2019-08-07 3:00,24.9,0,0.3,0,,,93.3,0,0
713,2019-08-07 4:00,25.3,0,0.2,0,,,92,0,0
713,2019-08-07 5:00,25.2,0,0.3,0,,,93.1,0,0
713,2019-08-07 6:00,25.2,0,0.4,0,,,95.1,0,0
713,2019-08-07 7:00,25.8,262.3,0.7,0,,,90.8,0,0
713,2019-08-07 8:00,28.2,0,0.3,0,,,82.1,0,0
713,2019-08-07 9:00,29.4,349.5,0.7,0,,,74.2,0,0
713,2019-08-07 10:00,31,132.6,1.5,0,,,69.8,0,0
713,2019-08-07 11:00,32,236.8,2.4,0,,,66.9,0,0
713,2019-08-07 12:00,32.8,197.2,2.4,0,,,62.8,0,0
713,2019-08-07 13:00,33.7,202.2,2.4,0,,,63.4,0,0
713,2019-08-07 14:00,34.2,212.4,1.8,0,,,57.3,0,0
713,2019-08-07 15:00,34.7,169.1,2.9,0,,,53.7,0,0
713,2019-08-07 16:00,32.1,149.4,4,0,,,62,0,0
713,2019-08-07 17:00,32.8,151,2.5,0,,,61.3,0,0
713,2019-08-07 18:00,31.1,219.3,2.2,0,,,64.2,0,0
713,2019-08-07 19:00,29.6,160.3,1.2,0,,,64.3,0,0
713,2019-08-07 20:00,28.6,313.2,0.9,0,,,71.7,0,0
713,2019-08-07 21:00,27.1,269,0.8,0,,,79.8,0,0
713,2019-08-07 22:00,26.5,297.6,0.7,0,,,83,0,0
713,2019-08-07 23:00,26,311.5,0.7,0,,,85.7,0,0
713,2019-08-08 0:00,25.4,0,0.3,0,,,88.5,0,0
713,2019-08-08 1:00,25.3,293.5,0.9,0,,,90,0,0
713,2019-08-08 2:00,25.5,324.3,1.2,0,,,87.1,0,0
713,2019-08-08 3:00,25.5,308.3,0.8,0,,,87.5,0,0
713,2019-08-08 4:00,25.3,0,0.4,0,,,90.1,0,0
713,2019-08-08 5:00,25.1,288.3,0.6,0,,,92.6,0,0
713,2019-08-08 6:00,25,269.7,0.7,0,,,93.3,0,0
713,2019-08-08 7:00,25.9,0,0.4,0,,,87.6,0,0
713,2019-08-08 8:00,27.3,324.4,0.6,0,,,80.1,0,0
713,2019-08-08 9:00,30.8,227,0.6,0,,,68.3,0,0
713,2019-08-08 10:00,32.9,146.3,1.2,0,,,62.7,0,0
713,2019-08-08 11:00,33.2,175.2,2.3,0,,,59.5,0,0
713,2019-08-08 12:00,33.3,148.4,1.8,0,,,60,0,0
713,2019-08-08 13:00,34.8,181.3,2.4,0,,,55.4,0,0
713,2019-08-08 14:00,34.6,168.2,2.6,0,,,51,0,0
713,2019-08-08 15:00,34.9,212.9,2.9,0,,,50.5,0,0
713,2019-08-08 16:00,34.8,202.5,2.2,0,,,50.1,0,0
713,2019-08-08 17:00,33.8,204.5,2.8,0,,,55.9,0,0
713,2019-08-08 18:00,32.5,198.8,1.9,0,,,59.1,0,0
713,2019-08-08 19:00,30.8,205.3,1.6,0,,,64,0,0
713,2019-08-08 20:00,29.7,200.5,1,0,,,67.8,0,0
713,2019-08-08 21:00,28.3,282.6,0.9,0,,,78.5,0,0
713,2019-08-08 22:00,27.8,312.9,1,0,,,80.4,0,0
713,2019-08-08 23:00,27,315.5,0.7,0,,,83.3,0,0
713,2019-08-09 0:00,26.5,303.2,1,0,,,82.6,0,0
713,2019-08-09 1:00,25.7,286.5,0.7,0,,,85.8,0,0
713,2019-08-09 2:00,25,293.4,0.9,0,,,87.7,0,0
713,2019-08-09 3:00,24.7,0,0.2,0,,,88.5,0,0
713,2019-08-09 4:00,24.4,0,0.4,0,,,89.5,0,0
713,2019-08-09 5:00,24.5,301.3,0.5,0,,,88.5,0,0
713,2019-08-09 6:00,24.1,274.9,1,0,,,91.2,0,0
713,2019-08-09 7:00,26.6,309.8,0.5,0,,,81.9,0,0
713,2019-08-09 8:00,28.2,314,0.5,0,,,73.8,0,0
713,2019-08-09 9:00,30.1,276.9,0.8,0,,,65.6,0,0
713,2019-08-09 10:00,32.4,144.9,1,0,,,61.9,0,0
713,2019-08-09 11:00,33.6,,1,0,,,61.2,0,0
713,2019-08-09 12:00,33.4,178.9,1.5,0,,,56.5,0,0
713,2019-08-09 13:00,34.6,172.1,2.2,0,,,51.2,0,0
713,2019-08-09 14:00,34.6,133.9,1.8,0,,,52.5,0,0
713,2019-08-09 15:00,33.9,83.4,1.8,0,,,51.1,0,0
713,2019-08-09 16:00,34,78,1.5,0,,,53.8,0,0
713,2019-08-09 17:00,33.6,87.9,1.4,0,,,49.8,0,0
713,2019-08-09 18:00,33,110.4,1,0,,,55.1,0,0
713,2019-08-09 19:00,31,0,0.2,0,,,64.8,0,0
713,2019-08-09 20:00,28.9,285.7,1.2,0,,,76,0,0
713,2019-08-09 21:00,28.2,319.4,1.1,0,,,78.2,0,0
713,2019-08-09 22:00,27.2,286.3,1,0,,,79.3,0,0
713,2019-08-09 23:00,26.8,288.2,1.4,0,,,79.9,0,0
713,2019-08-10 0:00,26.4,320.4,0.7,0,,,82.4,0,0
713,2019-08-10 1:00,26,329,0.9,0,,,82.8,0,0
713,2019-08-10 2:00,25.3,299.5,0.9,0,,,88.2,0,0
713,2019-08-10 3:00,24.9,277.3,0.9,0,,,90.1,0,0
713,2019-08-10 4:00,24.6,278.1,0.6,0,,,91.9,0,0
713,2019-08-10 5:00,24.3,0,0.3,0,,,93.6,0,0
713,2019-08-10 6:00,24.3,308,0.5,0,,,94.6,0,0
713,2019-08-10 7:00,27.1,186.5,0.8,0,,,82.6,0,0
713,2019-08-10 8:00,29.8,69.9,1,0,,,69.8,0,0
713,2019-08-10 9:00,30,68.4,1.4,0,,,67.9,0,0
713,2019-08-10 10:00,32.1,79.5,1.8,0,,,59.5,0,0
713,2019-08-10 11:00,32.8,80.2,2.1,0,,,56,0,0
713,2019-08-10 12:00,33.4,79.9,2.1,0,,,56.5,0,0
713,2019-08-10 13:00,34.9,114.9,2.3,0,,,48.1,0,0
713,2019-08-10 14:00,35.7,125.6,2.2,0,,,42.6,0,0
713,2019-08-10 15:00,34.4,90.2,3,0,,,52.4,0,0
713,2019-08-10 16:00,34.2,100.2,3,0,,,51.3,0,0
713,2019-08-10 17:00,33.5,89.2,3.1,0,,,51.3,0,0
713,2019-08-10 18:00,31.9,91.7,2.6,0,,,52.5,0,0
713,2019-08-10 19:00,30.3,91.6,2,0,,,56.7,0,0
713,2019-08-10 20:00,29.5,76.5,1.6,0,,,59.6,0,0
713,2019-08-10 21:00,29,90.7,1.8,0,,,60.8,0,0
713,2019-08-10 22:00,29.1,73.6,1.2,0,,,64.2,0,0
713,2019-08-10 23:00,29,75.6,1.9,0,,,66.3,0,0
713,2019-08-11 0:00,28.5,70.2,1.9,0,,,68.6,0,0
713,2019-08-11 1:00,28.3,79.4,2.2,0,,,69.4,0,0
713,2019-08-11 2:00,28,74.6,1.8,0,,,70.3,0,0
713,2019-08-11 3:00,27.8,63.8,1.9,0,,,71.7,0,0
713,2019-08-11 4:00,27.6,68.6,1.5,0,,,72.8,0,0
713,2019-08-11 5:00,27.7,75.7,1.9,0,,,73.9,0,0
713,2019-08-11 6:00,27.5,76.7,1.5,0,,,75,0,0
713,2019-08-11 7:00,27.9,74.8,2.4,0,,,74.1,0,0
713,2019-08-11 8:00,28.4,72.6,2.3,0,,,72.8,0,0
713,2019-08-11 9:00,30.6,81.7,3,0,,,62.9,0,0
713,2019-08-11 10:00,30.3,94.4,4,0,,,66.2,0,0
713,2019-08-11 11:00,32.1,83.3,3.5,0,,,58.9,0,0
713,2019-08-11 12:00,32.8,97.4,3.4,0,,,55.4,0,0
713,2019-08-11 13:00,32.7,96.8,3.4,0,,,56.4,0,0
713,2019-08-11 14:00,34.2,107.2,3.4,0,,,51.7,0,0
713,2019-08-11 15:00,32.4,109.7,4.3,0,,,52.6,0,0
713,2019-08-11 16:00,31.3,105.3,3.2,0,,,58.7,0,0
713,2019-08-11 17:00,30.3,117.6,3.4,0,,,62.3,0,0
713,2019-08-11 18:00,30.3,102.8,3.5,0,,,63.8,0,0
713,2019-08-11 19:00,29.9,108.2,4.3,0,,,67.1,0,0
713,2019-08-11 20:00,29.9,96.1,3.8,0,,,67.8,0,0
713,2019-08-11 21:00,29.7,99.9,3.4,0,,,69.9,0,0
713,2019-08-11 22:00,29.6,103.8,3.5,0,,,71.3,0,0
713,2019-08-11 23:00,27.4,112.1,1.8,0,,,86.1,0,0
713,2019-08-12 0:00,27.2,93.4,2.6,1,,,86.5,0,0
713,2019-08-12 1:00,27,129.1,3.4,0.5,,,83.8,0,0
713,2019-08-12 2:00,26.2,106.2,2.2,0.5,,,88.4,0,0
713,2019-08-12 3:00,26.8,105.2,2.1,1.5,,,92.5,0,0
713,2019-08-12 4:00,27,101.8,1.9,0.5,,,89,0,0
713,2019-08-12 5:00,27.3,119.3,1.8,0.5,,,89,0,0
713,2019-08-12 6:00,27.6,134.8,2,0,,,89.1,0,0
713,2019-08-12 7:00,27.5,116.2,1.6,0,,,88.3,0,0
713,2019-08-12 8:00,27.5,130.6,1.5,0,,,88.7,0,0
713,2019-08-12 9:00,28.1,142.8,2.3,0,,,83.7,0,0
713,2019-08-12 10:00,28.1,143.7,3.4,0,,,85.7,0,0
713,2019-08-12 11:00,28.5,141.6,2.8,0,,,83.8,0,0
713,2019-08-12 12:00,28.6,144.8,3.3,0,,,82.8,0,0
713,2019-08-12 13:00,29.2,142.6,2.4,0,,,81.2,0,0
713,2019-08-12 14:00,29.4,139.3,2.4,0,,,81.8,0,0
713,2019-08-12 15:00,30.7,200.6,2.5,0,,,73,0,0
713,2019-08-12 16:00,30,206.7,2.2,0,,,73.5,0,0
713,2019-08-12 17:00,29.6,173.3,1.6,0,,,75.5,0,0
713,2019-08-12 18:00,29.4,132.1,1.5,0,,,79.2,0,0
713,2019-08-12 19:00,28.8,128.6,1.5,0,,,81.8,0,0
713,2019-08-12 20:00,28.4,106.2,1.5,0,,,82.7,0,0
713,2019-08-12 21:00,27.6,0,0.2,0,,,88.9,0,0
713,2019-08-12 22:00,27.7,78.7,1.3,0,,,85.7,0,0
713,2019-08-12 23:00,26.2,0,0,0,,,95.2,0,0
713,2019-08-13 0:00,26.2,0,0.4,0,,,95,0,0
713,2019-08-13 1:00,25.8,0,0,0,,,95.9,0,0
713,2019-08-13 2:00,25.6,0,0.4,0,,,98.5,0,0
713,2019-08-13 3:00,25.4,289.6,0.8,0,,,98.1,0,0
713,2019-08-13 4:00,24.9,316.9,0.5,0,,,98.5,0,0
713,2019-08-13 5:00,24.5,0,0.1,0,,,99.7,0,0
713,2019-08-13 6:00,24.2,0,0,0,,,99.8,0,0
713,2019-08-13 7:00,26.2,310.2,0.5,0,,,90.2,0,0
713,2019-08-13 8:00,29.7,0,0.3,0,,,75.5,0,0
713,2019-08-13 9:00,31.9,175.8,0.7,0,,,68.6,0,0
713,2019-08-13 10:00,31.8,50.9,1.5,0,,,64.6,0,0
713,2019-08-13 11:00,31.5,111.7,2.8,0,,,67.6,0,0
713,2019-08-13 12:00,31.5,91.7,1.4,0,,,66.6,0,0
713,2019-08-13 13:00,33.3,76.7,1.3,0,,,59.5,0,0
713,2019-08-13 14:00,34.6,108,0.7,0,,,55,0,0
713,2019-08-13 15:00,35.7,149.3,2,0,,,47.4,0,0
713,2019-08-13 16:00,35.9,205.7,1.1,0,,,48.5,0,0
713,2019-08-13 17:00,35.4,176.7,1.7,0,,,54.4,0,0
713,2019-08-13 18:00,33.6,206.5,2.3,0,,,58.3,0,0
713,2019-08-13 19:00,32,234.8,1.2,0,,,63,0,0
713,2019-08-13 20:00,30.4,331.1,1.2,0,,,76.2,0,0
713,2019-08-13 21:00,29.6,310.5,1.1,0,,,78.1,0,0
713,2019-08-13 22:00,28.7,309.9,1.2,0,,,81.8,0,0
713,2019-08-13 23:00,28.1,270.5,1.1,0,,,83.9,0,0
713,2019-08-14 0:00,27.3,276.9,0.8,0,,,88.3,0,0
713,2019-08-14 1:00,26.8,303.2,1,0,,,89.8,0,0
713,2019-08-14 2:00,26.4,301.4,0.7,0,,,91.2,0,0
713,2019-08-14 3:00,25.8,291.4,0.8,0,,,90.3,0,0
713,2019-08-14 4:00,25.3,0,0.1,0,,,90.4,0,0
713,2019-08-14 5:00,25.1,310.1,0.7,0,,,91.3,0,0
713,2019-08-14 6:00,25,301.5,0.6,0,,,92.2,0,0
713,2019-08-14 7:00,27.5,292.7,0.7,0,,,84.1,0,0
713,2019-08-14 8:00,29.7,327.4,0.7,0,,,77,0,0
713,2019-08-14 9:00,31.8,116,1.1,0,,,63.7,0,0
713,2019-08-14 10:00,33.3,210.6,1,0,,,59.3,0,0
713,2019-08-14 11:00,34.6,84.4,2.1,0,,,53.9,0,0
713,2019-08-14 12:00,35.1,70.7,2.1,0,,,51.1,0,0
713,2019-08-14 13:00,36.1,84.9,2.4,0,,,48.3,0,0
713,2019-08-14 14:00,36,69.8,2.3,0,,,47.9,0,0
713,2019-08-14 15:00,37,41.7,1.6,0,,,46.6,0,0
713,2019-08-14 16:00,35.8,56.8,2.3,0,,,50,0,0
713,2019-08-14 17:00,34.2,7.7,1.3,0,,,53.2,0,0
713,2019-08-14 18:00,34,9.7,1.3,0,,,54,0,0
713,2019-08-14 19:00,32.4,12.3,1.5,0,,,57.2,0,0
713,2019-08-14 20:00,31.5,37.6,1.1,0,,,60.3,0,0
713,2019-08-14 21:00,31.2,351.8,1.1,0,,,59.8,0,0
713,2019-08-14 22:00,31.1,63.5,1.6,0,,,60.3,0,0
713,2019-08-14 23:00,29.8,44.7,0.9,0,,,65.7,0,0
713,2019-08-15 0:00,26.6,10.8,0.6,0,,,88.6,0,0
713,2019-08-15 1:00,26,287.2,0.8,1,,,96.4,0,0
713,2019-08-15 2:00,25.6,311,0.7,0.5,,,98.4,0,0
713,2019-08-15 3:00,25.4,0,0.4,0,,,99.1,0,0
713,2019-08-15 4:00,25.5,0,0,0,,,97.2,0,0
713,2019-08-15 5:00,25.5,0,0.2,0,,,99.1,0,0
713,2019-08-15 6:00,25.6,173.4,0.5,0,,,95.9,0,0
713,2019-08-15 7:00,25.5,0,0.4,0,,,96.4,0,0
713,2019-08-15 8:00,26,307.4,0.5,0,,,92.7,0,0
713,2019-08-15 9:00,26,312.6,1.4,1.5,,,95.2,0,0
713,2019-08-15 10:00,28.6,286.1,1.6,0,,,84.7,0,0
713,2019-08-15 11:00,30.5,252.6,1.6,0,,,76.1,0,0
713,2019-08-15 12:00,31.1,300.3,1.6,0,,,72.2,0,0
713,2019-08-15 13:00,31.7,292.2,2.4,0,,,68,0,0
713,2019-08-15 14:00,30.9,287.4,2.9,0,,,69.9,0,0
713,2019-08-15 15:00,30.7,308,2.8,0,,,69.9,0,0
713,2019-08-15 16:00,30.6,314.7,3.3,0,,,67.9,0,0
713,2019-08-15 17:00,30.7,304.9,2.8,0,,,65.3,0,0
713,2019-08-15 18:00,31,295.4,2.4,0,,,63.8,0,0
713,2019-08-15 19:00,28.9,272.2,2.5,0,,,71.5,0,0
713,2019-08-15 20:00,28.1,257.9,1.8,0,,,74.3,0,0
713,2019-08-15 21:00,27.9,274.9,2.3,0,,,74.6,0,0
713,2019-08-15 22:00,27.5,290.3,2,0,,,76.1,0,0
713,2019-08-15 23:00,27.4,270.4,3,0,,,75.7,0,0
713,2019-08-16 0:00,27.2,271.6,3.2,0,,,76,0,0
713,2019-08-16 1:00,27.2,266,3.9,0,,,76.3,0,0
713,2019-08-16 2:00,27,267.6,2.6,0,,,77.3,0,0
713,2019-08-16 3:00,26,250.4,1.3,0,,,82.3,0,0
713,2019-08-16 4:00,25.9,264.8,0.9,0,,,83.2,0,0
713,2019-08-16 5:00,26.2,216.4,1.7,0,,,83.2,0,0
713,2019-08-16 6:00,25.5,338.2,0.5,0,,,88.3,0,0
713,2019-08-16 7:00,26.8,255.2,1.2,0,,,80.9,0,0
713,2019-08-16 8:00,27.8,273.8,2.3,0,,,72.1,0,0
713,2019-08-16 9:00,28.2,272.5,2,0,,,70,0,0
713,2019-08-16 10:00,29.6,273.8,1.6,0,,,66.9,0,0
713,2019-08-16 11:00,29.5,288.8,1.6,0,,,64.6,0,0
713,2019-08-16 12:00,30.1,252.9,2.2,0,,,64.7,0,0
713,2019-08-16 13:00,30.1,253.1,1.2,0,,,67.2,0,0
713,2019-08-16 14:00,32.5,265.4,2.6,0,,,56.6,0,0
713,2019-08-16 15:00,32,304.8,2.5,0,,,58.2,0,0
713,2019-08-16 16:00,32.2,247.3,2.1,0,,,56.3,0,0
713,2019-08-16 17:00,31.9,244.5,2.2,0,,,57.1,0,0
713,2019-08-16 18:00,30.6,261,2.4,0,,,62.6,0,0
713,2019-08-16 19:00,28.7,268.5,2.3,0,,,66.3,0,0
713,2019-08-16 20:00,27.2,280.9,1.1,0,,,73.9,0,0
713,2019-08-16 21:00,26.4,269.5,1.4,0,,,76,0,0
713,2019-08-16 22:00,26.2,255.3,1.4,0,,,76.5,0,0
713,2019-08-16 23:00,24.7,0,0.2,0,,,82.1,0,0
713,2019-08-17 0:00,24.1,0,0.1,0,,,85.2,0,0
713,2019-08-17 1:00,24,0,0.1,0,,,86.8,0,0
713,2019-08-17 2:00,23.6,340.5,0.6,0,,,87.2,0,0
713,2019-08-17 3:00,22.6,0,0.4,0,,,91.7,0,0
713,2019-08-17 4:00,23.8,273.7,1.3,0,,,83.3,0,0
713,2019-08-17 5:00,22.3,58.9,0.8,0,,,89.9,0,0
713,2019-08-17 6:00,21.8,0,0.2,0,,,93.6,0,0
713,2019-08-17 7:00,24.2,0,0.1,0,,,81.5,0,0
713,2019-08-17 8:00,25.2,74.5,1.2,0,,,78.3,0,0
713,2019-08-17 9:00,28.6,308.9,0.9,0,,,66.6,0,0
713,2019-08-17 10:00,29.9,168.9,2.1,0,,,61.7,0,0
713,2019-08-17 11:00,30.7,189.7,2.5,0,,,61.2,0,0
713,2019-08-17 12:00,31.8,195,2.6,0,,,57.7,0,0
713,2019-08-17 13:00,32.4,206.8,2.5,0,,,55.4,0,0
713,2019-08-17 14:00,32.6,209.6,2.6,0,,,54.9,0,0
713,2019-08-17 15:00,32.9,212.9,2.8,0,,,54.4,0,0
713,2019-08-17 16:00,32.4,213.4,3.2,0,,,56.6,0,0
713,2019-08-17 17:00,31.5,196.5,2.9,0,,,61.3,0,0
713,2019-08-17 18:00,30.3,183.2,3,0,,,64.2,0,0
713,2019-08-17 19:00,28.7,210.6,1.4,0,,,68.3,0,0
713,2019-08-17 20:00,27.7,190.3,1.6,0,,,73,0,0
713,2019-08-17 21:00,27.2,176.6,1.4,0,,,78,0,0
713,2019-08-17 22:00,26.8,185.9,1.5,0,,,80.5,0,0
713,2019-08-17 23:00,26.3,159.2,1.2,0,,,84.9,0,0
713,2019-08-18 0:00,26.5,203.2,1.8,0,,,82.5,0,0
713,2019-08-18 1:00,26.6,141.4,0.9,0,,,82.4,0,0
713,2019-08-18 2:00,26,256.2,0.5,0,,,86.1,0,0
713,2019-08-18 3:00,25.8,320.5,0.7,0,,,87.7,0,0
713,2019-08-18 4:00,25.4,0,0.2,0,,,90.7,0,0
713,2019-08-18 5:00,25,0,0.2,0,,,92.7,0,0
713,2019-08-18 6:00,24.8,0,0.3,0,,,93.1,0,0
713,2019-08-18 7:00,25.9,0,0.1,0,,,85.2,0,0
713,2019-08-18 8:00,27.4,328.3,0.9,0,,,72.6,0,0
713,2019-08-18 9:00,28.9,293.3,1.2,0,,,65.4,0,0
713,2019-08-18 10:00,30,93.8,1.3,0,,,56.1,0,0
713,2019-08-18 11:00,32,279.5,1.9,0,,,33.1,0,0
713,2019-08-18 12:00,32.8,254.2,2.4,0,,,28.5,0,0
713,2019-08-18 13:00,33.5,310.4,1.7,0,,,34.7,0,0
713,2019-08-18 14:00,33.3,249.5,1.8,0,,,27.6,0,0
713,2019-08-18 15:00,33.1,248.4,1.5,0,,,38.7,0,0
713,2019-08-18 16:00,33.1,208.1,2.4,0,,,39.7,0,0
713,2019-08-18 17:00,32.7,199.7,2.2,0,,,40.6,0,0
713,2019-08-18 18:00,30.8,190.9,0.9,0,,,46,0,0
713,2019-08-18 19:00,28.6,215,1.6,0,,,54.5,0,0
713,2019-08-18 20:00,26.6,304.4,1.1,0,,,65.9,0,0
713,2019-08-18 21:00,25.5,316.3,1.2,0,,,68.9,0,0
713,2019-08-18 22:00,24.2,310.4,1,0,,,75.4,0,0
713,2019-08-18 23:00,23.2,301.6,1,0,,,80.6,0,0
713,2019-08-19 0:00,22.4,290.3,1,0,,,83.2,0,0
713,2019-08-19 1:00,21.5,273.4,0.9,0,,,84.8,0,0
713,2019-08-19 2:00,21.1,298,1.3,0,,,84.8,0,0
713,2019-08-19 3:00,20.9,294.8,0.7,0,,,84.5,0,0
713,2019-08-19 4:00,20.3,271.3,0.5,0,,,88,0,0
713,2019-08-19 5:00,20.3,298.3,1,0,,,88.3,0,0
713,2019-08-19 6:00,20.2,307.1,0.5,0,,,88.2,0,0
713,2019-08-19 7:00,22.3,280.1,0.5,0,,,82.1,0,0
713,2019-08-19 8:00,24.7,289.5,0.9,0,,,73.6,0,0
713,2019-08-19 9:00,26.4,325.9,0.9,0,,,66.2,0,0
713,2019-08-19 10:00,29.9,203.1,1,0,,,54.8,0,0
713,2019-08-19 11:00,30.9,97.9,2,0,,,48.4,0,0
713,2019-08-19 12:00,30.9,85.9,1.7,0,,,50.3,0,0
713,2019-08-19 13:00,30.7,35,1.1,0,,,52.1,0,0
713,2019-08-19 14:00,31.5,73.3,1.5,0,,,49.6,0,0
713,2019-08-19 15:00,32.6,72.3,2.1,0,,,46.5,0,0
713,2019-08-19 16:00,31.7,109.4,1.6,0,,,44.3,0,0
713,2019-08-19 17:00,31.9,111.1,1.5,0,,,47.1,0,0
713,2019-08-19 18:00,29.9,217.3,1.9,0,,,58.2,0,0
713,2019-08-19 19:00,28.5,217.8,1,0,,,63.9,0,0
713,2019-08-19 20:00,26.7,273,1.3,0,,,73.5,0,0
713,2019-08-19 21:00,26,295.4,1,0,,,74.6,0,0
713,2019-08-19 22:00,25.1,286.4,0.8,0,,,79.1,0,0
713,2019-08-19 23:00,24.8,298.8,1.3,0,,,79.5,0,0
713,2019-08-20 0:00,24.1,298.7,0.9,0,,,84.3,0,0
713,2019-08-20 1:00,24,295.6,0.9,0,,,85.8,0,0
713,2019-08-20 2:00,23.8,311,0.5,0,,,88.1,0,0
713,2019-08-20 3:00,23.5,298.2,0.7,0,,,89.5,0,0
713,2019-08-20 4:00,23,296.1,0.9,0,,,91.9,0,0
713,2019-08-20 5:00,22.6,279.8,0.7,0,,,92.6,0,0
713,2019-08-20 6:00,22.4,277.6,0.7,0,,,93,0,0
713,2019-08-20 7:00,23.8,299.4,0.8,0,,,87.7,0,0
713,2019-08-20 8:00,26.7,324,1,0,,,75.6,0,0
713,2019-08-20 9:00,29.7,70.1,2.4,0,,,62.8,0,0
713,2019-08-20 10:00,30.4,97,3.6,0,,,59.7,0,0
713,2019-08-20 11:00,31.8,52.9,1.9,0,,,57.9,0,0
713,2019-08-20 12:00,31.8,74.1,2.1,0,,,56.1,0,0
713,2019-08-20 13:00,31.4,83.5,2.9,0,,,55.6,0,0
713,2019-08-20 14:00,31.3,84.5,1.8,0,,,57.7,0,0
713,2019-08-20 15:00,30.9,93.8,2,0,,,59.5,0,0
713,2019-08-20 16:00,31.6,97.2,2.3,0,,,56.9,0,0
713,2019-08-20 17:00,31.4,101.3,2,0,,,58.7,0,0
713,2019-08-20 18:00,30,115.9,1.9,0,,,63.6,0,0
713,2019-08-20 19:00,28.9,82.8,1.9,0,,,68,0,0
713,2019-08-20 20:00,27.9,102.8,1.6,0,,,70.8,0,0
713,2019-08-20 21:00,27.6,39.1,0.7,0,,,73.3,0,0
713,2019-08-20 22:00,27.3,100.7,1,0,,,74,0,0
713,2019-08-20 23:00,27.2,70.5,1.2,0,,,73.7,0,0
713,2019-08-21 0:00,27.2,77.3,1.6,0,,,72.9,0,0
713,2019-08-21 1:00,26.7,103.3,1.3,0,,,74.5,0,0
713,2019-08-21 2:00,26.8,92.2,1,0,,,72.6,0,0
713,2019-08-21 3:00,26.3,0,0.3,0,,,74.4,0,0
713,2019-08-21 4:00,25.7,304,0.8,0,,,80.1,0,0
713,2019-08-21 5:00,25.5,289.5,0.8,0,,,81.7,0,0
713,2019-08-21 6:00,25.3,0,0.4,0,,,83.2,0,0
713,2019-08-21 7:00,25.5,285.9,0.8,0,,,82.6,0,0
713,2019-08-21 8:00,26.5,315.1,0.9,0,,,79.1,0,0
713,2019-08-21 9:00,27.5,0,0.4,0,,,71.8,0,0
713,2019-08-21 10:00,27.6,102.6,1.9,0,,,70.3,0,0
713,2019-08-21 11:00,27.6,108.2,1.9,0,,,70.6,0,0
713,2019-08-21 12:00,28.9,319.5,0.6,0,,,72.5,0,0
713,2019-08-21 13:00,27.7,88.5,0.7,0,,,80.7,0,0
713,2019-08-21 14:00,28.6,52.3,1.2,0,,,75.2,0,0
713,2019-08-21 15:00,28.5,155.2,2.3,0,,,78,0,0
713,2019-08-21 16:00,27.9,105.7,1.5,0,,,84.4,0,0
713,2019-08-21 17:00,27.7,120.9,1.1,0,,,83.5,0,0
713,2019-08-21 18:00,27.5,96.1,1,0,,,85.2,0,0
713,2019-08-21 19:00,26.5,104.5,1.2,0,,,91.7,0,0
713,2019-08-21 20:00,26.2,0,0,1,,,98.5,0,0
713,2019-08-21 21:00,26,0,0,0,,,99.9,0,0
713,2019-08-21 22:00,26.2,0,0.4,0,,,99.9,0,0
713,2019-08-21 23:00,26,0,0.2,4.5,,,99.9,0,0
713,2019-08-22 0:00,26.1,0,0.3,3.5,,,99.9,0,0
713,2019-08-22 1:00,25.9,203.1,1.4,10,,,99.9,0,0
713,2019-08-22 2:00,25.6,192.6,0.9,4.5,,,99.9,0,0
713,2019-08-22 3:00,25.6,173.6,0.8,1,,,99.9,0,0
713,2019-08-22 4:00,25.5,211,1.7,7,,,99.9,0,0
713,2019-08-22 5:00,25.4,279,0.5,8.5,,,99.9,0,0
713,2019-08-22 6:00,25.5,116.8,0.9,9,,,99.9,0,0
713,2019-08-22 7:00,25.6,115.8,0.6,2,,,99.9,0,0
713,2019-08-22 8:00,25.6,122.2,1.2,1,,,99.9,0,0
713,2019-08-22 9:00,25.6,145.2,1.2,5,,,99.9,0,0
713,2019-08-22 10:00,26,177.7,1.8,1,,,99.9,0,0
713,2019-08-22 11:00,26.1,191.5,2.6,0,,,99.9,0,0
713,2019-08-22 12:00,27.6,230,1.7,0,,,96.4,0,0
713,2019-08-22 13:00,29.2,256.7,2.8,0,,,80.4,0,0
713,2019-08-22 14:00,30.2,282,2.5,0,,,72,0,0
713,2019-08-22 15:00,32,268.6,3.2,0,,,61.3,0,0
713,2019-08-22 16:00,32.8,260.8,2.7,0,,,60.1,0,0
713,2019-08-22 17:00,31.3,262.8,2.3,0,,,58.2,0,0
713,2019-08-22 18:00,30.5,257.8,1.4,0,,,61.7,0,0
713,2019-08-22 19:00,27.9,290.1,1.5,0,,,77.7,0,0
713,2019-08-22 20:00,27.2,294.9,0.6,0,,,81.9,0,0
713,2019-08-22 21:00,26.7,287.3,0.6,0,,,81.5,0,0
713,2019-08-22 22:00,26.3,279.2,0.9,0,,,83.1,0,0
713,2019-08-22 23:00,25.8,0,0,0,,,83.2,0,0
713,2019-08-23 0:00,25.1,0,0,0,,,87.3,0,0
713,2019-08-23 1:00,25,310.7,0.6,0,,,86.8,0,0
713,2019-08-23 2:00,24.3,297.1,1.1,0,,,88.7,0,0
713,2019-08-23 3:00,23.8,0,0.2,0,,,89.8,0,0
713,2019-08-23 4:00,23.8,0,0.1,0,,,91.4,0,0
713,2019-08-23 5:00,24.2,294.2,0.9,0,,,84.9,0,0
713,2019-08-23 6:00,23.6,0,0.1,0,,,88.9,0,0
713,2019-08-23 7:00,24,0,0,0,,,87.3,0,0
713,2019-08-23 8:00,25,0,0,0,,,81.6,0,0
713,2019-08-23 9:00,25.4,0,0,0,,,81.5,0,0
713,2019-08-23 10:00,26.7,278.9,1.5,0,,,70.6,0,0
713,2019-08-23 11:00,26.6,270.7,1.6,0,,,71.9,0,0
713,2019-08-23 12:00,26.5,249.4,1.5,0,,,73.6,0,0
713,2019-08-23 13:00,27.4,273.6,2.5,0,,,67.2,0,0
713,2019-08-23 14:00,29.4,276.6,2.2,0,,,60.6,0,0
713,2019-08-23 15:00,30.3,265.3,2.6,0,,,54.8,0,0
713,2019-08-23 16:00,30.3,301.5,1.9,0,,,54.3,0,0
713,2019-08-23 17:00,29.5,261.2,1.5,0,,,55.9,0,0
713,2019-08-23 18:00,28.6,230.8,1.4,0,,,57.8,0,0
713,2019-08-23 19:00,26.2,296.3,1.1,0,,,68.3,0,0
713,2019-08-23 20:00,24.2,311.9,1.5,0,,,80.9,0,0
713,2019-08-23 21:00,23.2,305.1,0.9,0,,,83.9,0,0
713,2019-08-23 22:00,22.7,0,0.4,0,,,85.8,0,0
713,2019-08-23 23:00,21.8,0,0,0,,,92.9,0,0
713,2019-08-24 0:00,21.4,282.2,0.6,0,,,95.3,0,0
713,2019-08-24 1:00,20.4,0,0.3,0,,,99.4,0,0
713,2019-08-24 2:00,20.2,0,0.2,0,,,99.9,0,0
713,2019-08-24 3:00,19.7,0,0.1,0,,,99.9,0,0
713,2019-08-24 4:00,18.5,0,0.2,0,,,99.9,0,0
713,2019-08-24 5:00,18.2,0,0,0,,,99.9,0,0
713,2019-08-24 6:00,17.8,0,0,0,,,99.9,0,0
713,2019-08-24 7:00,19.1,0,0.1,0,,,96.5,0,0
713,2019-08-24 8:00,22.9,0,0.4,0,,,78.7,0,0
713,2019-08-24 9:00,24.4,129.5,1.3,0,,,75.1,0,0
713,2019-08-24 10:00,26.5,252.5,1.9,0,,,67.3,0,0
713,2019-08-24 11:00,27.9,261.8,3,0,,,61.9,0,0
713,2019-08-24 12:00,27.8,268.4,2.6,0,,,60.2,0,0
713,2019-08-24 13:00,28.2,269.9,2.1,0,,,59.2,0,0
713,2019-08-24 14:00,28.2,273,2.6,0,,,58.7,0,0
713,2019-08-24 15:00,28.7,261.3,1.4,0,,,59.6,0,0
713,2019-08-24 16:00,28.4,310.9,1.4,0,,,60.9,0,0
713,2019-08-24 17:00,28.2,293.6,1.4,0,,,62.1,0,0
713,2019-08-24 18:00,27.1,268.5,1.4,0,,,69.2,0,0
713,2019-08-24 19:00,26.3,300.5,1.4,0,,,67.3,0,0
713,2019-08-24 20:00,24.8,289.2,1.2,0,,,73.6,0,0
713,2019-08-24 21:00,24,319.5,1.1,0,,,76.6,0,0
713,2019-08-24 22:00,22.4,0,0.3,0,,,83.4,0,0
713,2019-08-24 23:00,21.7,0,0.1,0,,,88.6,0,0
713,2019-08-25 0:00,21.1,0,0.4,0,,,91.3,0,0
713,2019-08-25 1:00,20.5,305.3,0.6,0,,,94.5,0,0
713,2019-08-25 2:00,20,298.9,0.9,0,,,94.5,0,0
713,2019-08-25 3:00,19.5,301,0.5,0,,,95.9,0,0
713,2019-08-25 4:00,19.2,0,0,0,,,96.4,0,0
713,2019-08-25 5:00,19.5,0,0,0,,,94,0,0
713,2019-08-25 6:00,19.8,278.8,0.7,0,,,94.4,0,0
713,2019-08-25 7:00,20.6,280.2,0.8,0,,,92.1,0,0
713,2019-08-25 8:00,22.1,0,0.3,0,,,85.4,0,0
713,2019-08-25 9:00,24.2,0,0.3,0,,,75,0,0
713,2019-08-25 10:00,25.7,157.3,0.7,0,,,67.5,0,0
713,2019-08-25 11:00,26.6,189.8,1,0,,,69.1,0,0
713,2019-08-25 12:00,26.3,0,0.4,0,,,67.2,0,0
713,2019-08-25 13:00,26.7,279.3,1.9,0,,,67.2,0,0
713,2019-08-25 14:00,27.1,241.3,1,0,,,65.2,0,0
713,2019-08-25 15:00,29.2,269.8,1.6,0,,,53.1,0,0
713,2019-08-25 16:00,28.2,288.1,1.2,0,,,58.3,0,0
713,2019-08-25 17:00,28.4,277.4,1.6,0,,,58.5,0,0
713,2019-08-25 18:00,26.5,208.4,2,0,,,69.5,0,0
713,2019-08-25 19:00,25.4,217.6,2.3,0,,,77.1,0,0
713,2019-08-25 20:00,24.8,0,0.3,0,,,82.1,0,0
713,2019-08-25 21:00,23.1,235.2,0.7,0,,,83.9,0,0
713,2019-08-25 22:00,22.3,303.7,0.5,0,,,86.8,0,0
713,2019-08-25 23:00,22,356.2,0.5,0,,,84.8,0,0
713,2019-08-26 0:00,21.4,0,0.3,0,,,90.8,0,0
713,2019-08-26 1:00,21.2,0,0.3,0,,,90.6,0,0
713,2019-08-26 2:00,20.8,0,0.1,0,,,91.4,0,0
713,2019-08-26 3:00,20.5,0,0,0,,,94.3,0,0
713,2019-08-26 4:00,20,0,0.3,0,,,98,0,0
713,2019-08-26 5:00,20.1,300,1,0,,,95.2,0,0
713,2019-08-26 6:00,20.2,0,0.2,0,,,93.5,0,0
713,2019-08-26 7:00,21.1,0,0.3,0,,,85.4,0,0
713,2019-08-26 8:00,24,299.5,0.9,0,,,78.6,0,0
713,2019-08-26 9:00,26.7,208.7,1.4,0,,,67.1,0,0
713,2019-08-26 10:00,28.3,118.7,2.4,0,,,59.6,0,0
713,2019-08-26 11:00,29.2,84.6,2.6,0,,,58.4,0,0
713,2019-08-26 12:00,29.5,124.9,2.2,0,,,54.5,0,0
713,2019-08-26 13:00,28.6,102,2.7,0,,,57.2,0,0
713,2019-08-26 14:00,29.9,128.7,2.4,0,,,54.2,0,0
713,2019-08-26 15:00,29.8,147.4,2.4,0,,,56.5,0,0
713,2019-08-26 16:00,28.1,174.7,2.5,0,,,65.6,0,0
713,2019-08-26 17:00,26.8,155.2,2.4,0,,,68.8,0,0
713,2019-08-26 18:00,25.7,161.9,1.8,0,,,70.9,0,0
713,2019-08-26 19:00,25.3,148.9,1,0,,,71.7,0,0
713,2019-08-26 20:00,24.9,150.2,1.2,0,,,73,0,0
713,2019-08-26 21:00,25,101.6,1.5,0,,,75.7,0,0
713,2019-08-26 22:00,25,99.3,1.4,0,,,74.5,0,0
713,2019-08-26 23:00,24.7,97.4,1.2,0,,,73.8,0,0
713,2019-08-27 0:00,24.5,101.3,1.2,0,,,74.2,0,0
713,2019-08-27 1:00,23,101.6,1.2,0,,,83.6,0,0
713,2019-08-27 2:00,22.7,287.8,0.9,0,,,89.5,0,0
713,2019-08-27 3:00,22.4,317.3,0.8,0,,,91,0,0
713,2019-08-27 4:00,22.5,0,0.3,0,,,91.3,0,0
713,2019-08-27 5:00,22.4,290.7,0.8,0,,,92.1,0,0
713,2019-08-27 6:00,22.1,322,0.5,0,,,97.4,0,0
713,2019-08-27 7:00,21.7,0,0.2,3.5,,,99.9,0,0
713,2019-08-27 8:00,22,0,0.2,0.5,,,99.9,0,0
713,2019-08-27 9:00,22.5,266.2,0.6,2,,,99.9,0,0
713,2019-08-27 10:00,23.3,306.5,0.7,0,,,98.4,0,0
713,2019-08-27 11:00,23.3,0,0.1,0,,,99.8,0,0
713,2019-08-27 12:00,23.1,0,0.1,1.5,,,99.9,0,0
713,2019-08-27 13:00,23,0,0,3,,,99.9,0,0
713,2019-08-27 14:00,23.9,113.3,0.7,3.5,,,99.9,0,0
713,2019-08-27 15:00,23.9,0,0.4,0,,,98.9,0,0
713,2019-08-27 16:00,24.3,0,0.1,0.5,,,99.8,0,0
713,2019-08-27 17:00,24.4,0,0,0,,,96.6,0,0
713,2019-08-27 18:00,23.8,0,0,0,,,99.9,0,0
713,2019-08-27 19:00,24,0,0,0,,,99.9,0,0
713,2019-08-27 20:00,23.9,0,0,0,,,99.9,0,0
713,2019-08-27 21:00,23.9,0,0,0,,,99.9,0,0
713,2019-08-27 22:00,24,0,0,0,,,99.9,0,0
713,2019-08-27 23:00,24,0,0,0,,,99.9,0,0
713,2019-08-28 0:00,23.9,0,0,0,,,99.9,0,0
713,2019-08-28 1:00,23.5,0,0,0,,,99.9,0,0
713,2019-08-28 2:00,23.6,0,0,0,,,99.9,0,0
713,2019-08-28 3:00,23.7,0,0,0,,,99.9,0,0
713,2019-08-28 4:00,23.7,0,0,0,,,99.9,0,0
713,2019-08-28 5:00,23.6,0,0,0,,,99.9,0,0
713,2019-08-28 6:00,23.5,0,0,0,,,99.9,0,0
713,2019-08-28 7:00,23.6,0,0,0,,,99.9,0,0
713,2019-08-28 8:00,23.7,310.6,0.9,0,,,99.9,0,0
713,2019-08-28 9:00,24.1,0,0,0,,,99.3,0,0
713,2019-08-28 10:00,25.2,197,0.5,0.5,,,89.4,0,0
713,2019-08-28 11:00,26.1,302.9,0.9,0,,,86.7,0,0
713,2019-08-28 12:00,27.2,277.8,0.9,0,,,76.6,0,0
713,2019-08-28 13:00,29.4,280.5,1.6,0,,,64.7,0,0
713,2019-08-28 14:00,28.1,232.5,0.9,0,,,70.9,0,0
713,2019-08-28 15:00,28.1,248.5,1.6,0,,,71.2,0,0
713,2019-08-28 16:00,27,218.5,2.3,0,,,78.3,0,0
713,2019-08-28 17:00,25.4,235.9,2.2,0,,,87.3,0,0
713,2019-08-28 18:00,25.6,231.1,0.7,0,,,84.5,0,0
713,2019-08-28 19:00,24.8,208.1,1.6,0,,,88.8,0,0
713,2019-08-28 20:00,24.4,171.4,0.6,0,,,90.7,0,0
713,2019-08-28 21:00,23.7,0,0.3,0,,,91.5,0,0
713,2019-08-28 22:00,23.6,0,0,0,,,95,0,0
713,2019-08-28 23:00,23.3,0,0.3,0,,,96,0,0
713,2019-08-29 0:00,23.1,240.2,1,0,,,94.7,0,0
713,2019-08-29 1:00,22.7,0,0.1,0,,,99.7,0,0
713,2019-08-29 2:00,22.4,0,0.1,0,,,99.9,0,0
713,2019-08-29 3:00,22.4,0,0,0,,,99.9,0,0
713,2019-08-29 4:00,22.3,0,0,0,,,99.9,0,0
713,2019-08-29 5:00,22.4,0,0,0,,,99.9,0,0
713,2019-08-29 6:00,22.4,268.1,2.1,0,,,99.9,0,0
713,2019-08-29 7:00,22.5,254.1,0.8,0,,,99.7,0,0
713,2019-08-29 8:00,22.8,0,0,0,,,98,0,0
713,2019-08-29 9:00,23,0,0.1,0,,,96.2,0,0
713,2019-08-29 10:00,23.8,0,0.1,0,,,89.3,0,0
713,2019-08-29 11:00,23.2,107.5,1.4,0.5,,,96.4,0,0
713,2019-08-29 12:00,23.8,277.8,1.3,0.5,,,93.3,0,0
713,2019-08-29 13:00,24.2,131.1,1.2,0,,,92.3,0,0
713,2019-08-29 14:00,24.2,199.3,2,0,,,88.7,0,0
713,2019-08-29 15:00,23.8,189.2,1.9,0,,,87.2,0,0
713,2019-08-29 16:00,23.9,233.3,0.8,0,,,85.6,0,0
713,2019-08-29 17:00,23.6,194.9,1.4,0,,,86.2,0,0
713,2019-08-29 18:00,23.1,172.9,1.4,0,,,88.8,0,0
713,2019-08-29 19:00,22.7,0,0.3,0,,,92.7,0,0
713,2019-08-29 20:00,22,0,0.4,0,,,95.2,0,0
713,2019-08-29 21:00,21.5,305,1,0,,,98,0,0
713,2019-08-29 22:00,20.8,0,0.4,0,,,99.6,0,0
713,2019-08-29 23:00,20.4,331.1,0.6,0,,,99.6,0,0
713,2019-08-30 0:00,20.1,298,0.6,0,,,99.9,0,0
713,2019-08-30 1:00,19.6,0,0,0,,,99.9,0,0
713,2019-08-30 2:00,19.1,0,0.4,0,,,99.9,0,0
713,2019-08-30 3:00,18.9,311.6,0.6,0,,,99.9,0,0
713,2019-08-30 4:00,18.4,0,0.1,0,,,99.9,0,0
713,2019-08-30 5:00,18,0,0,0,,,99.9,0,0
713,2019-08-30 6:00,18.1,0,0,0,,,99.9,0,0
713,2019-08-30 7:00,18.8,0,0.4,0,,,99.9,0,0
713,2019-08-30 8:00,21.5,92.5,0.9,0,,,94,0,0
713,2019-08-30 9:00,25.5,270.4,2.1,0,,,69.7,0,0
713,2019-08-30 10:00,26.5,274.7,2.9,0,,,59.4,0,0
713,2019-08-30 11:00,28.1,267.2,2.7,0,,,55.5,0,0
713,2019-08-30 12:00,28.6,294.2,2.6,0,,,53.1,0,0
713,2019-08-30 13:00,29.3,239.8,2.6,0,,,49.7,0,0
713,2019-08-30 14:00,29.4,241.4,2.4,0,,,47.7,0,0
713,2019-08-30 15:00,30.5,259.3,2.7,0,,,46.1,0,0
713,2019-08-30 16:00,30,293.4,2.7,0,,,48.6,0,0
713,2019-08-30 17:00,29.4,270,3.2,0,,,50.5,0,0
713,2019-08-30 18:00,26.7,306.8,2.6,0,,,60,0,0
713,2019-08-30 19:00,25.1,319.4,1.5,0,,,60.4,0,0
713,2019-08-30 20:00,22.4,293.2,0.5,0,,,72.8,0,0
713,2019-08-30 21:00,22.1,267.5,1.9,0,,,72.5,0,0
713,2019-08-30 22:00,21.9,283.2,1.8,0,,,74,0,0
713,2019-08-30 23:00,21.2,59,0.5,0,,,78.3,0,0
713,2019-08-31 0:00,20.2,59.5,0.7,0,,,84.6,0,0
713,2019-08-31 1:00,19.4,0,0.1,0,,,91.2,0,0
713,2019-08-31 2:00,18.7,0,0.2,0,,,93.4,0,0
713,2019-08-31 3:00,18.2,0,0,0,,,96.9,0,0
713,2019-08-31 4:00,18.3,0,0.2,0,,,97.7,0,0
713,2019-08-31 5:00,17.9,0,0,0,,,99.9,0,0
713,2019-08-31 6:00,18.1,0,0.4,0,,,99.9,0,0
713,2019-08-31 7:00,19.3,263.8,0.5,0,,,95.5,0,0
713,2019-08-31 8:00,21.2,343.8,0.5,0,,,85.6,0,0
713,2019-08-31 9:00,23.3,155.5,0.6,0,,,77.8,0,0
713,2019-08-31 10:00,25.3,273.5,1.2,0,,,72.4,0,0
713,2019-08-31 11:00,26.9,273.1,2.3,0,,,64.3,0,0
713,2019-08-31 12:00,27.5,313.8,2,0,,,59.7,0,0
713,2019-08-31 13:00,27.9,321.5,2.4,0,,,56.9,0,0
713,2019-08-31 14:00,29.1,318.9,1.9,0,,,50.6,0,0
713,2019-08-31 15:00,29.5,258,1.8,0,,,50.8,0,0
713,2019-08-31 16:00,30.2,282.3,1.6,0,,,45.9,0,0
713,2019-08-31 17:00,29.1,257.9,1.5,0,,,48.9,0,0
713,2019-08-31 18:00,27.2,237,1.6,0,,,66.6,0,0
713,2019-08-31 19:00,24.9,279.6,0.9,0,,,72.1,0,0
713,2019-08-31 20:00,23.4,296.6,1.2,0,,,78.9,0,0
713,2019-08-31 21:00,22,299.9,0.7,0,,,82.9,0,0
713,2019-08-31 22:00,21.4,309.3,0.7,0,,,85.8,0,0
713,2019-08-31 23:00,20.7,256.9,0.5,0,,,90.1,0,0
713,2019-09-01 0:00,20.6,0,0,0,,,90.4,0,0
713,2019-09-01 1:00,20.3,0,0.3,0,,,92.6,0,0
713,2019-09-01 2:00,20.4,293,0.7,0,,,92.9,0,0
713,2019-09-01 3:00,20.1,0,0.2,0,,,94.5,0,0
713,2019-09-01 4:00,20,0,0,0,,,94.6,0,0
713,2019-09-01 5:00,19.6,0,0.2,0,,,95.1,0,0
713,2019-09-01 6:00,19.7,0,0.3,0,,,94.9,0,0
713,2019-09-01 7:00,20,0,0.2,0,,,93.8,0,0
713,2019-09-01 8:00,21.5,292.8,0.9,0,,,84.8,0,0
713,2019-09-01 9:00,22.7,279.9,0.6,0,,,81.2,0,0
713,2019-09-01 10:00,24,342.3,0.5,0,,,76.2,0,0
713,2019-09-01 11:00,24.6,254.7,0.5,0,,,75.9,0,0
713,2019-09-01 12:00,25.3,0,0.4,0,,,72.8,0,0
713,2019-09-01 13:00,25.4,321,0.5,0,,,75.1,0,0
713,2019-09-01 14:00,24.9,0,0.3,0,,,75.1,0,0
713,2019-09-01 15:00,23.3,0,0.4,0.5,,,95.9,0,0
713,2019-09-01 16:00,23,332.4,0.7,0.5,,,98.3,0,0
713,2019-09-01 17:00,20.8,37.7,0.6,0.5,,,95.6,0,0
713,2019-09-01 18:00,19.8,12,0.9,0.5,,,92.6,0,0
713,2019-09-01 19:00,19.4,333.2,1.2,0,,,92.5,0,0
713,2019-09-01 20:00,19,343.2,0.8,0,,,92.4,0,0
713,2019-09-01 21:00,18.8,304.6,0.9,0,,,97.4,0,0
713,2019-09-01 22:00,18.9,303.7,0.6,0,,,98.4,0,0
713,2019-09-01 23:00,18.9,280.4,0.7,0,,,99.5,0,0
713,2019-09-02 0:00,19.1,280,0.6,0,,,99.9,0,0
713,2019-09-02 1:00,19.1,331.9,1.1,0.5,,,99.9,0,0
713,2019-09-02 2:00,19.2,0,0.4,0,,,99.9,0,0
713,2019-09-02 3:00,19.6,334.2,1.3,0,,,97.8,0,0
713,2019-09-02 4:00,19.8,294.7,0.5,0,,,99.5,0,0
713,2019-09-02 5:00,19.4,324,0.9,0.5,,,99.9,0,0
713,2019-09-02 6:00,19.5,305.4,1.3,0.5,,,99.9,0,0
713,2019-09-02 7:00,19.8,282.8,1,0.5,,,99.9,0,0
713,2019-09-02 8:00,20.3,0,0.2,4.5,,,99.9,0,0
713,2019-09-02 9:00,20.6,0,0.2,4,,,99.9,0,0
713,2019-09-02 10:00,20.5,278.2,0.7,2.5,,,99.9,0,0
713,2019-09-02 11:00,20.5,300.9,0.6,4,,,99.9,0,0
713,2019-09-02 12:00,21.3,277.9,0.6,3.5,,,99.9,0,0
713,2019-09-02 13:00,22.4,187.3,0.9,1,,,99.9,0,0
713,2019-09-02 14:00,23,235.4,0.5,0.5,,,98.5,0,0
713,2019-09-02 15:00,23.6,151.6,0.6,0,,,90.8,0,0
713,2019-09-02 16:00,23.3,0,0.3,0,,,92.6,0,0
713,2019-09-02 17:00,23.2,0,0.3,0,,,91.1,0,0
713,2019-09-02 18:00,22.5,121.9,1,0,,,90.3,0,0
713,2019-09-02 19:00,22,0,0.4,0,,,96.9,0,0
713,2019-09-02 20:00,21.9,0,0.2,0,,,98.6,0,0
713,2019-09-02 21:00,21.5,264.4,0.5,0.5,,,99.9,0,0
713,2019-09-02 22:00,21.4,0,0,0,,,99.9,0,0
713,2019-09-02 23:00,21.5,0,0,1.5,,,99.9,0,0
713,2019-09-03 0:00,21.4,0,0.2,5.5,,,99.9,0,0
713,2019-09-03 1:00,21.5,0,0,0,,,99.9,0,0
713,2019-09-03 2:00,21.5,0,0,0,,,99.9,0,0
713,2019-09-03 3:00,21.6,0,0.1,0,,,99.9,0,0
713,2019-09-03 4:00,21.6,0,0,0.5,,,99.9,0,0
713,2019-09-03 5:00,21.7,0,0.4,0,,,99.9,0,0
713,2019-09-03 6:00,21.7,170.9,0.9,1.5,,,99.9,0,0
713,2019-09-03 7:00,21.7,0,0.3,4.5,,,99.9,0,0
713,2019-09-03 8:00,21.6,213.5,1.1,7.5,,,99.9,0,0
713,2019-09-03 9:00,22,0,0.1,5.5,,,99.9,0,0
713,2019-09-03 10:00,22.3,0,0.3,1,,,99.9,0,0
713,2019-09-03 11:00,22.9,184.5,0.6,3.5,,,99.9,0,0
713,2019-09-03 12:00,24.1,353.4,0.6,1,,,99.8,0,0
713,2019-09-03 13:00,23.8,142.6,0.7,0,,,96.1,0,0
713,2019-09-03 14:00,25.4,142,0.9,0.5,,,86.4,0,0
713,2019-09-03 15:00,25.2,110.9,1.5,0,,,83.4,0,0
713,2019-09-03 16:00,25.8,112.4,1.1,0,,,81,0,0
713,2019-09-03 17:00,25.2,119.2,0.9,0,,,84.4,0,0
713,2019-09-03 18:00,24.2,0,0.3,0,,,90.8,0,0
713,2019-09-03 19:00,23.7,0,0.3,0,,,97.1,0,0
713,2019-09-03 20:00,23.1,0,0.1,0,,,99.9,0,0
713,2019-09-03 21:00,23.1,0,0,0,,,99.9,0,0
713,2019-09-03 22:00,23,0,0,0.5,,,99.9,0,0
713,2019-09-03 23:00,23,0,0.1,0.5,,,99.9,0,0
713,2019-09-04 0:00,22.7,0,0,0,,,99.9,0,0
713,2019-09-04 1:00,22.7,0,0.2,0,,,99.9,0,0
713,2019-09-04 2:00,22.8,192.1,0.7,0,,,99.9,0,0
713,2019-09-04 3:00,22.7,0,0.4,1.5,,,99.9,0,0
713,2019-09-04 4:00,22.7,0,0.3,0,,,99.9,0,0
713,2019-09-04 5:00,22.9,0,0,0,,,99.9,0,0
713,2019-09-04 6:00,22.9,0,0,0,,,99.9,0,0
713,2019-09-04 7:00,23.1,0,0.2,0,,,99.9,0,0
713,2019-09-04 8:00,23.9,0,0.1,0,,,99.9,0,0
713,2019-09-04 9:00,24,0,0.2,0.5,,,99.9,0,0
713,2019-09-04 10:00,23.8,124.6,0.5,3.5,,,99.9,0,0
713,2019-09-04 11:00,24.3,297.1,0.7,1,,,99.9,0,0
713,2019-09-04 12:00,25,0,0.3,0,,,98,0,0
713,2019-09-04 13:00,25.8,0,0.3,0.5,,,94.2,0,0
713,2019-09-04 14:00,25.7,126.9,0.5,0,,,92.6,0,0
713,2019-09-04 15:00,26.1,0,0.1,0,,,91.9,0,0
713,2019-09-04 16:00,26,0,0.3,0,,,93.1,0,0
713,2019-09-04 17:00,26.5,54.4,0.5,0,,,90.5,0,0
713,2019-09-04 18:00,25.8,117.9,0.8,0,,,91,0,0
713,2019-09-04 19:00,25,124.8,0.6,0,,,94.4,0,0
713,2019-09-04 20:00,24.9,152.3,0.7,0,,,95.7,0,0
713,2019-09-04 21:00,24.5,0,0,0,,,99.1,0,0
713,2019-09-04 22:00,24.2,0,0,0,,,99.9,0,0
713,2019-09-04 23:00,23.8,0,0.1,0,,,99.9,0,0
713,2019-09-05 0:00,23.6,0,0,0,,,99.9,0,0
713,2019-09-05 1:00,23.6,0,0,0,,,99.9,0,0
713,2019-09-05 2:00,23.6,0,0,0,,,99.9,0,0
713,2019-09-05 3:00,23.5,0,0,0.5,,,99.9,0,0
713,2019-09-05 4:00,23.4,0,0,0,,,99.9,0,0
713,2019-09-05 5:00,23.6,0,0.1,0,,,99.9,0,0
713,2019-09-05 6:00,23.6,0,0,0,,,99.9,0,0
713,2019-09-05 7:00,24.1,0,0,0,,,99.9,0,0
713,2019-09-05 8:00,24.8,0,0,0,,,99.9,0,0
713,2019-09-05 9:00,26.5,112.2,1.7,0,,,85.9,0,0
713,2019-09-05 10:00,28.5,86.2,1.8,0,,,79.8,0,0
713,2019-09-05 11:00,27.3,111.9,1.1,0,,,82.7,0,0
713,2019-09-05 12:00,28.9,155.4,1,0,,,78.2,0,0
713,2019-09-05 13:00,30.3,130.4,1.9,0,,,70.9,0,0
713,2019-09-05 14:00,28.7,156,3.1,0,,,76.7,0,0
713,2019-09-05 15:00,29.4,149.6,1.7,0,,,74,0,0
713,2019-09-05 16:00,28.9,154.3,1.9,0,,,74.2,0,0
713,2019-09-05 17:00,28.7,138.2,1.2,0,,,72.8,0,0
713,2019-09-05 18:00,27.6,187.1,0.7,0,,,79.4,0,0
713,2019-09-05 19:00,26.6,0,0.1,0,,,86.9,0,0
713,2019-09-05 20:00,26,317.6,0.6,0,,,90.8,0,0
713,2019-09-05 21:00,25.2,0,0.3,0,,,93.9,0,0
713,2019-09-05 22:00,24.9,0,0.4,0,,,93.9,0,0
713,2019-09-05 23:00,24,0,0,0,,,97.3,0,0
713,2019-09-06 0:00,23.8,0,0,0,,,98.8,0,0
713,2019-09-06 1:00,23.4,0,0.1,0,,,99.3,0,0
713,2019-09-06 2:00,23.1,0,0.3,0,,,99.9,0,0
713,2019-09-06 3:00,23,295,0.8,0,,,99.9,0,0
713,2019-09-06 4:00,22.7,0,0.1,0,,,99.9,0,0
713,2019-09-06 5:00,22.7,0,0.4,0,,,99.9,0,0
713,2019-09-06 6:00,22.6,0,0,0,,,99.9,0,0
713,2019-09-06 7:00,23.8,0,0.4,0,,,96,0,0
713,2019-09-06 8:00,26.7,211,0.6,0,,,85.2,0,0
713,2019-09-06 9:00,27.4,0,0.3,0,,,82.4,0,0
713,2019-09-06 10:00,28.4,0,0.4,0,,,76.6,0,0
713,2019-09-06 11:00,28.9,71.4,2.2,0,,,75.3,0,0
713,2019-09-06 12:00,29.7,68.6,2.1,0,,,71.9,0,0
713,2019-09-06 13:00,29.8,77.3,2.4,0,,,73.2,0,0
713,2019-09-06 14:00,29.8,59.9,2.3,0,,,73.5,0,0
713,2019-09-06 15:00,31.2,79.5,2,0,,,68.6,0,0
713,2019-09-06 16:00,29.8,67,2.1,0,,,72,0,0
713,2019-09-06 17:00,29,68.9,1.3,0,,,74.8,0,0
713,2019-09-06 18:00,28.7,65.2,2.5,0,,,73.3,0,0
713,2019-09-06 19:00,28.4,58,2.5,0,,,72.4,0,0
713,2019-09-06 20:00,27,68.1,2.4,0,,,81.7,0,0
713,2019-09-06 21:00,27,67.2,3.5,0.5,,,83.7,0,0
713,2019-09-06 22:00,25.8,79,2.5,1.5,,,90.5,0,0
713,2019-09-06 23:00,24.8,123.9,2.3,4,,,98.1,0,0
713,2019-09-07 0:00,25.1,76.2,3.6,8,,,93.4,0,0
713,2019-09-07 1:00,25,71.9,3,2,,,94.2,0,0
713,2019-09-07 2:00,25.9,85.3,5.3,1,,,86.9,0,0
713,2019-09-07 3:00,26.9,82.4,5.6,0,,,81.2,0,0
713,2019-09-07 4:00,25,99.5,4.9,8.5,,,95.6,0,0
713,2019-09-07 5:00,26.1,110.1,5.7,3.5,,,90.8,0,0
713,2019-09-07 6:00,25.9,103.7,6.5,3.5,,,93.6,0,0
713,2019-09-07 7:00,25.9,120.3,4.1,8.5,,,96.9,0,0
713,2019-09-07 8:00,26.1,140.5,5.2,6.5,,,95.8,0,0
713,2019-09-07 9:00,26.2,141,6,1,,,92.1,0,0
713,2019-09-07 10:00,26.7,152.4,5,0,,,85,0,0
713,2019-09-07 11:00,26.8,168.5,4.6,0,,,84,0,0
713,2019-09-07 12:00,26.6,163.1,4,0,,,83.6,0,0
713,2019-09-07 13:00,27,180.1,3.3,0,,,79.3,0,0
713,2019-09-07 14:00,27,157.7,3.2,0,,,81.2,0,0
713,2019-09-07 15:00,26.2,167.9,3,0,,,84,0,0
713,2019-09-07 16:00,25.6,157.3,2.9,0,,,87.7,0,0
713,2019-09-07 17:00,25,202.1,1.9,1,,,92.5,0,0
713,2019-09-07 18:00,25.3,216.6,1,0,,,92.6,0,0
713,2019-09-07 19:00,24.9,183.2,1.3,0,,,91.5,0,0
713,2019-09-07 20:00,24.2,217.6,0.8,0,,,93.1,0,0
713,2019-09-07 21:00,23.6,0,0.2,0,,,99.3,0,0
713,2019-09-07 22:00,22.9,305.4,0.7,0,,,99.9,0,0
713,2019-09-07 23:00,22.3,0,0,0,,,99.9,0,0
713,2019-09-08 0:00,22.2,298.8,0.7,0,,,99.9,0,0
713,2019-09-08 1:00,22.2,0,0,0,,,99.9,0,0
713,2019-09-08 2:00,22.3,0,0,0,,,99.9,0,0
713,2019-09-08 3:00,22.4,301.3,0.7,0,,,99.9,0,0
713,2019-09-08 4:00,21.9,0,0.4,0,,,99.9,0,0
713,2019-09-08 5:00,21.4,0,0.2,0,,,99.9,0,0
713,2019-09-08 6:00,21.1,0,0,0,,,99.9,0,0
713,2019-09-08 7:00,21.5,0,0,0,,,99.9,0,0
713,2019-09-08 8:00,23.2,319.9,0.9,0,,,95.1,0,0
713,2019-09-08 9:00,26.3,0,0.2,0,,,79.3,0,0
713,2019-09-08 10:00,28,148.6,0.8,0,,,77.2,0,0
713,2019-09-08 11:00,27.6,165.6,1,0,,,72.2,0,0
713,2019-09-08 12:00,28.9,157.9,1.8,0,,,73.5,0,0
713,2019-09-08 13:00,28.2,172.2,1.3,0,,,77,0,0
713,2019-09-08 14:00,29.5,202.1,1.2,0,,,71.7,0,0
713,2019-09-08 15:00,28,209.1,1.8,0,,,77.7,0,0
713,2019-09-08 16:00,27.5,214.5,1.7,0,,,82.4,0,0
713,2019-09-08 17:00,27.5,213.8,1,0,,,83.1,0,0
713,2019-09-08 18:00,26.7,178.9,1.7,0,,,86.1,0,0
713,2019-09-08 19:00,25.8,215,1,0,,,88.3,0,0
713,2019-09-08 20:00,25.4,0,0.1,0,,,93.9,0,0
713,2019-09-08 21:00,24.8,0,0.1,0,,,97.7,0,0
713,2019-09-08 22:00,24.8,295,0.7,0,,,98.8,0,0
713,2019-09-08 23:00,24.7,0,0,0,,,99.4,0,0
713,2019-09-09 0:00,24.5,0,0,0,,,99.8,0,0
713,2019-09-09 1:00,24.6,316.8,0.7,0.5,,,99.9,0,0
713,2019-09-09 2:00,23.8,353.5,0.8,0.5,,,99.9,0,0
713,2019-09-09 3:00,23.4,0,0.2,0,,,99.9,0,0
713,2019-09-09 4:00,23.3,311.8,0.6,0,,,99.9,0,0
713,2019-09-09 5:00,23.2,0,0.4,0,,,99.9,0,0
713,2019-09-09 6:00,23.3,304.4,0.7,0,,,99.9,0,0
713,2019-09-09 7:00,23.6,0,0,0,,,99.9,0,0
713,2019-09-09 8:00,24.5,262.3,0.5,0,,,98.7,0,0
713,2019-09-09 9:00,26,300.2,1,0,,,92.2,0,0
713,2019-09-09 10:00,27.7,0,0.2,0,,,78.8,0,0
713,2019-09-09 11:00,30.7,73.5,1.1,0,,,66.9,0,0
713,2019-09-09 12:00,31.6,102.1,3.2,0,,,63,0,0
713,2019-09-09 13:00,31.3,67,2.6,0,,,65.3,0,0
713,2019-09-09 14:00,32,104.5,3.6,0,,,61.7,0,0
713,2019-09-09 15:00,30.5,95.3,3.2,0,,,66.4,0,0
713,2019-09-09 16:00,27.8,95.8,3.6,0,,,80.4,0,0
713,2019-09-09 17:00,27.5,78.3,2.6,0,,,82,0,0
713,2019-09-09 18:00,24.4,105.7,1,4,,,96.2,0,0
713,2019-09-09 19:00,24.5,333.3,1,1.5,,,99.9,0,0
713,2019-09-09 20:00,25.3,0,0.1,0,,,99.9,0,0
713,2019-09-09 21:00,25.4,0,0,0.5,,,99.9,0,0
713,2019-09-09 22:00,25.2,0,0,1,,,99.9,0,0
713,2019-09-09 23:00,25.2,0,0,0,,,99.9,0,0
713,2019-09-10 0:00,25,0,0,0,,,99.9,0,0
713,2019-09-10 1:00,24.8,0,0.3,0,,,99.9,0,0
713,2019-09-10 2:00,24.9,0,0,0,,,99.9,0,0
713,2019-09-10 3:00,24.6,0,0,0,,,99.9,0,0
713,2019-09-10 4:00,24.5,0,0.1,0,,,99.9,0,0
713,2019-09-10 5:00,24.2,0,0,0,,,99.9,0,0
713,2019-09-10 6:00,23.8,0,0,0,,,99.9,0,0
713,2019-09-10 7:00,23.8,0,0,0,,,99.9,0,0
713,2019-09-10 8:00,26.3,0,0,0,,,99.9,0,0
713,2019-09-10 9:00,27.2,145.3,1.1,0,,,81.9,0,0
713,2019-09-10 10:00,29.5,175.6,2.4,0,,,68,0,0
713,2019-09-10 11:00,29.2,186.1,1.9,0,,,67.8,0,0
713,2019-09-10 12:00,29.8,176.4,1.9,0,,,69.4,0,0
713,2019-09-10 13:00,30,158,1.8,0,,,65.7,0,0
713,2019-09-10 14:00,31.3,186.9,2.3,0,,,62.8,0,0
713,2019-09-10 15:00,30.3,161.9,2.1,0,,,60.2,0,0
713,2019-09-10 16:00,29.7,158.5,1.7,0,,,66.5,0,0
713,2019-09-10 17:00,28.8,150.2,2.1,0,,,74.8,0,0
713,2019-09-10 18:00,27.8,167.5,1.7,0,,,78.1,0,0
713,2019-09-10 19:00,26.8,148.3,1,0,,,82.2,0,0
713,2019-09-10 20:00,25.9,268.4,0.9,0,,,86.7,0,0
713,2019-09-10 21:00,25,293.4,0.7,0,,,91.4,0,0
713,2019-09-10 22:00,24.7,271.2,0.5,0,,,93.8,0,0
713,2019-09-10 23:00,24.5,276.6,0.8,0,,,94.4,0,0
713,2019-09-11 0:00,24.3,267.1,0.7,0,,,95.1,0,0
713,2019-09-11 1:00,24.2,288.2,0.6,0,,,96.7,0,0
713,2019-09-11 2:00,24.2,292.9,0.9,0,,,96.1,0,0
713,2019-09-11 3:00,23.8,300.5,0.6,0,,,97.2,0,0
713,2019-09-11 4:00,23.4,0,0.2,0,,,94.9,0,0
713,2019-09-11 5:00,23.7,277.5,0.5,0,,,93.4,0,0
713,2019-09-11 6:00,23.7,226.8,0.5,0,,,92,0,0
713,2019-09-11 7:00,23.6,0,0.1,0,,,96.3,0,0
713,2019-09-11 8:00,24.3,0,0,0,,,93.3,0,0
713,2019-09-11 9:00,25.8,339.2,0.5,0.5,,,84.7,0,0
713,2019-09-11 10:00,29.8,144.7,0.8,0,,,72.2,0,0
713,2019-09-11 11:00,29.1,174.6,1.9,0,,,73,0,0
713,2019-09-11 12:00,30.6,208.8,1.6,0,,,72,0,0
713,2019-09-11 13:00,29.7,194,0.9,0,,,71.3,0,0
713,2019-09-11 14:00,30.1,262.1,1,0,,,68.8,0,0
713,2019-09-11 15:00,30.2,155.2,1.3,0,,,73.2,0,0
713,2019-09-11 16:00,31.6,168.1,1.9,0,,,68.6,0,0
713,2019-09-11 17:00,30.1,159.3,2.5,0,,,71.9,0,0
713,2019-09-11 18:00,28.5,151.9,1.5,0,,,78.3,0,0
713,2019-09-11 19:00,27.2,151.6,1.6,0,,,83.7,0,0
713,2019-09-11 20:00,26.5,125.9,1.5,0,,,87.4,0,0
713,2019-09-11 21:00,26.1,110.1,1.4,0,,,85.1,0,0
713,2019-09-11 22:00,26,96,2.3,0,,,81.6,0,0
713,2019-09-11 23:00,25.2,60.8,0.9,0,,,83.4,0,0
713,2019-09-12 0:00,24.4,333.9,1.8,0,,,83.6,0,0
713,2019-09-12 1:00,22.5,339.3,0.6,1,,,95.8,0,0
713,2019-09-12 2:00,22.3,50.2,0.6,0.5,,,93.7,0,0
713,2019-09-12 3:00,22.1,8.7,0.7,0,,,95.9,0,0
713,2019-09-12 4:00,22.8,57.7,1.1,0,,,87.8,0,0
713,2019-09-12 5:00,23.1,52,1.2,0,,,82.8,0,0
713,2019-09-12 6:00,23.5,46.7,1.4,0,,,78.6,0,0
713,2019-09-12 7:00,23.8,46.6,1.4,0,,,76.2,0,0
713,2019-09-12 8:00,24.2,53.8,1.6,0,,,73.9,0,0
713,2019-09-12 9:00,24.9,15,1.5,0,,,71.8,0,0
713,2019-09-12 10:00,25.2,72.7,2,0,,,71.1,0,0
713,2019-09-12 11:00,24.5,43.1,1.6,0,,,73.7,0,0
713,2019-09-12 12:00,24.1,72.9,2.4,0,,,74.4,0,0
713,2019-09-12 13:00,23.6,35.5,1.3,0,,,74.7,0,0
713,2019-09-12 14:00,22.9,57.3,1.7,0,,,78,0,0
713,2019-09-12 15:00,22.3,58.5,1.2,0,,,80.2,0,0
713,2019-09-12 16:00,22.3,346.6,1.1,0,,,77,0,0
713,2019-09-12 17:00,22.2,5.1,1.6,0,,,70.8,0,0
713,2019-09-12 18:00,21.5,9.7,1.3,0,,,75.3,0,0
713,2019-09-12 19:00,21.8,16.8,1.7,0,,,70.9,0,0
713,2019-09-12 20:00,22,344.8,1,0,,,69,0,0
713,2019-09-12 21:00,21.9,338.6,0.7,0,,,71.1,0,0
713,2019-09-12 22:00,22,30.9,1,0,,,71.3,0,0
713,2019-09-12 23:00,22.3,31.4,1.1,0,,,60.4,0,0
713,2019-09-13 0:00,22.1,6.6,0.8,0,,,61.5,0,0
713,2019-09-13 1:00,22.2,27.7,0.8,0,,,61.7,0,0
713,2019-09-13 2:00,21.9,7.1,0.6,0,,,66.5,0,0
713,2019-09-13 3:00,20.7,314,0.9,0,,,83.4,0,0
713,2019-09-13 4:00,20.3,291.2,0.6,0,,,87.8,0,0
713,2019-09-13 5:00,20.1,279.1,0.6,0,,,87.2,0,0
713,2019-09-13 6:00,19.8,269.5,0.7,0,,,87.1,0,0
713,2019-09-13 7:00,19.5,295.3,0.8,0,,,89.8,0,0
713,2019-09-13 8:00,22.3,307,0.9,0,,,75.7,0,0
713,2019-09-13 9:00,25.6,98.2,1.6,0,,,56.4,0,0
713,2019-09-13 10:00,26.2,63.2,1.4,0,,,56.9,0,0
713,2019-09-13 11:00,27.3,97,2.5,0,,,52.8,0,0
713,2019-09-13 12:00,27.4,109.1,2.9,0,,,50.5,0,0
713,2019-09-13 13:00,28.4,94.7,2.8,0,,,49.8,0,0
713,2019-09-13 14:00,28.5,90.5,2.9,0,,,50.4,0,0
713,2019-09-13 15:00,28.5,92.4,3,0,,,51.9,0,0
713,2019-09-13 16:00,27.9,55.5,1.5,0,,,51.4,0,0
713,2019-09-13 17:00,27.4,51.1,1.2,0,,,53.8,0,0
713,2019-09-13 18:00,26.1,0.1,0.7,0,,,57.9,0,0
713,2019-09-13 19:00,24.7,356.1,0.7,0,,,66.5,0,0
713,2019-09-13 20:00,22.8,342,0.5,0,,,75.7,0,0
713,2019-09-13 21:00,21.8,292.3,1.4,0,,,82.9,0,0
713,2019-09-13 22:00,20.7,272.4,1.4,0,,,84.9,0,0
713,2019-09-13 23:00,20.2,312.1,1.2,0,,,89.2,0,0
713,2019-09-14 0:00,19.6,290.6,1.4,0,,,90,0,0
713,2019-09-14 1:00,19.3,286.5,1,0,,,90.6,0,0
713,2019-09-14 2:00,19,301.4,1.1,0,,,92.2,0,0
713,2019-09-14 3:00,18.4,303.7,0.8,0,,,95.1,0,0
713,2019-09-14 4:00,18,287.3,0.5,0,,,98.9,0,0
713,2019-09-14 5:00,17.7,313.1,0.7,0,,,99.5,0,0
713,2019-09-14 6:00,18.2,291.6,0.5,0,,,97,0,0
713,2019-09-14 7:00,18.8,317.9,0.7,0,,,96.4,0,0
713,2019-09-14 8:00,22.1,0,0.4,0,,,80.9,0,0
713,2019-09-14 9:00,24.7,195.3,0.6,0,,,73,0,0
713,2019-09-14 10:00,26.7,272.4,1.7,0,,,67.7,0,0
713,2019-09-14 11:00,28.1,235.6,1,0,,,61.5,0,0
713,2019-09-14 12:00,28.7,202.6,1.1,0,,,57,0,0
713,2019-09-14 13:00,28.9,85.4,1.2,0,,,57.1,0,0
713,2019-09-14 14:00,30.3,279.4,1.3,0,,,55.1,0,0
713,2019-09-14 15:00,31.1,218.1,2.1,0,,,54.9,0,0
713,2019-09-14 16:00,31.5,234.1,1.9,0,,,52.9,0,0
713,2019-09-14 17:00,29,200.3,2.7,0,,,64.6,0,0
713,2019-09-14 18:00,26.6,210.5,2.6,0,,,70.9,0,0
713,2019-09-14 19:00,25.1,230.2,1.7,0,,,77.8,0,0
713,2019-09-14 20:00,24.7,250.9,1,0,,,79.3,0,0
713,2019-09-14 21:00,23.6,286.5,0.5,0,,,85.9,0,0
713,2019-09-14 22:00,22.8,302.4,0.5,0,,,89.6,0,0
713,2019-09-14 23:00,22.8,0,0,0,,,91.2,0,0
713,2019-09-15 0:00,22.5,301.8,0.9,0,,,93.3,0,0
713,2019-09-15 1:00,21.9,296.2,0.7,0,,,95.9,0,0
713,2019-09-15 2:00,21.7,296.9,0.5,0,,,96.8,0,0
713,2019-09-15 3:00,21.6,293.9,1,0,,,97.1,0,0
713,2019-09-15 4:00,22,0,0.2,0,,,95,0,0
713,2019-09-15 5:00,22.2,0,0,0,,,94.4,0,0
713,2019-09-15 6:00,22.3,0,0.3,0,,,94,0,0
713,2019-09-15 7:00,22.5,314.3,0.9,0,,,92.7,0,0
713,2019-09-15 8:00,24.2,337.5,0.7,0,,,84.2,0,0
713,2019-09-15 9:00,27.2,247.7,0.8,0,,,74.8,0,0
713,2019-09-15 10:00,27.8,151.5,1.3,0,,,67.8,0,0
713,2019-09-15 11:00,28.8,83,1.7,0,,,62.9,0,0
713,2019-09-15 12:00,29.8,96.6,2.3,0,,,60.7,0,0
713,2019-09-15 13:00,30.6,111.8,1.8,0,,,62.1,0,0
713,2019-09-15 14:00,29.2,120.6,1.7,0,,,66.2,0,0
713,2019-09-15 15:00,28.8,167.7,2,0,,,64.5,0,0
713,2019-09-15 16:00,30.2,210.9,2.2,0,,,63.1,0,0
713,2019-09-15 17:00,28.6,208.1,2.4,0,,,64.9,0,0
713,2019-09-15 18:00,27.4,217.3,1.6,0,,,67.9,0,0
713,2019-09-15 19:00,26.2,226,1.4,0,,,73.9,0,0
713,2019-09-15 20:00,25.6,241.5,0.8,0,,,79,0,0
713,2019-09-15 21:00,24.6,0,0,0,,,85.2,0,0
713,2019-09-15 22:00,25,204.7,1.8,0,,,83.4,0,0
713,2019-09-15 23:00,24.5,177,0.7,0,,,84.4,0,0
713,2019-09-16 0:00,24.2,192.4,1.1,0,,,87.1,0,0
713,2019-09-16 1:00,23.9,323.3,0.5,0,,,89.7,0,0
713,2019-09-16 2:00,23.2,320.4,0.9,0,,,94,0,0
713,2019-09-16 3:00,23,0,0.3,0,,,95.9,0,0
713,2019-09-16 4:00,23,0,0.2,0,,,94.9,0,0
713,2019-09-16 5:00,23,0,0.4,0,,,93.3,0,0
713,2019-09-16 6:00,22.5,0,0,0,,,94.4,0,0
713,2019-09-16 7:00,22.4,315,0.6,0,,,95.3,0,0
713,2019-09-16 8:00,24.8,0,0.1,0,,,83.4,0,0
713,2019-09-16 9:00,24.6,135.6,0.8,0,,,79.5,0,0
713,2019-09-16 10:00,27.3,138.9,1.3,0,,,72.3,0,0
713,2019-09-16 11:00,28.1,155.1,2,0,,,66.1,0,0
713,2019-09-16 12:00,29.2,153.8,1.8,0,,,63.3,0,0
713,2019-09-16 13:00,29.9,177.1,2.9,0,,,60.2,0,0
713,2019-09-16 14:00,29.8,225.3,1,0,,,59.6,0,0
713,2019-09-16 15:00,28.8,160.6,1.7,0,,,61,0,0
713,2019-09-16 16:00,27.6,81.9,1.5,0,,,64.6,0,0
713,2019-09-16 17:00,28.2,163.5,1.2,0,,,63.7,0,0
713,2019-09-16 18:00,25.8,183.3,2.1,0,,,76.6,0,0
713,2019-09-16 19:00,24.5,146.6,1.3,0,,,79.4,0,0
713,2019-09-16 20:00,23.6,0,0.4,0,,,85.2,0,0
713,2019-09-16 21:00,22.3,0,0.3,0,,,92,0,0
713,2019-09-16 22:00,21.9,289,0.5,0,,,94,0,0
713,2019-09-16 23:00,21.4,338.9,0.5,0,,,96.7,0,0
713,2019-09-17 0:00,21.1,300,0.5,0,,,91.1,0,0
713,2019-09-17 1:00,20.2,0,0.1,0,,,85.6,0,0
713,2019-09-17 2:00,19.2,304.9,1.1,0,,,93.6,0,0
713,2019-09-17 3:00,18,304.5,0.9,0,,,95.4,0,0
713,2019-09-17 4:00,17.1,0,0.4,0,,,97.2,0,0
713,2019-09-17 5:00,16.3,308.4,0.5,0,,,96.6,0,0
713,2019-09-17 6:00,15.4,0,0.3,0,,,94.9,0,0
713,2019-09-17 7:00,16.1,277.4,0.5,0,,,88.1,0,0
713,2019-09-17 8:00,20.2,305.6,0.7,0,,,71.5,0,0
713,2019-09-17 9:00,23.4,282.2,0.8,0,,,67.6,0,0
713,2019-09-17 10:00,26.4,76.1,1.9,0,,,46.7,0,0
713,2019-09-17 11:00,27.1,62.3,2,0,,,42.8,0,0
713,2019-09-17 12:00,28.1,92.2,2.4,0,,,38.8,0,0
713,2019-09-17 13:00,27.9,75,3,0,,,41.4,0,0
713,2019-09-17 14:00,29.3,59.9,1.5,0,,,41.4,0,0
713,2019-09-17 15:00,28.6,107.6,3.3,0,,,44,0,0
713,2019-09-17 16:00,28.6,79.2,2.3,0,,,42.5,0,0
713,2019-09-17 17:00,28.1,72.2,1.7,0,,,46.5,0,0
713,2019-09-17 18:00,25.7,20.9,0.7,0,,,54.7,0,0
713,2019-09-17 19:00,23.6,291.9,1.3,0,,,68.8,0,0
713,2019-09-17 20:00,21.8,311.3,1.2,0,,,77.6,0,0
713,2019-09-17 21:00,20.5,321.5,0.7,0,,,81.6,0,0
713,2019-09-17 22:00,19.6,277.2,0.9,0,,,84.4,0,0
713,2019-09-17 23:00,18.7,0,0.3,0,,,89.7,0,0
713,2019-09-18 0:00,18.3,289.8,0.9,0,,,88.3,0,0
713,2019-09-18 1:00,17.7,305.8,1.3,0,,,88.6,0,0
713,2019-09-18 2:00,17.1,320.6,0.5,0,,,88.9,0,0
713,2019-09-18 3:00,16.8,0,0.2,0,,,84.3,0,0
713,2019-09-18 4:00,17.6,301,0.6,0,,,86.9,0,0
713,2019-09-18 5:00,17.5,306.7,0.7,0,,,89.6,0,0
713,2019-09-18 6:00,17.6,317.8,0.8,0,,,92.3,0,0
713,2019-09-18 7:00,18,0,0.2,0,,,90.7,0,0
713,2019-09-18 8:00,19.2,0,0.1,0,,,81.8,0,0
713,2019-09-18 9:00,23.1,108.5,0.7,0,,,68.3,0,0
713,2019-09-18 10:00,24.6,0,0.1,0,,,59.9,0,0
713,2019-09-18 11:00,27.5,131.9,1.3,0,,,52.8,0,0
713,2019-09-18 12:00,29.1,270.6,2.5,0,,,42.7,0,0
713,2019-09-18 13:00,29.7,291.8,3.1,0,,,38.9,0,0
713,2019-09-18 14:00,30.6,278,2.5,0,,,34.9,0,0
713,2019-09-18 15:00,30.6,288.3,2.8,0,,,33.1,0,0
713,2019-09-18 16:00,30.2,292,2.3,0,,,37,0,0
713,2019-09-18 17:00,28.7,296.6,2.9,0,,,39.8,0,0
713,2019-09-18 18:00,26.6,312.7,1.1,0,,,41.6,0,0
713,2019-09-18 19:00,24.1,353.9,0.8,0,,,57.1,0,0
713,2019-09-18 20:00,23,286,1.1,0,,,67.8,0,0
713,2019-09-18 21:00,21.6,344.4,0.7,0,,,74.3,0,0
713,2019-09-18 22:00,20.7,276.5,0.9,0,,,73.7,0,0
713,2019-09-18 23:00,19.1,31.5,0.9,0,,,81,0,0
713,2019-09-19 0:00,18.1,284.1,1.3,0,,,80.9,0,0
713,2019-09-19 1:00,17.2,279.5,0.9,0,,,81.6,0,0
713,2019-09-19 2:00,16.3,281.6,0.5,0,,,88.7,0,0
713,2019-09-19 3:00,15.5,302.2,0.8,0,,,88.8,0,0
713,2019-09-19 4:00,16,336.9,1.3,0,,,85.5,0,0
713,2019-09-19 5:00,15.2,288.4,0.8,0,,,88.9,0,0
713,2019-09-19 6:00,15.6,307.8,1.1,0,,,84.8,0,0
713,2019-09-19 7:00,16,305.7,1.5,0,,,82.8,0,0
713,2019-09-19 8:00,20.7,298.3,1.1,0,,,73.7,0,0
713,2019-09-19 9:00,24.4,4.1,0.8,0,,,61.5,0,0
713,2019-09-19 10:00,24.3,82.7,3,0,,,58.1,0,0
713,2019-09-19 11:00,25.1,70.6,3.2,0,,,52.5,0,0
713,2019-09-19 12:00,26.3,100.5,2.5,0,,,51,0,0
713,2019-09-19 13:00,26.5,92.2,3.1,0,,,50.5,0,0
713,2019-09-19 14:00,25.5,89.3,1.9,0,,,50.3,0,0
713,2019-09-19 15:00,25.6,74.9,1.4,0,,,51.9,0,0
713,2019-09-19 16:00,25.6,87.5,2.3,0,,,50.6,0,0
713,2019-09-19 17:00,25.7,100.5,1.9,0,,,50.3,0,0
713,2019-09-19 18:00,24.1,39.2,0.5,0,,,56.4,0,0
713,2019-09-19 19:00,22,284,0.8,0,,,71.6,0,0
713,2019-09-19 20:00,20.2,286.3,0.9,0,,,78.3,0,0
713,2019-09-19 21:00,19.4,294.9,1.1,0,,,80.3,0,0
713,2019-09-19 22:00,17.9,257.3,0.8,0,,,87.4,0,0
713,2019-09-19 23:00,17.1,283.5,0.8,0,,,89.8,0,0
713,2019-09-20 0:00,16.7,319.6,0.6,0,,,91.6,0,0
713,2019-09-20 1:00,16.9,289.4,0.7,0,,,90.2,0,0
713,2019-09-20 2:00,15.9,294.3,0.7,0,,,94.2,0,0
713,2019-09-20 3:00,15.6,306.1,0.8,0,,,96.9,0,0
713,2019-09-20 4:00,15.4,294.6,0.5,0,,,98.2,0,0
713,2019-09-20 5:00,15.4,280.4,0.5,0,,,96.7,0,0
713,2019-09-20 6:00,15.9,286.5,0.6,0,,,97.3,0,0
713,2019-09-20 7:00,16.9,318.8,0.9,0,,,93.7,0,0
713,2019-09-20 8:00,18,0,0.3,0,,,91,0,0
713,2019-09-20 9:00,22,156.9,1.2,0,,,72.1,0,0
713,2019-09-20 10:00,23.8,94.7,2.1,0,,,53.2,0,0
713,2019-09-20 11:00,24.5,63.1,2.3,0,,,47.1,0,0
713,2019-09-20 12:00,25.8,68.3,1.9,0,,,45.4,0,0
713,2019-09-20 13:00,26,71.9,2.2,0,,,50,0,0
713,2019-09-20 14:00,25,59.7,2.2,0,,,51.6,0,0
713,2019-09-20 15:00,26.2,38.9,1.6,0,,,50.4,0,0
713,2019-09-20 16:00,25.4,35.1,1.8,0,,,54.5,0,0
713,2019-09-20 17:00,24.4,44.8,1.7,0,,,56.5,0,0
713,2019-09-20 18:00,23.7,35,1.5,0,,,57.5,0,0
713,2019-09-20 19:00,23.2,45.6,1.8,0,,,56.4,0,0
713,2019-09-20 20:00,22.7,51.7,1.6,0,,,56.7,0,0
713,2019-09-20 21:00,21.8,40.4,1.4,0,,,59.3,0,0
713,2019-09-20 22:00,21.4,13.5,1,0,,,61.3,0,0
713,2019-09-20 23:00,21.4,51.1,1.2,0,,,61.3,0,0
713,2019-09-21 0:00,21.5,50.7,0.8,0,,,62.8,0,0
713,2019-09-21 1:00,21.6,68.5,0.8,0,,,64.8,0,0
713,2019-09-21 2:00,21.2,65,0.9,0,,,70.6,0,0
713,2019-09-21 3:00,19.2,166.6,0.7,0,,,86.1,0,0
713,2019-09-21 4:00,18.7,143.1,1.4,1,,,92.3,0,0
713,2019-09-21 5:00,18.5,69.7,1.7,0.5,,,94,0,0
713,2019-09-21 6:00,18.1,66.9,0.7,1,,,98.4,0,0
713,2019-09-21 7:00,18.7,330.6,1.2,0.5,,,94.6,0,0
713,2019-09-21 8:00,18.7,268.8,0.7,0,,,96.5,0,0
713,2019-09-21 9:00,19.2,54.8,1.7,0.5,,,91.2,0,0
713,2019-09-21 10:00,19.4,28.3,1.5,0,,,89.2,0,0
713,2019-09-21 11:00,20,70.7,2.6,0,,,82.9,0,0
713,2019-09-21 12:00,20.2,20.9,2.3,0.5,,,80.6,0,0
713,2019-09-21 13:00,19,56,2.4,1,,,86.9,0,0
713,2019-09-21 14:00,18.1,0,0.4,4,,,98.1,0,0
713,2019-09-21 15:00,18.2,41.5,1.6,5.5,,,96.8,0,0
713,2019-09-21 16:00,17.9,0,0.4,4.5,,,99.9,0,0
713,2019-09-21 17:00,17.9,348.7,1,2.5,,,98.4,0,0
713,2019-09-21 18:00,18,59.6,1.3,2,,,95.4,0,0
713,2019-09-21 19:00,17.8,69,1.7,4,,,96.4,0,0
713,2019-09-21 20:00,18,239.9,1.6,2,,,92.9,0,0
713,2019-09-21 21:00,18.1,24.2,1.3,5,,,94.4,0,0
713,2019-09-21 22:00,18.2,1.9,1.2,1,,,93.1,0,0
713,2019-09-21 23:00,18.5,53,1.8,2,,,91.5,0,0
713,2019-09-22 0:00,18.6,9.6,1.9,1,,,89.2,0,0
713,2019-09-22 1:00,18.2,29.2,2.1,2,,,91.3,0,0
713,2019-09-22 2:00,18.4,27.1,2,1,,,90.1,0,0
713,2019-09-22 3:00,18,25.2,1.7,1.5,,,91.5,0,0
713,2019-09-22 4:00,18.2,2.9,2.5,3,,,92.4,0,0
713,2019-09-22 5:00,18.3,32,1.9,5,,,94.6,0,0
713,2019-09-22 6:00,18.8,354.2,2.8,6.5,,,90.5,0,0
713,2019-09-22 7:00,18.5,353.6,3.4,4,,,92.3,0,0
713,2019-09-22 8:00,18.4,3.3,2.6,5,,,93.5,0,0
713,2019-09-22 9:00,18.7,42.6,2.5,3.5,,,92.6,0,0
713,2019-09-22 10:00,19.5,0,3.4,3.5,,,88.3,0,0
713,2019-09-22 11:00,19.6,13.2,2.8,2.5,,,89.1,0,0
713,2019-09-22 12:00,20,16.3,3.3,2,,,84.2,0,0
713,2019-09-22 13:00,19.7,16.1,3.5,2.5,,,85.9,0,0
713,2019-09-22 14:00,20.7,9.5,4,0.5,,,76.9,0,0
713,2019-09-22 15:00,21,1.7,3.2,0,,,74.2,0,0
713,2019-09-22 16:00,20.5,359,4.9,1.5,,,77.2,0,0
713,2019-09-22 17:00,19.4,352.6,5.2,3,,,83.6,0,0
713,2019-09-22 18:00,20.5,1.4,4.6,1.5,,,72.9,0,0
713,2019-09-22 19:00,21.4,349.7,3.7,0.5,,,67.3,0,0
713,2019-09-22 20:00,23,335.5,3.4,0,,,59.5,0,0
713,2019-09-22 21:00,23,354.8,3.1,0,,,60.5,0,0
713,2019-09-22 22:00,23.9,6.7,2.2,0,,,56,0,0
713,2019-09-22 23:00,21,288.1,1.3,0,,,69.6,0,0
713,2019-09-23 0:00,21,277.2,1.9,0,,,68.7,0,0
713,2019-09-23 1:00,20.4,271.2,2.2,0,,,70.2,0,0
713,2019-09-23 2:00,19.8,276.6,1.1,0,,,73.2,0,0
713,2019-09-23 3:00,19.4,303,0.8,0,,,74.7,0,0
713,2019-09-23 4:00,18.7,300.2,0.8,0,,,79,0,0
713,2019-09-23 5:00,17.1,0,0.3,0,,,95.4,0,0
713,2019-09-23 6:00,16.9,312.3,0.8,0,,,98.9,0,0
713,2019-09-23 7:00,17.3,311.5,1,0,,,94.8,0,0
713,2019-09-23 8:00,18.2,0,0.4,0,,,87.9,0,0
713,2019-09-23 9:00,19.1,278.4,0.6,0.5,,,81.9,0,0
713,2019-09-23 10:00,19.1,214.1,0.6,0,,,84.8,0,0
713,2019-09-23 11:00,19,0,0.3,0,,,88.5,0,0
713,2019-09-23 12:00,20.5,134.7,1.2,0,,,81.6,0,0
713,2019-09-23 13:00,22,149.5,1.2,0,,,78.4,0,0
713,2019-09-23 14:00,21.8,176.3,1.4,0,,,76.8,0,0
713,2019-09-23 15:00,22.6,154,1,0,,,74.5,0,0
713,2019-09-23 16:00,21.8,211.4,1.3,0,,,74.6,0,0
713,2019-09-23 17:00,21.2,82.2,1.8,0,,,79.9,0,0
713,2019-09-23 18:00,20.4,91.7,1.4,0,,,83.7,0,0
713,2019-09-23 19:00,20,107.2,1.1,0,,,87,0,0
713,2019-09-23 20:00,19.5,105.2,1.1,0,,,89.8,0,0
713,2019-09-23 21:00,19,0,0,0,,,93.6,0,0
713,2019-09-23 22:00,17.8,0,0.2,0,,,99.9,0,0
713,2019-09-23 23:00,17.7,300.7,0.9,0,,,99.9,0,0
713,2019-09-24 0:00,16.9,284.4,0.8,0,,,99.9,0,0
713,2019-09-24 1:00,16,302.9,0.9,0,,,99.9,0,0
713,2019-09-24 2:00,15.4,300.7,0.7,0,,,99.9,0,0
713,2019-09-24 3:00,14.7,304.7,0.7,0,,,99.9,0,0
713,2019-09-24 4:00,14.3,310.9,0.6,0,,,99.9,0,0
713,2019-09-24 5:00,13.4,0,0,0,,,99.9,0,0
713,2019-09-24 6:00,13.3,0,0,0,,,99.9,0,0
713,2019-09-24 7:00,13.6,0,0.3,0,,,99.9,0,0
713,2019-09-24 8:00,17.6,0,0.3,0,,,99.4,0,0
713,2019-09-24 9:00,19.8,0,0.4,0,,,80.8,0,0
713,2019-09-24 10:00,21.9,151.4,1.3,0,,,67.4,0,0
713,2019-09-24 11:00,24,155.4,1.7,0,,,61.2,0,0
713,2019-09-24 12:00,24.9,49.6,0.9,0,,,54.9,0,0
713,2019-09-24 13:00,24.9,245.8,1.1,0,,,52.1,0,0
713,2019-09-24 14:00,25.9,211.5,1.7,0,,,50.2,0,0
713,2019-09-24 15:00,26.2,263.2,1.2,0,,,46.4,0,0
713,2019-09-24 16:00,26.1,260.6,1.1,0,,,47.1,0,0
713,2019-09-24 17:00,24.7,179.2,1.9,0,,,58,0,0
713,2019-09-24 18:00,21.9,0,0.4,0,,,68.1,0,0
713,2019-09-24 19:00,19.9,279,1.1,0,,,80.6,0,0
713,2019-09-24 20:00,18.4,298.3,0.9,0,,,85.7,0,0
713,2019-09-24 21:00,17.5,294.4,1,0,,,90,0,0
713,2019-09-24 22:00,16.8,315.5,0.9,0,,,92.1,0,0
713,2019-09-24 23:00,15.8,305.3,0.9,0,,,96.7,0,0
713,2019-09-25 0:00,15.2,301.5,0.5,0,,,98.8,0,0
713,2019-09-25 1:00,14.7,0,0.1,0,,,99.8,0,0
713,2019-09-25 2:00,14.5,300.7,1,0,,,99.9,0,0
713,2019-09-25 3:00,13.7,0,0.4,0,,,99.9,0,0
713,2019-09-25 4:00,13.5,293.3,0.8,0,,,99.9,0,0
713,2019-09-25 5:00,13,0,0,0,,,99.9,0,0
713,2019-09-25 6:00,13.4,300.9,1.1,0,,,99.9,0,0
713,2019-09-25 7:00,14,0,0.2,0,,,99.9,0,0
713,2019-09-25 8:00,17.1,0,0,0,,,86.4,0,0
713,2019-09-25 9:00,19.1,312.9,0.8,0,,,78,0,0
713,2019-09-25 10:00,22.8,143.9,0.5,0,,,63.8,0,0
713,2019-09-25 11:00,24.7,124.9,2,0,,,57.7,0,0
713,2019-09-25 12:00,25.3,107.4,2.4,0,,,50,0,0
713,2019-09-25 13:00,25.8,146.7,1.8,0,,,50.9,0,0
713,2019-09-25 14:00,25.8,99.6,2.1,0,,,47.6,0,0
713,2019-09-25 15:00,25.3,100.6,1.3,0,,,47.5,0,0
713,2019-09-25 16:00,25.7,92.1,2.3,0,,,49.6,0,0
713,2019-09-25 17:00,24.2,96.1,1.7,0,,,54.4,0,0
713,2019-09-25 18:00,22.9,47.3,0.6,0,,,62.1,0,0
713,2019-09-25 19:00,20.3,286.6,0.6,0,,,80.5,0,0
713,2019-09-25 20:00,19.1,272.5,1.2,0,,,84.8,0,0
713,2019-09-25 21:00,18.5,283.9,0.7,0,,,87.2,0,0
713,2019-09-25 22:00,17.5,281.6,0.5,0,,,90.7,0,0
713,2019-09-25 23:00,16.5,283.4,0.7,0,,,94.8,0,0
713,2019-09-26 0:00,16.4,300.2,1,0,,,95.2,0,0
713,2019-09-26 1:00,17,302.1,0.9,0,,,90.9,0,0
713,2019-09-26 2:00,17,278.7,1.2,0,,,91.1,0,0
713,2019-09-26 3:00,16.9,283.9,0.5,0,,,89.8,0,0
713,2019-09-26 4:00,17.3,311,0.6,0,,,88.7,0,0
713,2019-09-26 5:00,18.5,0,0.4,0,,,80,0,0
713,2019-09-26 6:00,17.5,301.7,0.7,0,,,86.7,0,0
713,2019-09-26 7:00,17.4,272.4,0.9,0,,,88.9,0,0
713,2019-09-26 8:00,20.4,301.8,1,0,,,79.9,0,0
713,2019-09-26 9:00,24.1,211.5,0.8,0,,,68.9,0,0
713,2019-09-26 10:00,25.5,91.2,1.5,0,,,60.7,0,0
713,2019-09-26 11:00,26.5,83.4,1.8,0,,,58.9,0,0
713,2019-09-26 12:00,27.5,76.5,2.5,0,,,55.5,0,0
713,2019-09-26 13:00,28,92.6,2.4,0,,,53.2,0,0
713,2019-09-26 14:00,28.2,99.3,3.1,0,,,55.8,0,0
713,2019-09-26 15:00,27.9,94.1,2.6,0,,,54.6,0,0
713,2019-09-26 16:00,27.2,81.4,2.5,0,,,55.4,0,0
713,2019-09-26 17:00,26.4,98.5,1.6,0,,,61,0,0
713,2019-09-26 18:00,25.2,98.4,1.3,0,,,65.2,0,0
713,2019-09-26 19:00,24.9,77,1.6,0,,,68.3,0,0
713,2019-09-26 20:00,22.5,286.8,0.9,0,,,81.5,0,0
713,2019-09-26 21:00,21.1,260.1,0.8,0,,,87.7,0,0
713,2019-09-26 22:00,20.4,299.6,0.7,0,,,91.1,0,0
713,2019-09-26 23:00,19.9,293.5,0.7,0,,,92.4,0,0
713,2019-09-27 0:00,19.9,298.3,1.1,0,,,92,0,0
713,2019-09-27 1:00,19.3,305.4,0.7,0,,,95.3,0,0
713,2019-09-27 2:00,19.3,291.4,0.7,0,,,92.5,0,0
713,2019-09-27 3:00,18.9,304.1,1.1,0,,,94.9,0,0
713,2019-09-27 4:00,18.9,293.8,1.1,0,,,90.7,0,0
713,2019-09-27 5:00,18.6,305.6,1.2,0,,,94.6,0,0
713,2019-09-27 6:00,18.5,273.5,1.1,0,,,92.7,0,0
713,2019-09-27 7:00,18.9,283.8,1.2,0,,,92,0,0
713,2019-09-27 8:00,20.7,297.9,0.8,0,,,83.5,0,0
713,2019-09-27 9:00,23.1,0,0.4,0,,,74,0,0
713,2019-09-27 10:00,25.8,118.9,0.9,0,,,59.4,0,0
713,2019-09-27 11:00,26.4,92,1.8,0,,,60.6,0,0
713,2019-09-27 12:00,26.6,96.4,2.5,0,,,59.6,0,0
713,2019-09-27 13:00,26.9,101.9,2.1,0,,,62.5,0,0
713,2019-09-27 14:00,28.1,118.2,2.3,0,,,59.3,0,0
713,2019-09-27 15:00,27.4,89.1,2.6,0,,,62,0,0
713,2019-09-27 16:00,26.2,85.8,2.1,0,,,67.5,0,0
713,2019-09-27 17:00,23.8,112.9,1.6,0,,,84.6,0,0
713,2019-09-27 18:00,22.3,0,0.4,3,,,99.9,0,0
713,2019-09-27 19:00,22,186.4,0.5,0.5,,,99.9,0,0
713,2019-09-27 20:00,21.9,0,0.4,1,,,99.9,0,0
713,2019-09-27 21:00,21.9,0,0.1,0.5,,,99.9,0,0
713,2019-09-27 22:00,21.6,174.7,0.6,2.5,,,99.9,0,0
713,2019-09-27 23:00,21.7,0,0,1,,,99.9,0,0
713,2019-09-28 0:00,21.3,0,0.1,0,,,99.9,0,0
713,2019-09-28 1:00,21.2,0,0.1,0,,,99.9,0,0
713,2019-09-28 2:00,21.4,0,0.3,0,,,99.9,0,0
713,2019-09-28 3:00,21.3,0,0.4,0,,,99.9,0,0
713,2019-09-28 4:00,21.4,313.6,0.6,0.5,,,99.9,0,0
713,2019-09-28 5:00,21.4,0,0.1,0,,,99.9,0,0
713,2019-09-28 6:00,21.3,0,0,0,,,99.9,0,0
713,2019-09-28 7:00,21.5,0,0,0,,,99.9,0,0
713,2019-09-28 8:00,21.9,311.3,0.6,0,,,99.9,0,0
713,2019-09-28 9:00,22.6,0,0.3,0,,,99.9,0,0
713,2019-09-28 10:00,24.9,185.4,0.8,0,,,86.6,0,0
713,2019-09-28 11:00,26,166.3,1.8,0,,,83.5,0,0
713,2019-09-28 12:00,27.9,188.5,1.2,0,,,71.9,0,0
713,2019-09-28 13:00,27.6,145,1.6,0,,,76.5,0,0
713,2019-09-28 14:00,27.3,169.6,1.6,0,,,78,0,0
713,2019-09-28 15:00,27,140.9,1.6,0,,,77.2,0,0
713,2019-09-28 16:00,27,178.4,2,0,,,78.3,0,0
713,2019-09-28 17:00,25.7,164.7,2.4,0,,,84.5,0,0
713,2019-09-28 18:00,24.9,157.9,1.6,0,,,88.3,0,0
713,2019-09-28 19:00,24.4,0,0.4,0,,,91.1,0,0
713,2019-09-28 20:00,24.2,0,0.3,0,,,92.3,0,0
713,2019-09-28 21:00,24,195,0.8,0,,,92.7,0,0
713,2019-09-28 22:00,24,0,0.1,0,,,93.4,0,0
713,2019-09-28 23:00,23.8,0,0.1,0,,,95.4,0,0
713,2019-09-29 0:00,23.1,0,0,0,,,99.9,0,0
713,2019-09-29 1:00,23,0,0.1,0,,,99.9,0,0
713,2019-09-29 2:00,23,0,0.3,0,,,99.9,0,0
713,2019-09-29 3:00,22.9,0,0,0,,,99.9,0,0
713,2019-09-29 4:00,22.6,0,0.1,0,,,99.9,0,0
713,2019-09-29 5:00,22.3,0,0.1,0,,,99.9,0,0
713,2019-09-29 6:00,22.4,0,0.2,0,,,99.9,0,0
713,2019-09-29 7:00,22.7,260.1,0.7,0,,,99.9,0,0
713,2019-09-29 8:00,23.2,0,0,0,,,96.5,0,0
713,2019-09-29 9:00,25,0,0.2,0,,,87.5,0,0
713,2019-09-29 10:00,27.7,197.8,0.9,0,,,75.4,0,0
713,2019-09-29 11:00,28.8,124.5,1.3,0,,,67.7,0,0
713,2019-09-29 12:00,29.5,209.1,1.1,0,,,64.4,0,0
713,2019-09-29 13:00,29.6,262.2,1.7,0,,,61.9,0,0
713,2019-09-29 14:00,30.5,268.4,2.2,0,,,55.4,0,0
713,2019-09-29 15:00,30.9,310.4,2.2,0,,,52.9,0,0
713,2019-09-29 16:00,29.1,212.5,2.3,0,,,66,0,0
713,2019-09-29 17:00,27.8,216.2,2.7,0,,,71.6,0,0
713,2019-09-29 18:00,26.1,225.5,1.8,0,,,79.2,0,0
713,2019-09-29 19:00,24.8,0,0.4,0,,,86.7,0,0
713,2019-09-29 20:00,24.9,0,0.4,0,,,88,0,0
713,2019-09-29 21:00,23.7,299.7,0.7,0,,,91,0,0
713,2019-09-29 22:00,22.8,278.8,0.6,0,,,93.3,0,0
713,2019-09-29 23:00,22.1,0,0.2,0,,,97.5,0,0
713,2019-09-30 0:00,22.6,311.2,0.7,0,,,95,0,0
713,2019-09-30 1:00,22.6,319.7,0.6,0,,,91.7,0,0
713,2019-09-30 2:00,22.5,0,0.2,0,,,92.7,0,0
713,2019-09-30 3:00,22.4,316.3,0.7,0,,,93.7,0,0
713,2019-09-30 4:00,22.3,0,0.2,0,,,92.8,0,0
713,2019-09-30 5:00,22.2,0,0.2,0,,,92.6,0,0
713,2019-09-30 6:00,22,0,0.2,0,,,92.1,0,0
713,2019-09-30 7:00,22.2,0,0.3,0,,,91.8,0,0
713,2019-09-30 8:00,23.3,0,0.1,0,,,88.7,0,0
713,2019-09-30 9:00,24.5,101.9,0.8,0,,,81.1,0,0
713,2019-09-30 10:00,25.8,139.2,1.2,0,,,75.8,0,0
713,2019-09-30 11:00,27.2,127.8,1.2,0,,,70.4,0,0
713,2019-09-30 12:00,27.2,177.3,1.3,0,,,74.9,0,0
713,2019-09-30 13:00,26.7,85.1,1.9,0,,,75.5,0,0
713,2019-09-30 14:00,26.4,133.1,0.9,0,,,78,0,0
713,2019-09-30 15:00,26.5,57.6,0.7,0,,,78.6,0,0
713,2019-09-30 16:00,27.3,337.2,0.5,0,,,75.7,0,0
713,2019-09-30 17:00,27.3,0,0.4,0,,,73.4,0,0
713,2019-09-30 18:00,25.6,217.2,2.1,0,,,81.9,0,0
713,2019-09-30 19:00,24.5,337,0.6,0,,,86.9,0,0
713,2019-09-30 20:00,24.3,210.6,0.7,0,,,92.1,0,0
713,2019-09-30 21:00,23.7,0,0.1,0,,,92.7,0,0
713,2019-09-30 22:00,23.8,289.7,0.6,0,,,92.8,0,0
713,2019-09-30 23:00,23.3,0,0.3,0,,,95.4,0,0
713,2019-10-01 0:00,23.2,0,0.2,0,,,95.1,0,0
713,2019-10-01 1:00,22.1,0,0,0,,,99.5,0,0
713,2019-10-01 2:00,22.3,0,0.4,0,,,99.9,0,0
713,2019-10-01 3:00,22.4,0,0.3,0,,,98.1,0,0
713,2019-10-01 4:00,22.3,0,0.1,0,,,99,0,0
713,2019-10-01 5:00,22.5,319.6,0.5,0,,,99,0,0
713,2019-10-01 6:00,21.9,0,0,1,,,99.9,0,0
713,2019-10-01 7:00,22,255.4,0.7,4.5,,,99.9,0,0
713,2019-10-01 8:00,22.1,0,0.2,1.5,,,99.9,0,0
713,2019-10-01 9:00,20.2,,0.2,2.5,,,99.9,0,0
713,2019-10-01 10:00,20.9,0,0,4.5,,,99.9,0,0
713,2019-10-01 11:00,22.1,0,0.1,1.5,,,99.9,0,0
713,2019-10-01 12:00,22.7,212.8,1.4,0.5,,,99.9,0,0
713,2019-10-01 13:00,22.8,172.4,1.4,0,,,99.9,0,0
713,2019-10-01 14:00,22.4,0,0.2,3,,,99.9,0,0
713,2019-10-01 15:00,22,358.7,1.1,1.5,,,99.9,0,0
713,2019-10-01 16:00,22,236.6,0.5,1,,,99.9,0,0
713,2019-10-01 17:00,22,326.7,0.5,0.5,,,99.9,0,0
713,2019-10-01 18:00,21.7,314.9,0.6,0.5,,,99.9,0,0
713,2019-10-01 19:00,20.6,315.3,1.3,0.5,,,99.9,0,0
713,2019-10-01 20:00,19.6,0,0.3,0,,,99.9,0,0
713,2019-10-01 21:00,19.6,337.7,1.2,0,,,99.9,0,0
713,2019-10-01 22:00,19.4,291.4,0.6,0,,,99.9,0,0
713,2019-10-01 23:00,19.4,0,0.2,0.5,,,99.9,0,0
713,2019-10-02 0:00,19.3,280.3,0.6,0.5,,,99.9,0,0
713,2019-10-02 1:00,19.4,260.9,0.8,0.5,,,99.9,0,0
713,2019-10-02 2:00,19.4,312.5,1.1,0.5,,,99.9,0,0
713,2019-10-02 3:00,19.5,298.5,1.4,0,,,99.9,0,0
713,2019-10-02 4:00,19.5,289.6,1.4,1,,,99.9,0,0
713,2019-10-02 5:00,19.6,193.5,0.5,2.5,,,99.9,0,0
713,2019-10-02 6:00,19.6,338.1,1.3,8,,,99.9,0,0
713,2019-10-02 7:00,20.4,5,1.3,4.5,,,99.9,0,0
713,2019-10-02 8:00,20.5,331.1,1.1,6.5,,,99.9,0,0
713,2019-10-02 9:00,21,52.4,1,7,,,99.9,0,0
713,2019-10-02 10:00,21.7,72.6,2.9,6.5,,,99.5,0,0
713,2019-10-02 11:00,21.9,71.8,2.9,6.5,,,98.5,0,0
713,2019-10-02 12:00,21.9,61.1,2.8,6,,,99.4,0,0
713,2019-10-02 13:00,21.6,80.3,3.1,15.5,,,99.9,0,0
713,2019-10-02 14:00,22.3,68.4,1.9,16,,,99.9,0,0
713,2019-10-02 15:00,23.4,89.5,2.1,2,,,99.9,0,0
713,2019-10-02 16:00,23.1,76,2.1,3,,,99.9,0,0
713,2019-10-02 17:00,23.3,76,2.6,10,,,99.9,0,0
713,2019-10-02 18:00,23.8,83.5,2.8,2,,,99.6,0,0
713,2019-10-02 19:00,23.5,88.9,3.2,3.5,,,99.1,0,0
713,2019-10-02 20:00,23.7,117.7,2.3,6,,,99.9,0,0
713,2019-10-02 21:00,23.3,122,2.5,6.5,,,99.9,0,0
713,2019-10-02 22:00,23.8,127.5,3.6,3,,,99.5,0,0
713,2019-10-02 23:00,23.8,116.6,4.6,1,,,95.7,0,0
713,2019-10-03 0:00,23.3,133.4,4.4,1,,,99.9,0,0
713,2019-10-03 1:00,23.1,174.6,3.1,4,,,99.9,0,0
713,2019-10-03 2:00,23.1,191.5,4.3,0.5,,,99.9,0,0
713,2019-10-03 3:00,22.9,186.1,2.3,1,,,99.9,0,0
713,2019-10-03 4:00,22.5,222.9,1.4,1,,,99.9,0,0
713,2019-10-03 5:00,22.2,235,2.8,0,,,93.2,0,0
713,2019-10-03 6:00,21.9,262,2.5,0,,,92,0,0
713,2019-10-03 7:00,21.9,247.8,1.9,0,,,91.1,0,0
713,2019-10-03 8:00,22.6,265.9,3.4,0,,,85.6,0,0
713,2019-10-03 9:00,23.7,276.2,3,0,,,77.6,0,0
713,2019-10-03 10:00,23.7,275.6,2.6,0,,,76.6,0,0
713,2019-10-03 11:00,23.9,259.8,2.3,0,,,76.7,0,0
713,2019-10-03 12:00,25.1,258.7,2,0,,,72.6,0,0
713,2019-10-03 13:00,26,266,1.8,0,,,69.6,0,0
713,2019-10-03 14:00,25.7,264.9,1.4,0,,,73.3,0,0
713,2019-10-03 15:00,27.4,277.8,2.2,0,,,63.7,0,0
713,2019-10-03 16:00,27.5,299.6,2.5,0,,,63.4,0,0
713,2019-10-03 17:00,26.7,285.5,1.7,0,,,65.2,0,0
713,2019-10-03 18:00,24.5,278.3,0.8,0,,,74.1,0,0
713,2019-10-03 19:00,22.3,290.8,1.2,0,,,88.5,0,0
713,2019-10-03 20:00,20.9,0,0.2,0,,,95.3,0,0
713,2019-10-03 21:00,20.7,287.4,0.6,0,,,97.3,0,0
713,2019-10-03 22:00,20.2,0,0.1,0,,,99,0,0
713,2019-10-03 23:00,19.6,0,0,0,,,99.9,0,0
713,2019-10-04 0:00,19.2,313.2,0.7,0,,,99.9,0,0
713,2019-10-04 1:00,18.8,0,0.4,0,,,99.9,0,0
713,2019-10-04 2:00,18.5,296.7,0.5,0,,,99.9,0,0
713,2019-10-04 3:00,18.1,308.1,0.5,0,,,99.9,0,0
713,2019-10-04 4:00,17.8,282.2,0.7,0,,,99.9,0,0
713,2019-10-04 5:00,17.5,0,0.4,0,,,99.9,0,0
713,2019-10-04 6:00,17.3,0,0.4,0,,,99.9,0,0
713,2019-10-04 7:00,17.8,281.4,0.6,0,,,99.9,0,0
713,2019-10-04 8:00,21.6,0,0.4,0,,,96.7,0,0
713,2019-10-04 9:00,23.6,261.1,0.5,0,,,80,0,0
713,2019-10-04 10:00,25.7,169.2,1.3,0,,,74,0,0
713,2019-10-04 11:00,27.4,150.4,0.8,0,,,64.5,0,0
713,2019-10-04 12:00,27.5,152.3,1.9,0,,,60.8,0,0
713,2019-10-04 13:00,27.2,158.1,2.6,0,,,61.8,0,0
713,2019-10-04 14:00,28.5,153.9,2.6,0,,,60.3,0,0
713,2019-10-04 15:00,28.2,139.3,2.3,0,,,63.5,0,0
713,2019-10-04 16:00,28.1,214.1,2.4,0,,,63.2,0,0
713,2019-10-04 17:00,25.5,211.5,2.2,0,,,74.7,0,0
713,2019-10-04 18:00,23.9,170.7,1.6,0,,,69.9,0,0
713,2019-10-04 19:00,22.5,147.6,0.5,0,,,78.2,0,0
713,2019-10-04 20:00,21.7,273.2,0.8,0,,,86.8,0,0
713,2019-10-04 21:00,21.9,303.4,0.9,0,,,86.4,0,0
713,2019-10-04 22:00,21.9,299.6,0.9,0,,,88.6,0,0
713,2019-10-04 23:00,21.6,272.7,0.8,0,,,91.7,0,0
713,2019-10-05 0:00,21.6,286,0.5,0,,,93.7,0,0
713,2019-10-05 1:00,21,0,0.2,2,,,99.9,0,0
713,2019-10-05 2:00,21.1,280.7,0.5,0,,,99.9,0,0
713,2019-10-05 3:00,20.8,0,0.2,0,,,99.9,0,0
713,2019-10-05 4:00,20.5,353.2,0.6,0,,,99.9,0,0
713,2019-10-05 5:00,20.2,0,0,0,,,99.9,0,0
713,2019-10-05 6:00,19.8,282.6,1.6,0,,,99.8,0,0
713,2019-10-05 7:00,19.5,283.8,1,0,,,99.4,0,0
713,2019-10-05 8:00,20.7,309.4,1.4,0,,,88.4,0,0
713,2019-10-05 9:00,21.3,269.9,2.7,0,,,81.6,0,0
713,2019-10-05 10:00,22.7,276.2,2,0,,,72.1,0,0
713,2019-10-05 11:00,24.2,285.4,2.5,0,,,63.2,0,0
713,2019-10-05 12:00,23.8,267.4,3.7,0,,,67.5,0,0
713,2019-10-05 13:00,24.5,293.7,2.7,0,,,64.4,0,0
713,2019-10-05 14:00,23.6,283.9,2.3,0,,,67.6,0,0
713,2019-10-05 15:00,23.7,308,2.7,0,,,66,0,0
713,2019-10-05 16:00,23.8,305.2,3.5,0,,,65.9,0,0
713,2019-10-05 17:00,22.3,272.7,2.4,0,,,69.4,0,0
713,2019-10-05 18:00,20.9,303.4,2.6,0,,,74.7,0,0
713,2019-10-05 19:00,19.4,281.1,1.9,0,,,79.8,0,0
713,2019-10-05 20:00,18.8,312.7,1.5,0,,,80.7,0,0
713,2019-10-05 21:00,18.3,326.5,0.7,0,,,81.6,0,0
713,2019-10-05 22:00,18.5,275.2,2,0,,,77.8,0,0
713,2019-10-05 23:00,17.9,287,1.4,0,,,82.6,0,0
713,2019-10-06 0:00,17.7,310.3,1,0,,,84,0,0
713,2019-10-06 1:00,17.7,277.1,1.4,0,,,83.4,0,0
713,2019-10-06 2:00,17.7,289.6,1.1,0,,,83.7,0,0
713,2019-10-06 3:00,19.3,25.4,1,0,,,76.5,0,0
713,2019-10-06 4:00,19.5,353.4,2,0,,,72,0,0
713,2019-10-06 5:00,19,15.8,1,0,,,72.3,0,0
713,2019-10-06 6:00,19,8.3,1.1,0,,,71,0,0
713,2019-10-06 7:00,18.9,334.9,1.2,0,,,71.2,0,0
713,2019-10-06 8:00,19,351,1.5,0,,,70.4,0,0
713,2019-10-06 9:00,19.8,37.9,1.3,0,,,67,0,0
713,2019-10-06 10:00,20.5,59.1,1.2,0,,,63.6,0,0
713,2019-10-06 11:00,21.8,47.1,1.7,0,,,58.8,0,0
713,2019-10-06 12:00,22.4,54.4,1.5,0,,,56.4,0,0
713,2019-10-06 13:00,22.7,55.3,1.6,0,,,55.8,0,0
713,2019-10-06 14:00,23.2,85.7,3.4,0,,,55,0,0
713,2019-10-06 15:00,23.5,89.2,2.9,0,,,53.9,0,0
713,2019-10-06 16:00,22.6,84.5,3,0,,,55.7,0,0
713,2019-10-06 17:00,22,69.3,2.1,0,,,57.9,0,0
713,2019-10-06 18:00,20.3,49.3,1.4,0,,,65.3,0,0
713,2019-10-06 19:00,19.1,14.4,0.6,0,,,68.8,0,0
713,2019-10-06 20:00,18.6,340.7,0.9,0,,,70.2,0,0
713,2019-10-06 21:00,17.9,330,0.6,0,,,73,0,0
713,2019-10-06 22:00,18.3,0.7,1.1,0,,,67.3,0,0
713,2019-10-06 23:00,18.1,332.6,1.1,0,,,69.1,0,0
713,2019-10-07 0:00,18.1,327.2,0.5,0,,,67.4,0,0
713,2019-10-07 1:00,17.4,193.5,0.6,0,,,71.7,0,0
713,2019-10-07 2:00,17.5,62.3,0.7,0,,,71.5,0,0
713,2019-10-07 3:00,17.1,239.6,0.7,0,,,74.1,0,0
713,2019-10-07 4:00,16.9,190.5,0.8,0,,,78.1,0,0
713,2019-10-07 5:00,16.4,311.2,1.1,0,,,86.5,0,0
713,2019-10-07 6:00,16.1,273.7,0.9,0,,,93.2,0,0
713,2019-10-07 7:00,16.2,303.5,0.8,0,,,93.5,0,0
713,2019-10-07 8:00,17.1,0,0.4,0,,,90.3,0,0
713,2019-10-07 9:00,18.4,297.7,0.7,0,,,83.2,0,0
713,2019-10-07 10:00,18.5,336.5,0.6,0,,,84,0,0
713,2019-10-07 11:00,19.4,270.2,0.8,0,,,76.3,0,0
713,2019-10-07 12:00,19.2,77.7,1.6,0,,,76.1,0,0
713,2019-10-07 13:00,18.6,0,0.3,0,,,81.4,0,0
713,2019-10-07 14:00,17.9,0,0.2,0.5,,,87.3,0,0
713,2019-10-07 15:00,17.3,0,0.4,0.5,,,95.7,0,0
713,2019-10-07 16:00,16.9,267.9,0.9,1,,,99.9,0,0
713,2019-10-07 17:00,16.8,281.9,1,1.5,,,99.9,0,0
713,2019-10-07 18:00,16.9,0,0.1,1,,,99.9,0,0
713,2019-10-07 19:00,17,285.9,0.5,0,,,99.9,0,0
713,2019-10-07 20:00,17.2,0,0.2,0,,,99.9,0,0
713,2019-10-07 21:00,17.2,294.6,1.3,0,,,93.1,0,0
713,2019-10-07 22:00,17.2,269.4,2.3,0,,,91.3,0,0
713,2019-10-07 23:00,17.2,271.3,2.5,0,,,88.8,0,0
713,2019-10-08 0:00,16.9,280,1.8,0,,,86.7,0,0
713,2019-10-08 1:00,16.9,286.1,2.4,0,,,87.3,0,0
713,2019-10-08 2:00,16.9,292.7,1.6,0,,,86.1,0,0
713,2019-10-08 3:00,17,266.7,2.1,0,,,83.6,0,0
713,2019-10-08 4:00,16.7,288.1,1.8,0,,,82.8,0,0
713,2019-10-08 5:00,16.8,302.1,2.4,0,,,74.3,0,0
713,2019-10-08 6:00,16.2,344.4,0.9,0,,,75.1,0,0
713,2019-10-08 7:00,16.3,286.8,1.5,0,,,74,0,0
713,2019-10-08 8:00,16.8,268.5,2.4,0,,,74.8,0,0
713,2019-10-08 9:00,17.2,287.6,1.4,0,,,74.3,0,0
713,2019-10-08 10:00,19.8,265,2.3,0,,,66.4,0,0
713,2019-10-08 11:00,21.4,281.7,3.2,0,,,60.6,0,0
713,2019-10-08 12:00,22.6,310.5,2.3,0,,,58.4,0,0
713,2019-10-08 13:00,23.3,282.7,1.7,0,,,54.1,0,0
713,2019-10-08 14:00,23.4,275.4,2.2,0,,,52.3,0,0
713,2019-10-08 15:00,23.4,309,2.6,0,,,50,0,0
713,2019-10-08 16:00,23.2,288.9,3.6,0,,,49.8,0,0
713,2019-10-08 17:00,22,283.5,1.9,0,,,54,0,0
713,2019-10-08 18:00,20.4,305.3,2.5,0,,,44.8,0,0
713,2019-10-08 19:00,18.8,312.7,1.9,0,,,48.7,0,0
713,2019-10-08 20:00,17.2,293.4,2.4,0,,,54.6,0,0
713,2019-10-08 21:00,15.8,288.2,1.5,0,,,59.8,0,0
713,2019-10-08 22:00,14.6,306.9,1.2,0,,,64.1,0,0
713,2019-10-08 23:00,14.6,329.1,1.7,0,,,61,0,0
713,2019-10-09 0:00,13,331.5,1,0,,,67.1,0,0
713,2019-10-09 1:00,12.6,314.4,1.6,0,,,60.9,0,0
713,2019-10-09 2:00,10,254.1,1,0,,,74.5,0,0
713,2019-10-09 3:00,8.2,96.3,0.5,0,,,80.2,0,0
713,2019-10-09 4:00,7.7,302.4,0.8,0,,,89.3,0,0
713,2019-10-09 5:00,7.1,280.6,1.2,0,,,85.7,0,0
713,2019-10-09 6:00,6.8,291.2,0.9,0,,,87.4,0,0
713,2019-10-09 7:00,7.2,284.4,0.5,0,,,85.5,0,0
713,2019-10-09 8:00,10.7,315.8,0.5,0,,,70.5,0,0
713,2019-10-09 9:00,15.5,0,0.4,0,,,51.4,0,0
713,2019-10-09 10:00,17.5,159.3,0.8,0,,,39.8,0,0
713,2019-10-09 11:00,19.9,192.6,0.9,0,,,32.7,0,0
713,2019-10-09 12:00,20.6,21.5,1.4,0,,,30.1,0,0
713,2019-10-09 13:00,22.8,112.4,0.8,0,,,25.7,0,0
713,2019-10-09 14:00,22.1,126.2,1.4,0,,,30.7,0,0
713,2019-10-09 15:00,23.4,132.6,1.8,0,,,30.5,0,0
713,2019-10-09 16:00,22.8,201.6,2.7,0,,,32,0,0
713,2019-10-09 17:00,20.7,207.1,2.4,0,,,31,0,0
713,2019-10-09 18:00,16.8,264.6,1.2,0,,,55.7,0,0
713,2019-10-09 19:00,14.4,279.3,1,0,,,70.4,0,0
713,2019-10-09 20:00,13.3,300,1,0,,,73.4,0,0
713,2019-10-09 21:00,12.4,310.2,1.2,0,,,77.5,0,0
713,2019-10-09 22:00,11.5,312.5,1.2,0,,,80.9,0,0
713,2019-10-09 23:00,11.2,292.9,1,0,,,80.7,0,0
713,2019-10-10 0:00,10,292.4,0.8,0,,,88.3,0,0
713,2019-10-10 1:00,9.8,292.7,0.9,0,,,90.2,0,0
713,2019-10-10 2:00,9.5,301.5,1,0,,,92.4,0,0
713,2019-10-10 3:00,9,304.2,0.6,0,,,94.8,0,0
713,2019-10-10 4:00,8.6,321,0.5,0,,,94.3,0,0
713,2019-10-10 5:00,8.7,324.3,0.8,0,,,96.8,0,0
713,2019-10-10 6:00,8.6,309.2,1.1,0,,,96.7,0,0
713,2019-10-10 7:00,9,291.9,1.1,0,,,97.4,0,0
713,2019-10-10 8:00,14.1,0,0.2,0,,,76.1,0,0
713,2019-10-10 9:00,16.8,0,0.4,0,,,58.7,0,0
713,2019-10-10 10:00,19.3,118.5,0.5,0,,,45.6,0,0
713,2019-10-10 11:00,21.3,139.5,1.4,0,,,42.8,0,0
713,2019-10-10 12:00,23,152.2,1.4,0,,,38.9,0,0
713,2019-10-10 13:00,24.7,210.8,1.3,0,,,36.1,0,0
713,2019-10-10 14:00,24.8,151.8,1.2,0,,,38.5,0,0
713,2019-10-10 15:00,25.3,234.2,1.2,0,,,36.9,0,0
713,2019-10-10 16:00,24.8,194.8,1.9,0,,,40.1,0,0
713,2019-10-10 17:00,22.6,194.7,2.1,0,,,45.5,0,0
713,2019-10-10 18:00,20.2,285.4,0.9,0,,,56.3,0,0
713,2019-10-10 19:00,17.6,282.9,1.3,0,,,72.5,0,0
713,2019-10-10 20:00,17.3,312.7,1.7,0,,,70.9,0,0
713,2019-10-10 21:00,16.1,265.5,1,0,,,78.5,0,0
713,2019-10-10 22:00,15.8,297.9,1,0,,,80,0,0
713,2019-10-10 23:00,15.8,301.8,1.2,0,,,79.8,0,0
713,2019-10-11 0:00,16.1,306,0.9,0,,,77,0,0
713,2019-10-11 1:00,15.9,265.3,0.6,0,,,78.3,0,0
713,2019-10-11 2:00,14.2,0,0.4,0,,,88.1,0,0
713,2019-10-11 3:00,13.9,298.6,1.2,0,,,86,0,0
713,2019-10-11 4:00,13.2,294.9,0.8,0,,,87.9,0,0
713,2019-10-11 5:00,12.7,278.7,0.7,0,,,90.5,0,0
713,2019-10-11 6:00,12.7,309.3,1.1,0,,,89.2,0,0
713,2019-10-11 7:00,13,298.5,1,0,,,88.9,0,0
713,2019-10-11 8:00,16.7,0,0.4,0,,,74.8,0,0
713,2019-10-11 9:00,19.4,0,0.3,0,,,62.9,0,0
713,2019-10-11 10:00,21.7,120.2,0.9,0,,,50.1,0,0
713,2019-10-11 11:00,24.1,169.3,0.7,0,,,45.3,0,0
713,2019-10-11 12:00,25.6,193.2,1.1,0,,,39.2,0,0
713,2019-10-11 13:00,26.3,121.4,1.1,0,,,36.1,0,0
713,2019-10-11 14:00,28,78.7,1,0,,,27.1,0,0
713,2019-10-11 15:00,27.4,118.2,2.1,0,,,30.2,0,0
713,2019-10-11 16:00,26.8,77.8,2.5,0,,,25.1,0,0
713,2019-10-11 17:00,25.5,69.4,1,0,,,30.8,0,0
713,2019-10-11 18:00,21.1,287.5,1.4,0,,,53.3,0,0
713,2019-10-11 19:00,19.4,287.5,1.4,0,,,64.5,0,0
713,2019-10-11 20:00,18.3,290.5,0.9,0,,,68.9,0,0
713,2019-10-11 21:00,17.1,0,0.4,0,,,74.5,0,0
713,2019-10-11 22:00,20.6,58.3,1.4,0,,,56.9,0,0
713,2019-10-11 23:00,18.7,306.6,0.9,0,,,62.7,0,0
713,2019-10-12 0:00,16.4,298.5,1.4,0,,,74.4,0,0
713,2019-10-12 1:00,15.4,276.3,1.1,0,,,78,0,0
713,2019-10-12 2:00,15,303.7,1.1,0,,,80.9,0,0
713,2019-10-12 3:00,14.4,306.1,1,0,,,82,0,0
713,2019-10-12 4:00,14.6,289.3,1.1,0,,,82.2,0,0
713,2019-10-12 5:00,15.4,304.1,1.9,0,,,77.4,0,0
713,2019-10-12 6:00,15.8,300.4,1.3,0,,,74.7,0,0
713,2019-10-12 7:00,15.8,283.9,1.4,0,,,76,0,0
713,2019-10-12 8:00,19.8,5.5,1.6,0,,,61,0,0
713,2019-10-12 9:00,23.3,359,1.5,0,,,45.6,0,0
713,2019-10-12 10:00,23.4,23,2.1,0,,,42.6,0,0
713,2019-10-12 11:00,24.6,35.5,1.8,0,,,39.6,0,0
713,2019-10-12 12:00,25.5,354.4,1.9,0,,,35.8,0,0
713,2019-10-12 13:00,26.9,43.2,2,0,,,33,0,0
713,2019-10-12 14:00,26.6,56.6,1.8,0,,,30.8,0,0
713,2019-10-12 15:00,26.6,30.1,1.9,0,,,30.7,0,0
713,2019-10-12 16:00,26,49.3,1.8,0,,,31.9,0,0
713,2019-10-12 17:00,24.4,41.2,1.2,0,,,37.2,0,0
713,2019-10-12 18:00,21.5,345.4,0.5,0,,,45.4,0,0
713,2019-10-12 19:00,18.9,274.5,1.2,0,,,57.7,0,0
713,2019-10-12 20:00,17.1,306.8,0.7,0,,,67.5,0,0
713,2019-10-12 21:00,16.1,293.5,1.3,0,,,71.9,0,0
713,2019-10-12 22:00,15.4,283.2,0.7,0,,,75.9,0,0
713,2019-10-12 23:00,14.2,273.2,0.7,0,,,80.8,0,0
713,2019-10-13 0:00,13.7,297.5,1.2,0,,,83.4,0,0
713,2019-10-13 1:00,12.9,291.7,1.2,0,,,85.4,0,0
713,2019-10-13 2:00,12.2,299,1.2,0,,,84.4,0,0
713,2019-10-13 3:00,11.6,301.2,0.8,0,,,88.2,0,0
713,2019-10-13 4:00,11.5,305.5,1.3,0,,,86.3,0,0
713,2019-10-13 5:00,11,291.9,0.9,0,,,88.1,0,0
713,2019-10-13 6:00,10.6,284.8,0.9,0,,,89.5,0,0
713,2019-10-13 7:00,11,309.5,1.4,0,,,86.4,0,0
713,2019-10-13 8:00,14.9,298.2,0.6,0,,,73.6,0,0
713,2019-10-13 9:00,19.2,266.9,0.5,0,,,62,0,0
713,2019-10-13 10:00,20.9,72.1,1.9,0,,,38.1,0,0
713,2019-10-13 11:00,22.5,82.6,1.7,0,,,38,0,0
713,2019-10-13 12:00,22.4,54.2,3.1,0,,,37.1,0,0
713,2019-10-13 13:00,22.9,73.3,2.4,0,,,38.5,0,0
713,2019-10-13 14:00,23.4,90.4,2.7,0,,,41.9,0,0
713,2019-10-13 15:00,24.1,81.6,1.6,0,,,42.5,0,0
713,2019-10-13 16:00,23.6,68.6,1.9,0,,,44,0,0
713,2019-10-13 17:00,22.2,66,2.4,0,,,46.2,0,0
713,2019-10-13 18:00,19.2,0,0.1,0,,,58.5,0,0
713,2019-10-13 19:00,17.7,270.4,1.2,0,,,69,0,0
713,2019-10-13 20:00,16.5,296.3,1.1,0,,,76.5,0,0
713,2019-10-13 21:00,15.2,294.7,1.5,0,,,81.9,0,0
713,2019-10-13 22:00,14.4,301.4,1.5,0,,,83.4,0,0
713,2019-10-13 23:00,13.5,304.4,1,0,,,85.5,0,0
713,2019-10-14 0:00,12.8,293.4,1.1,0,,,88.7,0,0
713,2019-10-14 1:00,12.4,288.9,1,0,,,89.8,0,0
713,2019-10-14 2:00,11.9,288.7,1.2,0,,,92.1,0,0
713,2019-10-14 3:00,11.5,287.3,0.9,0,,,93.5,0,0
713,2019-10-14 4:00,11.5,308.8,1,0,,,94.4,0,0
713,2019-10-14 5:00,10.7,280.9,0.5,0,,,97,0,0
713,2019-10-14 6:00,10.6,305.5,1,0,,,98.8,0,0
713,2019-10-14 7:00,10.5,0,0.3,0,,,99.9,0,0
713,2019-10-14 8:00,14.2,298.8,0.7,0,,,86,0,0
713,2019-10-14 9:00,16.3,0,0.4,0,,,71.3,0,0
713,2019-10-14 10:00,19.1,158.9,1,0,,,62.1,0,0
713,2019-10-14 11:00,21.8,166.4,1.6,0,,,55.4,0,0
713,2019-10-14 12:00,23.3,295.4,2.1,0,,,49.1,0,0
713,2019-10-14 13:00,23.9,282.8,3.3,0,,,45.9,0,0
713,2019-10-14 14:00,23.8,311.2,3.8,0,,,48.9,0,0
713,2019-10-14 15:00,23.6,301.5,3.7,0,,,46.5,0,0
713,2019-10-14 16:00,22.6,294.5,2.8,0,,,50.1,0,0
713,2019-10-14 17:00,21.7,305.1,1.9,0,,,58.2,0,0
713,2019-10-14 18:00,19.2,300.7,2.2,0,,,67.3,0,0
713,2019-10-14 19:00,17.9,301.6,2.3,0,,,70.3,0,0
713,2019-10-14 20:00,16.9,280.2,2.5,0,,,66.7,0,0
713,2019-10-14 21:00,15.8,309.1,1.6,0,,,69.7,0,0
713,2019-10-14 22:00,14.8,300.7,1,0,,,74.4,0,0
713,2019-10-14 23:00,13.9,325.8,0.5,0,,,78.1,0,0
713,2019-10-15 0:00,13.7,316.1,0.7,0,,,77.3,0,0
713,2019-10-15 1:00,13.9,286.6,1,0,,,75.1,0,0
713,2019-10-15 2:00,13.3,291.2,1.3,0,,,75.9,0,0
713,2019-10-15 3:00,12.5,304.1,1,0,,,77.3,0,0
713,2019-10-15 4:00,11.6,270.3,1.4,0,,,84.1,0,0
713,2019-10-15 5:00,11.4,248,1.1,0,,,84.3,0,0
713,2019-10-15 6:00,11.2,258.6,0.9,0,,,83,0,0
713,2019-10-15 7:00,11.7,309.3,1.2,0,,,81.2,0,0
713,2019-10-15 8:00,12.8,291.2,1.9,0,,,77.9,0,0
713,2019-10-15 9:00,17.2,81.5,2,0,,,65,0,0
713,2019-10-15 10:00,17.4,51.4,1.2,0,,,63.7,0,0
713,2019-10-15 11:00,18.4,64.5,1.9,0,,,58.4,0,0
713,2019-10-15 12:00,19.1,74.5,2.5,0,,,57.6,0,0
713,2019-10-15 13:00,19.8,65.6,2.5,0,,,55.6,0,0
713,2019-10-15 14:00,19.5,61.3,2.3,0,,,54.7,0,0
713,2019-10-15 15:00,19.3,91.3,2.5,0,,,58,0,0
713,2019-10-15 16:00,19.2,86.3,2.7,0,,,60.1,0,0
713,2019-10-15 17:00,18.4,67.7,2,0,,,62.2,0,0
713,2019-10-15 18:00,16.8,44,0.7,0,,,68,0,0
713,2019-10-15 19:00,16.5,357.1,0.6,0,,,70.5,0,0
713,2019-10-15 20:00,16.3,337.4,0.8,0,,,69.6,0,0
713,2019-10-15 21:00,16.7,325.1,0.6,0,,,68.4,0,0
713,2019-10-15 22:00,16.5,89.7,0.7,0,,,70.2,0,0
713,2019-10-15 23:00,15.9,84.8,0.5,0,,,72.2,0,0
713,2019-10-16 0:00,16,331.1,0.7,0,,,68.9,0,0
713,2019-10-16 1:00,14.9,0,0.4,0,,,69.4,0,0
713,2019-10-16 2:00,13.7,293.9,1,0,,,82.2,0,0
713,2019-10-16 3:00,12.3,298.2,1,0,,,87.3,0,0
713,2019-10-16 4:00,11.4,310.1,1,0,,,90.1,0,0
713,2019-10-16 5:00,10.6,291.3,0.8,0,,,93.2,0,0
713,2019-10-16 6:00,10.1,302.2,0.5,0,,,97.1,0,0
713,2019-10-16 7:00,10.4,311.3,0.5,0,,,97.1,0,0
713,2019-10-16 8:00,12.3,301.2,0.7,0,,,87.4,0,0
713,2019-10-16 9:00,16,0,0.4,0,,,74.6,0,0
713,2019-10-16 10:00,18.3,102.5,1.1,0,,,59.5,0,0
713,2019-10-16 11:00,19.2,72.7,1.5,0,,,53.1,0,0
713,2019-10-16 12:00,19.9,129.7,1.2,0,,,49.8,0,0
713,2019-10-16 13:00,20.7,154.5,1.3,0,,,48.6,0,0
713,2019-10-16 14:00,21.9,232.4,1.1,0,,,47.3,0,0
713,2019-10-16 15:00,21.4,182.9,1.2,0,,,49.3,0,0
713,2019-10-16 16:00,21,126.7,1.6,0,,,47.4,0,0
713,2019-10-16 17:00,19.5,195.2,1.8,0,,,54.6,0,0
713,2019-10-16 18:00,16.8,293.5,0.5,0,,,69.3,0,0
713,2019-10-16 19:00,15.2,0,0.3,0,,,79.2,0,0
713,2019-10-16 20:00,14.1,288,1.4,0,,,83.9,0,0
713,2019-10-16 21:00,13.6,311.1,1.3,0,,,84.1,0,0
713,2019-10-16 22:00,12.5,281.9,0.9,0,,,88.6,0,0
713,2019-10-16 23:00,12.2,294.6,0.9,0,,,90.9,0,0
713,2019-10-17 0:00,11.6,315.2,0.6,0,,,93.2,0,0
713,2019-10-17 1:00,11.3,284.2,1,0,,,94.5,0,0
713,2019-10-17 2:00,10.9,314.2,0.7,0,,,96,0,0
713,2019-10-17 3:00,11.2,307.1,0.7,0,,,94.9,0,0
713,2019-10-17 4:00,11,0,0.4,0,,,97.8,0,0
713,2019-10-17 5:00,11.2,0,0.1,0,,,96.3,0,0
713,2019-10-17 6:00,11.1,0,0.2,0,,,96.5,0,0
713,2019-10-17 7:00,11.3,291.4,1,0,,,98.1,0,0
713,2019-10-17 8:00,13.4,233.8,0.6,0,,,89.4,0,0
713,2019-10-17 9:00,16,197.1,0.5,0,,,79.9,0,0
713,2019-10-17 10:00,18.9,170.8,1.5,0,,,57.2,0,0
713,2019-10-17 11:00,20,65.1,1.5,0,,,50.2,0,0
713,2019-10-17 12:00,21.4,82.4,1.9,0,,,45.5,0,0
713,2019-10-17 13:00,20.8,109.3,1.9,0,,,47.2,0,0
713,2019-10-17 14:00,22,46.2,1.3,0,,,41.1,0,0
713,2019-10-17 15:00,20.7,73.2,1.2,0,,,46,0,0
713,2019-10-17 16:00,19.8,54.6,1.6,0,,,49.8,0,0
713,2019-10-17 17:00,18.9,27.6,1,0,,,55,0,0
713,2019-10-17 18:00,17.7,0,0.4,0,,,57.3,0,0
713,2019-10-17 19:00,16.5,0,0.3,0,,,64.8,0,0
713,2019-10-17 20:00,14.7,297.3,1,0,,,75.4,0,0
713,2019-10-17 21:00,14.1,280.8,1,0,,,79.7,0,0
713,2019-10-17 22:00,13.9,300.2,1.1,0,,,81.7,0,0
713,2019-10-17 23:00,13.2,282.8,1.3,0,,,85.6,0,0
713,2019-10-18 0:00,13.2,297.2,1.1,0,,,84.3,0,0
713,2019-10-18 1:00,13.3,301.5,1.4,0,,,84.4,0,0
713,2019-10-18 2:00,13.5,288.3,1.4,0,,,82.1,0,0
713,2019-10-18 3:00,13.7,286,0.5,0,,,81,0,0
713,2019-10-18 4:00,14.3,295.5,1.3,0,,,77.9,0,0
713,2019-10-18 5:00,14.5,308.7,1,0,,,78.4,0,0
713,2019-10-18 6:00,17.6,42.2,0.9,0,,,66.5,0,0
713,2019-10-18 7:00,16,282.9,1.5,0,,,71.9,0,0
713,2019-10-18 8:00,16.4,33.6,1.2,0,,,79.3,0,0
713,2019-10-18 9:00,17.2,177.9,1.1,0.5,,,81.2,0,0
713,2019-10-18 10:00,16.8,305,0.8,0,,,82.9,0,0
713,2019-10-18 11:00,18,277.8,0.8,0,,,77.7,0,0
713,2019-10-18 12:00,17.4,0,0.3,0,,,88.5,0,0
713,2019-10-18 13:00,17.7,201.5,0.9,0.5,,,95,0,0
713,2019-10-18 14:00,18.6,210.3,0.7,0,,,87.8,0,0
713,2019-10-18 15:00,19,0,0.4,0,,,84.8,0,0
713,2019-10-18 16:00,18.7,86.3,0.5,0,,,85.4,0,0
713,2019-10-18 17:00,18.5,83.4,0.5,0,,,86,0,0
713,2019-10-18 18:00,17.7,273.4,0.8,0,,,84.6,0,0
713,2019-10-18 19:00,17.5,291.6,0.8,0,,,86.7,0,0
713,2019-10-18 20:00,17.2,289.7,0.9,0,,,88.3,0,0
713,2019-10-18 21:00,16.9,255.4,0.9,0,,,89.5,0,0
713,2019-10-18 22:00,16.8,295.1,0.9,0,,,88.9,0,0
713,2019-10-18 23:00,16.6,0,0.3,0,,,90.7,0,0
713,2019-10-19 0:00,16,0,0.3,0,,,95.7,0,0
713,2019-10-19 1:00,16.3,0,0.3,0,,,94.4,0,0
713,2019-10-19 2:00,16.2,0,0.2,0,,,93.6,0,0
713,2019-10-19 3:00,16,0,0,0,,,94.1,0,0
713,2019-10-19 4:00,16.1,0,0.4,0,,,95.1,0,0
713,2019-10-19 5:00,15.7,318.4,0.5,0,,,96.1,0,0
713,2019-10-19 6:00,15,261.7,0.6,0,,,96,0,0
713,2019-10-19 7:00,13.7,0,0,0,,,99.9,0,0
713,2019-10-19 8:00,16.9,0,0,0,,,89.4,0,0
713,2019-10-19 9:00,19.2,137.8,0.8,0,,,80.6,0,0
713,2019-10-19 10:00,21,121,1,0,,,69,0,0
713,2019-10-19 11:00,22.3,278.7,1.1,0,,,60.1,0,0
713,2019-10-19 12:00,24,259.5,2.6,0,,,47.9,0,0
713,2019-10-19 13:00,24.3,263.5,2.8,0,,,46.5,0,0
713,2019-10-19 14:00,25.4,263.5,2.5,0,,,44.1,0,0
713,2019-10-19 15:00,24.9,267.7,3,0,,,40.2,0,0
713,2019-10-19 16:00,24.2,268.7,2.5,0,,,40.6,0,0
713,2019-10-19 17:00,22.4,269.9,1.8,0,,,47.9,0,0
713,2019-10-19 18:00,20.2,324.3,1.1,0,,,62.1,0,0
713,2019-10-19 19:00,17.8,324,0.6,0,,,74.9,0,0
713,2019-10-19 20:00,16.5,0,0.3,0,,,79.9,0,0
713,2019-10-19 21:00,15.5,280.1,0.6,0,,,84.5,0,0
713,2019-10-19 22:00,15.7,289.4,0.8,0,,,83.6,0,0
713,2019-10-19 23:00,15.4,301.6,0.7,0,,,86.2,0,0
713,2019-10-20 0:00,14.5,306.3,0.7,0,,,92.1,0,0
713,2019-10-20 1:00,14.5,0,0.4,0,,,93.6,0,0
713,2019-10-20 2:00,14.6,304.2,0.5,0,,,93.1,0,0
713,2019-10-20 3:00,14.3,0,0.3,0,,,98.6,0,0
713,2019-10-20 4:00,14,0,0.1,0,,,99.6,0,0
713,2019-10-20 5:00,13.7,301.5,0.7,0,,,99.9,0,0
713,2019-10-20 6:00,13,0,0.4,0,,,99.9,0,0
713,2019-10-20 7:00,12.7,289.1,0.6,0,,,99.9,0,0
713,2019-10-20 8:00,16.1,286.1,0.6,0,,,95.8,0,0
713,2019-10-20 9:00,18.6,145.3,0.5,0,,,80.4,0,0
713,2019-10-20 10:00,21,147.5,0.9,0,,,65.1,0,0
713,2019-10-20 11:00,22.4,95.2,1.5,0,,,50.9,0,0
713,2019-10-20 12:00,23.7,132.2,1.5,0,,,50,0,0
713,2019-10-20 13:00,24.2,222.1,1.3,0,,,47.7,0,0
713,2019-10-20 14:00,24.5,243,1.4,0,,,41.4,0,0
713,2019-10-20 15:00,25.3,232.5,1.4,0,,,40.1,0,0
713,2019-10-20 16:00,24,126.1,1.9,0,,,48.6,0,0
713,2019-10-20 17:00,22.3,111.2,1.7,0,,,54.3,0,0
713,2019-10-20 18:00,20.4,0,0.2,0,,,60.2,0,0
713,2019-10-20 19:00,18.2,237.9,1,0,,,75.5,0,0
713,2019-10-20 20:00,16.8,277.4,1.1,0,,,78.7,0,0
713,2019-10-20 21:00,15.4,288.3,0.9,0,,,84.7,0,0
713,2019-10-20 22:00,14.7,284.6,0.9,0,,,86.6,0,0
713,2019-10-20 23:00,13.8,304.7,0.7,0,,,90.6,0,0
713,2019-10-21 0:00,13.4,288.9,0.8,0,,,90,0,0
713,2019-10-21 1:00,12.9,297,0.9,0,,,91.3,0,0
713,2019-10-21 2:00,12.5,299.5,0.9,0,,,94.5,0,0
713,2019-10-21 3:00,12,298.8,1.3,0,,,97.2,0,0
713,2019-10-21 4:00,11.5,0,0.3,0,,,98.9,0,0
713,2019-10-21 5:00,11.3,302.8,0.8,0,,,99.9,0,0
713,2019-10-21 6:00,11.1,306.2,0.6,0,,,99.9,0,0
713,2019-10-21 7:00,10.7,0,0.2,0,,,99.9,0,0
713,2019-10-21 8:00,14.1,0,0,0,,,87.5,0,0
713,2019-10-21 9:00,17.2,311.5,0.7,0,,,74.9,0,0
713,2019-10-21 10:00,20.1,146.5,0.7,0,,,60.9,0,0
713,2019-10-21 11:00,22.7,71.6,2.8,0,,,40.7,0,0
713,2019-10-21 12:00,23.3,75.2,2.6,0,,,36.8,0,0
713,2019-10-21 13:00,23.9,87.8,3,0,,,38.9,0,0
713,2019-10-21 14:00,23.9,105.5,3.4,0,,,39.4,0,0
713,2019-10-21 15:00,24.5,72.3,1.7,0,,,38.8,0,0
713,2019-10-21 16:00,23.5,94.6,3.2,0,,,42.6,0,0
713,2019-10-21 17:00,22.3,60.6,1.9,0,,,49.2,0,0
713,2019-10-21 18:00,20.3,350,1,0,,,57.7,0,0
713,2019-10-21 19:00,17.7,304.9,1,0,,,71.8,0,0
713,2019-10-21 20:00,16.1,284.1,1.3,0,,,77,0,0
713,2019-10-21 21:00,16.1,,1.3,0,,,77,0,0
713,2019-10-21 22:00,14.7,281.5,1.1,0,,,83.8,0,0
713,2019-10-21 23:00,13.5,291,0.9,0,,,88.5,0,0
713,2019-10-22 0:00,12.6,296.2,1.3,0,,,91.6,0,0
713,2019-10-22 1:00,12.4,300.6,1.4,0,,,88.8,0,0
713,2019-10-22 2:00,12.5,303.9,1.4,0,,,82.6,0,0
713,2019-10-22 3:00,11.2,271,0.7,0,,,89,0,0
713,2019-10-22 4:00,11,299.9,0.9,0,,,89.8,0,0
713,2019-10-22 5:00,11,292.4,1.3,0,,,89.5,0,0
713,2019-10-22 6:00,10.8,296.8,0.8,0,,,92.3,0,0
713,2019-10-22 7:00,10.5,0,0.3,0,,,93.6,0,0
713,2019-10-22 8:00,14.4,0,0.2,0,,,79,0,0
713,2019-10-22 9:00,18.3,247.4,0.8,0,,,67,0,0
713,2019-10-22 10:00,21.5,184.8,0.8,0,,,57,0,0
713,2019-10-22 11:00,22.6,16.6,1.5,0,,,51.7,0,0
713,2019-10-22 12:00,23.6,70.2,1.6,0,,,52.3,0,0
713,2019-10-22 13:00,24.4,104.1,1.9,0,,,52.7,0,0
713,2019-10-22 14:00,24.2,96.4,2.8,0,,,51.2,0,0
713,2019-10-22 15:00,24.4,89.8,2.6,0,,,50.3,0,0
713,2019-10-22 16:00,24,88.4,2.1,0,,,52.1,0,0
713,2019-10-22 17:00,22.6,72.3,1.7,0,,,57.9,0,0
713,2019-10-22 18:00,20.7,21.3,0.6,0,,,66,0,0
713,2019-10-22 19:00,19,269.6,0.5,0,,,74.4,0,0
713,2019-10-22 20:00,17.4,,0.5,0,,,81.8,0,0
713,2019-10-22 21:00,16.8,,0.5,0,,,84.3,0,0
713,2019-10-22 22:00,16.9,292.3,0.7,0,,,84.1,0,0
713,2019-10-22 23:00,17.1,192.2,1.4,0,,,81.3,0,0
713,2019-10-23 0:00,16,272.3,1.1,0,,,85.8,0,0
713,2019-10-23 1:00,15.4,277.2,0.8,0,,,87.8,0,0
713,2019-10-23 2:00,14.9,294.7,1.2,0,,,89.4,0,0
713,2019-10-23 3:00,14.8,288.4,1.2,0,,,86.5,0,0
713,2019-10-23 4:00,14.7,285.2,0.8,0,,,87.1,0,0
713,2019-10-23 5:00,14.7,291.3,0.9,0,,,88.2,0,0
713,2019-10-23 6:00,14.5,0,0.4,0,,,89.1,0,0
713,2019-10-23 7:00,14.7,278.4,0.8,0,,,87.4,0,0
713,2019-10-23 8:00,18.9,51.6,1.3,0,,,64.6,0,0
713,2019-10-23 9:00,19,54.1,1.8,0,,,63.7,0,0
713,2019-10-23 10:00,20.3,44.1,1.6,0,,,57.4,0,0
713,2019-10-23 11:00,21.4,51.8,1.9,0,,,56,0,0
713,2019-10-23 12:00,22.1,15.4,1.5,0,,,52.5,0,0
713,2019-10-23 13:00,21.2,65.7,2,0,,,55.4,0,0
713,2019-10-23 14:00,21.4,47.6,1.7,0,,,57.3,0,0
713,2019-10-23 15:00,20.8,60.8,1.9,0,,,59.9,0,0
713,2019-10-23 16:00,20.6,67.4,1.8,0,,,61.6,0,0
713,2019-10-23 17:00,20,0,0.2,0,,,63.6,0,0
713,2019-10-23 18:00,19.8,0.3,0.6,0,,,65.4,0,0
713,2019-10-23 19:00,19.5,18.5,0.8,0,,,67.8,0,0
713,2019-10-23 20:00,19.3,16.4,0.8,0,,,68.1,0,0
713,2019-10-23 21:00,18.7,24.9,0.7,0,,,70.1,0,0
713,2019-10-23 22:00,19,21.4,1.1,0,,,67.8,0,0
713,2019-10-23 23:00,18.4,63,1.5,0,,,65.1,0,0
713,2019-10-24 0:00,18.1,32.7,1.3,0,,,61.1,0,0
713,2019-10-24 1:00,17.7,60.6,1.2,0,,,63.3,0,0
713,2019-10-24 2:00,18.2,61.5,1.4,0,,,61.2,0,0
713,2019-10-24 3:00,15,293.8,0.8,0,,,79,0,0
713,2019-10-24 4:00,14.4,289.7,1.8,0,,,81.6,0,0
713,2019-10-24 5:00,13.9,296.3,1.8,0,,,82.9,0,0
713,2019-10-24 6:00,14.5,297.8,1.3,0,,,80.1,0,0
713,2019-10-24 7:00,15.4,290.8,0.6,0,,,74.9,0,0
713,2019-10-24 8:00,16.1,294.7,1.4,0,,,73.8,0,0
713,2019-10-24 9:00,18.7,279.8,0.6,0,,,67.8,0,0
713,2019-10-24 10:00,21,231.2,0.8,0,,,58.9,0,0
713,2019-10-24 11:00,22,53.4,1.3,0,,,56.5,0,0
713,2019-10-24 12:00,22.8,275.4,1.1,0,,,53.9,0,0
713,2019-10-24 13:00,22.8,40.2,1,0,,,55.8,0,0
713,2019-10-24 14:00,23.4,59.6,1.3,0,,,53.4,0,0
713,2019-10-24 15:00,24,19.6,1.4,0,,,53.3,0,0
713,2019-10-24 16:00,22.9,31.6,1,0,,,57.1,0,0
713,2019-10-24 17:00,21.9,52.9,0.8,0,,,61.2,0,0
713,2019-10-24 18:00,21.2,341,0.8,0,,,61.3,0,0
713,2019-10-24 19:00,20.3,0,0.4,0,,,66.1,0,0
713,2019-10-24 20:00,18.3,293.6,1,0,,,76.6,0,0
713,2019-10-24 21:00,17.3,291.3,1.2,0,,,78.7,0,0
713,2019-10-24 22:00,16.5,290.4,1.2,0,,,80.5,0,0
713,2019-10-24 23:00,15.3,274.3,0.8,0,,,89.2,0,0
713,2019-10-25 0:00,14.4,311.4,0.8,0,,,90.7,0,0
713,2019-10-25 1:00,13.8,298.2,0.7,0,,,95.1,0,0
713,2019-10-25 2:00,13.4,0,0.2,0,,,94.7,0,0
713,2019-10-25 3:00,13.2,312,0.6,0,,,96.6,0,0
713,2019-10-25 4:00,12.7,310.9,0.5,0,,,98.2,0,0
713,2019-10-25 5:00,12.2,274.2,0.9,0,,,99.7,0,0
713,2019-10-25 6:00,12.2,0,0.3,0,,,99.9,0,0
713,2019-10-25 7:00,12.4,272.4,0.5,0,,,99.9,0,0
713,2019-10-25 8:00,16.2,322.4,0.5,0,,,85.9,0,0
713,2019-10-25 9:00,19.2,354.6,1,0,,,72.6,0,0
713,2019-10-25 10:00,21.6,167.3,0.7,0,,,63.6,0,0
713,2019-10-25 11:00,23.5,157.3,1.2,0,,,55,0,0
713,2019-10-25 12:00,24.9,281,1.6,0,,,48.5,0,0
713,2019-10-25 13:00,25.1,283,2.3,0,,,49.8,0,0
713,2019-10-25 14:00,24.7,233.2,1.2,0,,,54,0,0
713,2019-10-25 15:00,25.1,259.3,1.8,0,,,51.7,0,0
713,2019-10-25 16:00,24,266.3,2.6,0,,,52.9,0,0
713,2019-10-25 17:00,22.7,315.4,1.7,0,,,55.2,0,0
713,2019-10-25 18:00,21.3,297.3,2.6,0,,,56,0,0
713,2019-10-25 19:00,19.8,322.2,1.2,0,,,60.9,0,0
713,2019-10-25 20:00,18.7,268.7,1.1,0,,,60.5,0,0
713,2019-10-25 21:00,18.4,293.8,0.9,0,,,60.7,0,0
713,2019-10-25 22:00,18.5,281.1,2.1,0,,,60.5,0,0
713,2019-10-25 23:00,18.6,320.1,1.8,0,,,61.1,0,0
713,2019-10-26 0:00,18.5,285,1.9,0,,,66.9,0,0
713,2019-10-26 1:00,17.4,279.5,1.2,0,,,73.2,0,0
713,2019-10-26 2:00,17.3,283.3,1.6,0,,,75.2,0,0
713,2019-10-26 3:00,17.3,264.3,1.5,0,,,77.2,0,0
713,2019-10-26 4:00,16.7,276.7,2.7,0,,,77.6,0,0
713,2019-10-26 5:00,15.6,323.4,2.6,0,,,74,0,0
713,2019-10-26 6:00,14,311.6,1.9,0,,,68.4,0,0
713,2019-10-26 7:00,13.4,326,2.6,0,,,64.2,0,0
713,2019-10-26 8:00,14.5,324,2.3,0,,,62.4,0,0
713,2019-10-26 9:00,15.5,293.9,3.2,0,,,58.1,0,0
713,2019-10-26 10:00,15.9,294.1,3.6,0,,,54.2,0,0
713,2019-10-26 11:00,16.6,285.4,3.3,0,,,50.7,0,0
713,2019-10-26 12:00,17.8,285.8,3.5,0,,,46.8,0,0
713,2019-10-26 13:00,18.2,308.8,3.7,0,,,44.3,0,0
713,2019-10-26 14:00,18.3,315.2,3.9,0,,,43.4,0,0
713,2019-10-26 15:00,17.6,283.3,3.5,0,,,45.6,0,0
713,2019-10-26 16:00,16.6,308.1,3.4,0,,,50.3,0,0
713,2019-10-26 17:00,15.5,304.3,2.7,0,,,54,0,0
713,2019-10-26 18:00,14.5,291.8,2.7,0,,,56,0,0
713,2019-10-26 19:00,13.8,297.9,2.9,0,,,60.3,0,0
713,2019-10-26 20:00,13.4,297.3,2.8,0,,,60.2,0,0
713,2019-10-26 21:00,13.3,307.8,2.6,0,,,60.1,0,0
713,2019-10-26 22:00,12.4,285.8,1.7,0,,,65,0,0
713,2019-10-26 23:00,12.4,282.4,1.8,0,,,65.9,0,0
713,2019-10-27 0:00,12.3,306.3,1.7,0,,,60.7,0,0
713,2019-10-27 1:00,12.5,293.9,1.7,0,,,58.8,0,0
713,2019-10-27 2:00,12.4,302.7,1.7,0,,,62.3,0,0
713,2019-10-27 3:00,11.3,334.5,1.3,0,,,68.1,0,0
713,2019-10-27 4:00,11.2,286.7,2.9,0,,,67.9,0,0
713,2019-10-27 5:00,10.9,280,1.9,0,,,68.2,0,0
713,2019-10-27 6:00,11.6,297.3,3,0,,,61.2,0,0
713,2019-10-27 7:00,11.2,319,1.5,0,,,58.2,0,0
713,2019-10-27 8:00,13,286.8,2.3,0,,,52,0,0
713,2019-10-27 9:00,13.8,303.1,1.8,0,,,46.5,0,0
713,2019-10-27 10:00,15.4,288.8,1.8,0,,,45,0,0
713,2019-10-27 11:00,17.3,264.9,2,0,,,40.4,0,0
713,2019-10-27 12:00,17.1,277.3,2.6,0,,,38.5,0,0
713,2019-10-27 13:00,17.5,276.5,2.5,0,,,39.7,0,0
713,2019-10-27 14:00,17.5,270.5,2.3,0,,,41.1,0,0
713,2019-10-27 15:00,18,272.6,2,0,,,44.5,0,0
713,2019-10-27 16:00,17.4,268.5,2.1,0,,,44,0,0
713,2019-10-27 17:00,15.5,261.7,1.2,0,,,49.4,0,0
713,2019-10-27 18:00,13.4,287.7,1.2,0,,,59.3,0,0
713,2019-10-27 19:00,11.3,320.4,0.8,0,,,71.7,0,0
713,2019-10-27 20:00,9.9,333,0.6,0,,,79.4,0,0
713,2019-10-27 21:00,8.9,329.9,0.7,0,,,82.8,0,0
713,2019-10-27 22:00,8.4,309.8,0.9,0,,,83.3,0,0
713,2019-10-27 23:00,7.4,293.2,0.9,0,,,86.9,0,0
713,2019-10-28 0:00,7.1,307.7,0.7,0,,,89.4,0,0
713,2019-10-28 1:00,6.6,302.2,1.1,0,,,90.4,0,0
713,2019-10-28 2:00,5.9,300.7,0.7,0,,,94.5,0,0
713,2019-10-28 3:00,5.5,0,0.4,0,,,93.8,0,0
713,2019-10-28 4:00,5.5,303.8,0.8,0,,,94.6,0,0
713,2019-10-28 5:00,5.1,306.8,0.9,0,,,95.4,0,0
713,2019-10-28 6:00,4.8,299.8,0.5,0,,,96.3,0,0
713,2019-10-28 7:00,5.3,306.6,0.8,0,,,97.4,0,0
713,2019-10-28 8:00,8.2,0,0.4,0,,,89,0,0
713,2019-10-28 9:00,11.3,104.9,0.7,0,,,74.2,0,0
713,2019-10-28 10:00,14.8,116.3,0.8,0,,,52.4,0,0
713,2019-10-28 11:00,17.1,170.3,1.1,0,,,49.4,0,0
713,2019-10-28 12:00,18,198.8,1.8,0,,,47.9,0,0
713,2019-10-28 13:00,19,201.6,2.2,0,,,49.8,0,0
713,2019-10-28 14:00,18.8,199.4,2.9,0,,,45.7,0,0
713,2019-10-28 15:00,18.6,187.6,1.8,0,,,48.8,0,0
713,2019-10-28 16:00,19.1,233.9,1.2,0,,,47.1,0,0
713,2019-10-28 17:00,16.7,201.5,2,0,,,52.2,0,0
713,2019-10-28 18:00,15.4,200.1,1.6,0,,,62.7,0,0
713,2019-10-28 19:00,14,352.3,0.6,0,,,71,0,0
713,2019-10-28 20:00,12.7,261.2,0.6,0,,,78.8,0,0
713,2019-10-28 21:00,12.3,293.2,0.6,0,,,81.1,0,0
713,2019-10-28 22:00,11.8,0,0.1,0,,,83.3,0,0
713,2019-10-28 23:00,10.5,0,0,0,,,88.7,0,0
713,2019-10-29 0:00,10.2,0,0,0,,,91,0,0
713,2019-10-29 1:00,9.6,299.8,0.7,0,,,92.7,0,0
713,2019-10-29 2:00,9.1,304.2,0.8,0,,,95.4,0,0
713,2019-10-29 3:00,8.7,296.7,0.7,0,,,97.4,0,0
713,2019-10-29 4:00,9.7,0,0.3,0,,,96.6,0,0
713,2019-10-29 5:00,9.4,309.1,0.5,0,,,95.2,0,0
713,2019-10-29 6:00,8.7,304.1,0.5,0,,,98.8,0,0
713,2019-10-29 7:00,9.3,0,0.2,0,,,98.5,0,0
713,2019-10-29 8:00,11.3,0,0.2,0,,,93.2,0,0
713,2019-10-29 9:00,14.2,0,0.2,0,,,79.8,0,0
713,2019-10-29 10:00,17.9,271.7,1.2,0,,,64.4,0,0
713,2019-10-29 11:00,19.3,289.4,2.1,0,,,55.3,0,0
713,2019-10-29 12:00,20.1,264.3,2.7,0,,,48.9,0,0
713,2019-10-29 13:00,20.7,280.4,3.1,0,,,41.4,0,0
713,2019-10-29 14:00,20.4,261.9,3.3,0,,,40.4,0,0
713,2019-10-29 15:00,20,278.5,3.7,0,,,34.1,0,0
713,2019-10-29 16:00,19.5,267.6,2.2,0,,,37.2,0,0
713,2019-10-29 17:00,17.5,279.8,2.2,0,,,40.9,0,0
713,2019-10-29 18:00,16,268.3,2.4,0,,,42.9,0,0
713,2019-10-29 19:00,13.6,276.4,1.3,0,,,53.7,0,0
713,2019-10-29 20:00,12.3,256.9,1.2,0,,,62.6,0,0
713,2019-10-29 21:00,10.4,0,0.2,0,,,73.1,0,0
713,2019-10-29 22:00,9.9,304.5,0.8,0,,,76.9,0,0
713,2019-10-29 23:00,9.9,100.8,0.5,0,,,79.4,0,0
713,2019-10-30 0:00,9.8,0,0.4,0,,,83.7,0,0
713,2019-10-30 1:00,9.3,0,0.2,0,,,84.8,0,0
713,2019-10-30 2:00,11.9,313,2.1,0,,,70.5,0,0
713,2019-10-30 3:00,10.7,290.5,1.1,0,,,72,0,0
713,2019-10-30 4:00,10.3,262.8,1.1,0,,,73.2,0,0
713,2019-10-30 5:00,8.6,0,0.4,0,,,78.2,0,0
713,2019-10-30 6:00,7.1,0,0.1,0,,,89.9,0,0
713,2019-10-30 7:00,6.1,0,0.2,0,,,92.4,0,0
713,2019-10-30 8:00,9.8,95,0.7,0,,,75.8,0,0
713,2019-10-30 9:00,13.2,108.5,0.7,0,,,65.1,0,0
713,2019-10-30 10:00,16.5,246.9,1.3,0,,,51.1,0,0
713,2019-10-30 11:00,17.9,261.2,2.1,0,,,48.1,0,0
713,2019-10-30 12:00,19,256.1,2.6,0,,,44.1,0,0
713,2019-10-30 13:00,19.3,261.1,3,0,,,38.3,0,0
713,2019-10-30 14:00,19.9,267.7,3,0,,,39,0,0
713,2019-10-30 15:00,20.1,268.9,2.8,0,,,35.7,0,0
713,2019-10-30 16:00,19.6,299.7,2.5,0,,,39.7,0,0
713,2019-10-30 17:00,17.4,277.5,1,0,,,49.6,0,0
713,2019-10-30 18:00,15.4,283.3,1.1,0,,,55.8,0,0
713,2019-10-30 19:00,13.8,278.4,1.5,0,,,60,0,0
713,2019-10-30 20:00,11.6,27.2,0.7,0,,,71.1,0,0
713,2019-10-30 21:00,10.5,34.5,0.7,0,,,74.7,0,0
713,2019-10-30 22:00,8.8,0,0.2,0,,,78.8,0,0
713,2019-10-30 23:00,8,0,0.1,0,,,86.8,0,0
713,2019-10-31 0:00,6.9,0,0.1,0,,,89.4,0,0
713,2019-10-31 1:00,7,318.6,0.9,0,,,88.8,0,0
713,2019-10-31 2:00,6,0,0.1,0,,,96.4,0,0
713,2019-10-31 3:00,5.7,0,0.3,0,,,94.6,0,0
713,2019-10-31 4:00,5.4,0,0.4,0,,,96.5,0,0
713,2019-10-31 5:00,5.2,0,0.3,0,,,98.8,0,0
713,2019-10-31 6:00,5.3,289.4,0.6,0,,,98.2,0,0
713,2019-10-31 7:00,5,323.5,0.6,0,,,99.5,0,0
713,2019-10-31 8:00,9,0,0.1,0,,,86.8,0,0
713,2019-10-31 9:00,12.6,0,0.4,0,,,65.2,0,0
713,2019-10-31 10:00,15.8,147.6,0.7,0,,,60.1,0,0
713,2019-10-31 11:00,17.1,108.1,1,0,,,53.3,0,0
713,2019-10-31 12:00,20.2,157.4,1.6,0,,,47.2,0,0
713,2019-10-31 13:00,22.1,265.1,3,0,,,36.6,0,0
713,2019-10-31 14:00,22.3,268.5,3.4,0,,,38.1,0,0
713,2019-10-31 15:00,22,263.9,3.3,0,,,40,0,0
713,2019-10-31 16:00,21.3,269.5,2.7,0,,,46,0,0
713,2019-10-31 17:00,19.3,269,1.6,0,,,54.3,0,0
713,2019-10-31 18:00,17.8,278.9,1.7,0,,,61.4,0,0
713,2019-10-31 19:00,16,281.9,1.5,0,,,68.2,0,0
713,2019-10-31 20:00,15,274.4,2.1,0,,,69.7,0,0
713,2019-10-31 21:00,13.6,259.1,0.9,0,,,75.6,0,0
713,2019-10-31 22:00,12.3,8.6,0.7,0,,,81.9,0,0
713,2019-10-31 23:00,10.8,0,0,0,,,86.6,0,0
713,2019-11-01 0:00,9.8,0,0.1,0,,,90.3,0,0
713,2019-11-01 1:00,10.1,7.2,0.5,0,,,89.9,0,0
713,2019-11-01 2:00,9.6,0,0.4,0,,,95.3,0,0
713,2019-11-01 3:00,9.3,0,0.2,0,,,97.5,0,0
713,2019-11-01 4:00,8.8,0,0.4,0,,,99.9,0,0
713,2019-11-01 5:00,8.3,0,0.1,0,,,99.9,0,0
713,2019-11-01 6:00,8.4,0,0.1,0,,,99.9,0,0
713,2019-11-01 7:00,8.4,0,0.4,0,,,99.7,0,0
713,2019-11-01 8:00,10.8,0,0.4,0,,,97.9,0,0
713,2019-11-01 9:00,15.8,94.3,0.6,0,,,75.8,0,0
713,2019-11-01 10:00,19,111.1,1.3,0,,,67,0,0
713,2019-11-01 11:00,20.6,110.1,1,0,,,59.3,0,0
713,2019-11-01 12:00,22.5,164.1,0.9,0,,,50.9,0,0
713,2019-11-01 13:00,22.5,106.2,1.1,0,,,46.4,0,0
713,2019-11-01 14:00,24.8,244.3,1.9,0,,,30.5,0,0
713,2019-11-01 15:00,24.7,261.1,2.5,0,,,31,0,0
713,2019-11-01 16:00,23.3,268.5,2.2,0,,,37.8,0,0
713,2019-11-01 17:00,21,316.1,0.9,0,,,49.5,0,0
713,2019-11-01 18:00,17.6,303.4,0.6,0,,,63.8,0,0
713,2019-11-01 19:00,15.5,257.4,0.6,0,,,72.9,0,0
713,2019-11-01 20:00,14.7,305.9,1.1,0,,,76.6,0,0
713,2019-11-01 21:00,13.6,314.5,0.6,0,,,80.2,0,0
713,2019-11-01 22:00,13.2,323.3,1.1,0,,,82.3,0,0
713,2019-11-01 23:00,12.3,287.9,0.6,0,,,85.3,0,0
713,2019-11-02 0:00,11.9,300.2,0.7,0,,,88,0,0
713,2019-11-02 1:00,11.8,313.7,0.9,0,,,90,0,0
713,2019-11-02 2:00,11,277.3,0.5,0,,,94.1,0,0
713,2019-11-02 3:00,10.8,302.6,0.7,0,,,96.2,0,0
713,2019-11-02 4:00,10.5,294.5,0.6,0,,,98.1,0,0
713,2019-11-02 5:00,10.2,272.5,0.9,0,,,99.9,0,0
713,2019-11-02 6:00,10,0,0.4,0,,,99.9,0,0
713,2019-11-02 7:00,9.8,299.5,0.7,0,,,99.9,0,0
713,2019-11-02 8:00,12.1,0,0.3,0,,,98.7,0,0
713,2019-11-02 9:00,15.9,303.7,0.7,0,,,80.6,0,0
713,2019-11-02 10:00,19.2,182.3,0.6,0,,,64,0,0
713,2019-11-02 11:00,20,69.5,1.7,0,,,56.7,0,0
713,2019-11-02 12:00,20.2,72.7,1.8,0,,,55.5,0,0
713,2019-11-02 13:00,20.7,56.4,1.6,0,,,54.6,0,0
713,2019-11-02 14:00,20.7,128.2,0.9,0,,,56.4,0,0
713,2019-11-02 15:00,21.8,197.5,0.9,0,,,52.4,0,0
713,2019-11-02 16:00,21.1,274.4,0.8,0,,,51.1,0,0
713,2019-11-02 17:00,19.4,222.5,1.4,0,,,60.9,0,0
713,2019-11-02 18:00,17.5,278.1,0.9,0,,,71.9,0,0
713,2019-11-02 19:00,16.1,309.7,0.8,0,,,77.1,0,0
713,2019-11-02 20:00,14.2,0,0.4,0,,,84.6,0,0
713,2019-11-02 21:00,12.8,283,0.5,0,,,88.8,0,0
713,2019-11-02 22:00,12.3,277.9,0.5,0,,,90.5,0,0
713,2019-11-02 23:00,12.2,281.8,1,0,,,91.8,0,0
713,2019-11-03 0:00,11.8,279.4,0.8,0,,,93.6,0,0
713,2019-11-03 1:00,11.8,301,0.5,0,,,94.6,0,0
713,2019-11-03 2:00,11.3,0,0.2,0,,,96.2,0,0
713,2019-11-03 3:00,11.2,0,0.2,0,,,97.9,0,0
713,2019-11-03 4:00,11.4,0,0.4,0,,,96.5,0,0
713,2019-11-03 5:00,11.1,0,0,0,,,97.9,0,0
713,2019-11-03 6:00,11.1,0,0,0,,,99.8,0,0
713,2019-11-03 7:00,11.2,0,0,0,,,99.7,0,0
713,2019-11-03 8:00,12.4,59,0.5,0,,,93.9,0,0
713,2019-11-03 9:00,14,0,0.2,0,,,84.4,0,0
713,2019-11-03 10:00,16,0,0.2,0,,,75,0,0
713,2019-11-03 11:00,19.1,149.2,1.2,0,,,65.4,0,0
713,2019-11-03 12:00,20,198.7,1,0,,,55.3,0,0
713,2019-11-03 13:00,21,129.9,1.3,0,,,51.5,0,0
713,2019-11-03 14:00,22.6,149.9,1.1,0,,,42.6,0,0
713,2019-11-03 15:00,23.2,257.9,1.7,0,,,38.2,0,0
713,2019-11-03 16:00,21.8,209,1.8,0,,,46.3,0,0
713,2019-11-03 17:00,19.4,0,0.3,0,,,53.7,0,0
713,2019-11-03 18:00,16.5,304.7,1.1,0,,,67.5,0,0
713,2019-11-03 19:00,14.7,277.3,0.9,0,,,69.3,0,0
713,2019-11-03 20:00,13.4,285.2,1.1,0,,,75,0,0
713,2019-11-03 21:00,12.4,300.6,0.7,0,,,76.2,0,0
713,2019-11-03 22:00,11.8,295.5,1.1,0,,,77.7,0,0
713,2019-11-03 23:00,11.7,281.3,1,0,,,77.5,0,0
713,2019-11-04 0:00,11.2,283.2,1.4,0,,,81.5,0,0
713,2019-11-04 1:00,11.1,271.2,1,0,,,82.9,0,0
713,2019-11-04 2:00,11.4,301.2,1.5,0,,,80.4,0,0
713,2019-11-04 3:00,10.6,292.1,1.2,0,,,84.3,0,0
713,2019-11-04 4:00,10.4,301.2,1.3,0,,,84.3,0,0
713,2019-11-04 5:00,10.1,288.8,1.1,0,,,88.1,0,0
713,2019-11-04 6:00,10.7,286.1,0.9,0,,,90.6,0,0
713,2019-11-04 7:00,11.3,297.7,1.2,0,,,86.6,0,0
713,2019-11-04 8:00,12.7,285.4,1.1,0,,,82.4,0,0
713,2019-11-04 9:00,14.3,305.8,0.5,0,,,76.5,0,0
713,2019-11-04 10:00,17,151.9,0.8,0,,,64.1,0,0
713,2019-11-04 11:00,17.9,136.5,1.1,0,,,60.1,0,0
713,2019-11-04 12:00,19.1,101.8,2.1,0,,,55.5,0,0
713,2019-11-04 13:00,20.4,139.4,1.8,0,,,50.4,0,0
713,2019-11-04 14:00,19.7,89,2.2,0,,,49.2,0,0
713,2019-11-04 15:00,18.8,87,1.9,0,,,55.4,0,0
713,2019-11-04 16:00,18.2,31.3,0.7,0,,,58.6,0,0
713,2019-11-04 17:00,16.1,27,0.6,0,,,74.3,0,0
713,2019-11-04 18:00,14.8,51.8,0.5,0,,,84.2,0,0
713,2019-11-04 19:00,15,0,0.3,0,,,81.2,0,0
713,2019-11-04 20:00,13.7,0,0.3,0,,,86.1,0,0
713,2019-11-04 21:00,13.5,0,0.2,0,,,85.3,0,0
713,2019-11-04 22:00,13.9,0,0.4,0,,,80.6,0,0
713,2019-11-04 23:00,13.1,317.1,0.8,0,,,86,0,0
713,2019-11-05 0:00,12.7,302.8,0.8,0,,,88.7,0,0
713,2019-11-05 1:00,12.5,0,0.2,0,,,89.1,0,0
713,2019-11-05 2:00,11.8,301.8,0.6,0,,,91.2,0,0
713,2019-11-05 3:00,11,338.6,0.6,0,,,94.3,0,0
713,2019-11-05 4:00,10,0,0.4,0,,,98.8,0,0
713,2019-11-05 5:00,10.5,0,0.3,0,,,97.3,0,0
713,2019-11-05 6:00,9.6,0,0.3,0,,,99.7,0,0
713,2019-11-05 7:00,9.2,0,0.1,0,,,99.9,0,0
713,2019-11-05 8:00,10.7,0,0.1,0,,,99.9,0,0
713,2019-11-05 9:00,13.8,0,0.4,0,,,83.2,0,0
713,2019-11-05 10:00,16.6,0,0.4,0,,,73.1,0,0
713,2019-11-05 11:00,17.6,109.9,1,0,,,66.5,0,0
713,2019-11-05 12:00,19.2,87.4,1.6,0,,,52.3,0,0
713,2019-11-05 13:00,21.2,258.5,2.3,0,,,38.5,0,0
713,2019-11-05 14:00,21.3,275,3.4,0,,,31.2,0,0
713,2019-11-05 15:00,21.1,301.6,2.7,0,,,35.8,0,0
713,2019-11-05 16:00,19.9,285.7,3.2,0,,,44.7,0,0
713,2019-11-05 17:00,17.8,268,1.9,0,,,50.9,0,0
713,2019-11-05 18:00,16.5,309.1,1.3,0,,,57.5,0,0
713,2019-11-05 19:00,14.6,279.7,1.2,0,,,64.4,0,0
713,2019-11-05 20:00,12.6,325.1,0.6,0,,,73.3,0,0
713,2019-11-05 21:00,13.2,329.7,0.8,0,,,74.7,0,0
713,2019-11-05 22:00,12.5,13,0.6,0,,,78.8,0,0
713,2019-11-05 23:00,10.2,0,0.3,0,,,83.8,0,0
713,2019-11-06 0:00,9.2,0,0.4,0,,,94,0,0
713,2019-11-06 1:00,7.9,0,0.2,0,,,96.1,0,0
713,2019-11-06 2:00,7.4,0,0.3,0,,,97.7,0,0
713,2019-11-06 3:00,6.6,301.5,0.5,0,,,97.7,0,0
713,2019-11-06 4:00,6.6,306.5,1.1,0,,,96.1,0,0
713,2019-11-06 5:00,5.4,0,0.4,0,,,97,0,0
713,2019-11-06 6:00,5.5,306,0.6,0,,,97.1,0,0
713,2019-11-06 7:00,5.2,290.6,1.1,0,,,96.5,0,0
713,2019-11-06 8:00,7.8,0,0.3,0,,,91,0,0
713,2019-11-06 9:00,12,0,0.4,0,,,71.5,0,0
713,2019-11-06 10:00,14.5,107.7,0.8,0,,,57.6,0,0
713,2019-11-06 11:00,17.7,158.9,1.2,0,,,55,0,0
713,2019-11-06 12:00,19.5,148,1.2,0,,,41.1,0,0
713,2019-11-06 13:00,20.2,156.2,1.5,0,,,41.2,0,0
713,2019-11-06 14:00,20.5,154.3,1.5,0,,,38,0,0
713,2019-11-06 15:00,21.1,202.8,1.9,0,,,40.6,0,0
713,2019-11-06 16:00,19.8,211.1,1.4,0,,,45.5,0,0
713,2019-11-06 17:00,17.4,250,1.3,0,,,52.8,0,0
713,2019-11-06 18:00,15,314.2,0.7,0,,,60.7,0,0
713,2019-11-06 19:00,13.4,291.8,0.8,0,,,66.6,0,0
713,2019-11-06 20:00,13.7,285.8,1.1,0,,,59.4,0,0
713,2019-11-06 21:00,11.8,305.6,1.2,0,,,64.7,0,0
713,2019-11-06 22:00,12.5,277.1,2.2,0,,,57.2,0,0
713,2019-11-06 23:00,12.2,276.8,1.6,0,,,58.6,0,0
713,2019-11-07 0:00,12,281,1.6,0,,,62.6,0,0
713,2019-11-07 1:00,12.3,272.1,1.4,0,,,67.1,0,0
713,2019-11-07 2:00,11.6,66.5,0.7,0,,,72.4,0,0
713,2019-11-07 3:00,11.3,225.9,1.1,0,,,78.3,0,0
713,2019-11-07 4:00,10.6,0,0.4,0,,,80.9,0,0
713,2019-11-07 5:00,12.6,0,0.4,0,,,72.3,0,0
713,2019-11-07 6:00,12.6,266.2,1.3,0,,,71,0,0
713,2019-11-07 7:00,12.6,262.4,1.9,0,,,69.4,0,0
713,2019-11-07 8:00,13.3,266.4,1.9,0,,,67.4,0,0
713,2019-11-07 9:00,14.4,270,2.8,0,,,60.6,0,0
713,2019-11-07 10:00,15.4,271,3.4,0,,,58.5,0,0
713,2019-11-07 11:00,17.6,279.9,2.9,0,,,54.1,0,0
713,2019-11-07 12:00,17.2,300.9,4.5,0,,,52.7,0,0
713,2019-11-07 13:00,17.7,273.8,4.3,0,,,51.2,0,0
713,2019-11-07 14:00,18.4,287.6,3,0,,,46.6,0,0
713,2019-11-07 15:00,18.9,298.3,3.4,0,,,44.3,0,0
713,2019-11-07 16:00,18.6,295,2.6,0,,,42.4,0,0
713,2019-11-07 17:00,16.2,273.8,1.6,0,,,49.6,0,0
713,2019-11-07 18:00,14.6,281.7,1.6,0,,,52.1,0,0
713,2019-11-07 19:00,12.7,257.3,1.6,0,,,57.8,0,0
713,2019-11-07 20:00,12.1,294.6,1.2,0,,,60.6,0,0
713,2019-11-07 21:00,11.4,330.2,1.4,0,,,61.4,0,0
713,2019-11-07 22:00,10.4,293.3,1,0,,,61.7,0,0
713,2019-11-07 23:00,9.6,293.1,1.1,0,,,64.9,0,0
713,2019-11-08 0:00,8.4,36.3,0.7,0,,,73.8,0,0
713,2019-11-08 1:00,7.5,32.8,0.8,0,,,78.5,0,0
713,2019-11-08 2:00,7.1,55.5,0.7,0,,,78.9,0,0
713,2019-11-08 3:00,5.2,0,0.2,0,,,88.1,0,0
713,2019-11-08 4:00,4.6,0,0.2,0,,,92.2,0,0
713,2019-11-08 5:00,4.4,0,0.2,0,,,91.8,0,0
713,2019-11-08 6:00,3.8,0,0.2,0,,,95.9,0,0
713,2019-11-08 7:00,3.3,0,0.2,0,,,95.2,0,0
713,2019-11-08 8:00,5.6,89.1,1.1,0,,,88.1,0,0
713,2019-11-08 9:00,9,100.4,1,0,,,67.8,0,0
713,2019-11-08 10:00,13.1,135.6,0.8,0,,,41.4,0,0
713,2019-11-08 11:00,15,253.5,2.1,0,,,31.1,0,0
713,2019-11-08 12:00,15.8,266.6,2.9,0,,,26.7,0,0
713,2019-11-08 13:00,16.8,259.3,3,0,,,23.5,0,0
713,2019-11-08 14:00,16.8,269.5,4,0,,,23.9,0,0
713,2019-11-08 15:00,17.1,264.1,3.4,0,,,23.9,0,0
713,2019-11-08 16:00,16.9,295.4,2.5,0,,,25.2,0,0
713,2019-11-08 17:00,14.1,290.3,1.6,0,,,33,0,0
713,2019-11-08 18:00,12.4,310.7,1.3,0,,,37.6,0,0
713,2019-11-08 19:00,10.9,325.1,1,0,,,39.9,0,0
713,2019-11-08 20:00,9.7,329.6,0.9,0,,,44.9,0,0
713,2019-11-08 21:00,8,0,0.3,0,,,51.7,0,0
713,2019-11-08 22:00,5.8,0,0.1,0,,,66.2,0,0
713,2019-11-08 23:00,4.8,0,0.4,0,,,71.3,0,0
713,2019-11-09 0:00,4.1,0,0.3,0,,,75.7,0,0
713,2019-11-09 1:00,3.5,0,0,0,,,81.3,0,0
713,2019-11-09 2:00,3.4,303.1,0.8,0,,,81.1,0,0
713,2019-11-09 3:00,3.4,318.3,0.8,0,,,78.2,0,0
713,2019-11-09 4:00,1.5,0,0.2,0,,,85.1,0,0
713,2019-11-09 5:00,1.6,0,0.3,0,,,86.5,0,0
713,2019-11-09 6:00,1.9,299.4,0.6,0,,,85.9,0,0
713,2019-11-09 7:00,1.4,0,0.3,0,,,86.4,0,0
713,2019-11-09 8:00,4.4,0,0.4,0,,,76.3,0,0
713,2019-11-09 9:00,8.4,137.2,0.7,0,,,61.9,0,0
713,2019-11-09 10:00,12.3,150.8,0.6,0,,,44.8,0,0
713,2019-11-09 11:00,14.8,131.6,0.6,0,,,33.9,0,0
713,2019-11-09 12:00,17.5,100.4,0.9,0,,,31.3,0,0
713,2019-11-09 13:00,18.4,110.6,1.6,0,,,27.6,0,0
713,2019-11-09 14:00,20.5,247.1,2.5,0,,,25.2,0,0
713,2019-11-09 15:00,19.9,273.5,2.8,0,,,24.4,0,0
713,2019-11-09 16:00,19,262.3,2.2,0,,,27.2,0,0
713,2019-11-09 17:00,16.5,274.2,1.6,0,,,31.3,0,0
713,2019-11-09 18:00,12.9,0,0.4,0,,,42.5,0,0
713,2019-11-09 19:00,11.3,359.4,0.6,0,,,49.7,0,0
713,2019-11-09 20:00,10,348.5,0.7,0,,,56.2,0,0
713,2019-11-09 21:00,8.7,324.1,1.1,0,,,59.9,0,0
713,2019-11-09 22:00,7.1,334.4,0.7,0,,,68.7,0,0
713,2019-11-09 23:00,6,295.2,0.5,0,,,72.3,0,0
713,2019-11-10 0:00,5.6,310.9,0.7,0,,,73.5,0,0
713,2019-11-10 1:00,4.8,342.7,0.5,0,,,76.5,0,0
713,2019-11-10 2:00,4.7,296.2,0.9,0,,,79,0,0
713,2019-11-10 3:00,4.6,303.1,1.3,0,,,78.3,0,0
713,2019-11-10 4:00,3.8,285.9,0.7,0,,,84,0,0
713,2019-11-10 5:00,4.2,304.9,0.9,0,,,82,0,0
713,2019-11-10 6:00,4,278.3,0.6,0,,,83.4,0,0
713,2019-11-10 7:00,4.4,299.1,1,0,,,82.2,0,0
713,2019-11-10 8:00,5.7,287,0.8,0,,,78.3,0,0
713,2019-11-10 9:00,8.3,298.3,1,0,,,72.4,0,0
713,2019-11-10 10:00,10.6,0,0.4,0,,,59.2,0,0
713,2019-11-10 11:00,14,211.5,0.6,0,,,48,0,0
713,2019-11-10 12:00,15.3,62.4,0.8,0,,,41.2,0,0
713,2019-11-10 13:00,16.7,146.4,0.6,0,,,42.4,0,0
713,2019-11-10 14:00,17.2,133.4,1.9,0,,,51.8,0,0
713,2019-11-10 15:00,17.1,143,2.3,0,,,57.1,0,0
713,2019-11-10 16:00,16.7,144.5,2.6,0,,,61.5,0,0
713,2019-11-10 17:00,15.6,154.3,0.7,0,,,67.7,0,0
713,2019-11-10 18:00,14.8,306.7,0.5,0,,,74.4,0,0
713,2019-11-10 19:00,13.9,0,0.2,0,,,79.6,0,0
713,2019-11-10 20:00,13,323.8,0.5,0,,,87,0,0
713,2019-11-10 21:00,13,283.6,4.2,4.5,,,95.9,0,0
713,2019-11-10 22:00,12.4,250.3,0.5,2.5,,,99.5,0,0
713,2019-11-10 23:00,13,268.3,3.1,0,,,85.8,0,0
713,2019-11-11 0:00,11.6,285.6,1.4,0,,,83.2,0,0
713,2019-11-11 1:00,9.8,292.6,1.1,0,,,94,0,0
713,2019-11-11 2:00,9.3,292.8,1.2,0,,,97,0,0
713,2019-11-11 3:00,10.6,264.8,1.2,0,,,87.5,0,0
713,2019-11-11 4:00,9.9,283.4,0.7,0,,,91.8,0,0
713,2019-11-11 5:00,9.1,84.1,0.6,0,,,96.3,0,0
713,2019-11-11 6:00,8.5,0,0.3,0,,,97.4,0,0
713,2019-11-11 7:00,8.5,61.7,0.6,0,,,98,0,0
713,2019-11-11 8:00,11.7,248.8,1.2,0,,,90.3,0,0
713,2019-11-11 9:00,14.2,234.3,1.6,0,,,72.4,0,0
713,2019-11-11 10:00,15.9,272.2,1.6,0,,,61.7,0,0
713,2019-11-11 11:00,16.9,285.3,1.6,0,,,61,0,0
713,2019-11-11 12:00,17.6,270.2,3.8,0,,,56.5,0,0
713,2019-11-11 13:00,20,277.8,3.3,0,,,49.1,0,0
713,2019-11-11 14:00,19.5,291,3.7,0,,,46.2,0,0
713,2019-11-11 15:00,19.1,268.3,4.5,0,,,46.4,0,0
713,2019-11-11 16:00,18.7,285.6,2.6,0,,,46.3,0,0
713,2019-11-11 17:00,16.8,265.9,3.1,0,,,53,0,0
713,2019-11-11 18:00,14.9,276.2,1.2,0,,,59.6,0,0
713,2019-11-11 19:00,13.8,292.7,0.7,0,,,65.8,0,0
713,2019-11-11 20:00,13.9,293.5,1.4,0,,,66,0,0
713,2019-11-11 21:00,12.7,265.2,1.2,0,,,71.4,0,0
713,2019-11-11 22:00,12.2,289.9,1.2,0,,,74.2,0,0
713,2019-11-11 23:00,11.9,273,1.8,0,,,73.6,0,0
713,2019-11-12 0:00,11.1,283.6,1.6,0,,,77,0,0
713,2019-11-12 1:00,10.3,324.4,0.6,0,,,77.3,0,0
713,2019-11-12 2:00,10.1,262.2,1.1,0,,,78.3,0,0
713,2019-11-12 3:00,8.1,60.6,1,0,,,85.3,0,0
713,2019-11-12 4:00,8.3,286.6,1,0,,,85.1,0,0
713,2019-11-12 5:00,11,305.8,2,0,,,66.4,0,0
713,2019-11-12 6:00,7.2,110.1,0.7,0,,,87.8,0,0
713,2019-11-12 7:00,6.3,75.5,0.8,0,,,87.3,0,0
713,2019-11-12 8:00,7.5,306.3,0.7,0,,,87.2,0,0
713,2019-11-12 9:00,11,332.9,0.6,0,,,66.7,0,0
713,2019-11-12 10:00,14.8,134.8,0.6,0,,,52.8,0,0
713,2019-11-12 11:00,15.6,148.4,1,0,,,49.9,0,0
713,2019-11-12 12:00,17.7,164.2,1.7,0,,,47.8,0,0
713,2019-11-12 13:00,18.6,204.1,1.8,0,,,45.5,0,0
713,2019-11-12 14:00,18.2,147,2,0,,,45.8,0,0
713,2019-11-12 15:00,17.7,145.6,1.6,0,,,42.5,0,0
713,2019-11-12 16:00,16.4,214.8,2.4,0,,,44.8,0,0
713,2019-11-12 17:00,15.1,214.2,1.9,0,,,56.9,0,0
713,2019-11-12 18:00,13.3,298.7,1.2,0,,,68.2,0,0
713,2019-11-12 19:00,12.1,317,0.8,0,,,72.2,0,0
713,2019-11-12 20:00,10.7,301.1,1.2,0,,,79.1,0,0
713,2019-11-12 21:00,9.3,315.2,0.6,0,,,84.3,0,0
713,2019-11-12 22:00,8.8,305.9,1,0,,,84.7,0,0
713,2019-11-12 23:00,7.8,299.2,0.9,0,,,91,0,0
713,2019-11-13 0:00,7.5,295.2,0.8,0,,,91.4,0,0
713,2019-11-13 1:00,6.9,297.8,0.7,0,,,94.2,0,0
713,2019-11-13 2:00,6.6,304.3,0.6,0,,,97.4,0,0
713,2019-11-13 3:00,6.1,0,0.3,0,,,99.1,0,0
713,2019-11-13 4:00,6,328.7,0.7,0,,,99.9,0,0
713,2019-11-13 5:00,5.6,313,0.6,0,,,99.9,0,0
713,2019-11-13 6:00,5.3,287,1,0,,,99.9,0,0
713,2019-11-13 7:00,6.4,280.7,0.8,0,,,99.9,0,0
713,2019-11-13 8:00,7.8,0,0,0,,,94,0,0
713,2019-11-13 9:00,9.7,273.9,0.5,0,,,85.7,0,0
713,2019-11-13 10:00,11.9,0,0.3,0,,,73.8,0,0
713,2019-11-13 11:00,15.1,122.7,0.8,0,,,60.5,0,0
713,2019-11-13 12:00,16.5,204.7,2.2,0,,,62.7,0,0
713,2019-11-13 13:00,16,242.2,1.7,0,,,53.5,0,0
713,2019-11-13 14:00,16.1,261.3,2,0,,,37.7,0,0
713,2019-11-13 15:00,16.2,221.3,1.5,0,,,36.4,0,0
713,2019-11-13 16:00,15.7,233.1,2.2,0,,,34.4,0,0
713,2019-11-13 17:00,15.2,261.9,1.4,0,,,44,0,0
713,2019-11-13 18:00,14.1,0,0.4,0,,,53.1,0,0
713,2019-11-13 19:00,14,202.9,1.1,0,,,62.5,0,0
713,2019-11-13 20:00,13.2,327.6,0.5,0,,,79.2,0,0
713,2019-11-13 21:00,13.5,224.6,0.9,0,,,78.3,0,0
713,2019-11-13 22:00,14,306.3,3.2,0,,,72.6,0,0
713,2019-11-13 23:00,12.7,282.8,3.1,0,,,63.8,0,0
713,2019-11-14 0:00,11,286.8,2.4,0,,,59.7,0,0
713,2019-11-14 1:00,10,299.9,1.8,0,,,60.2,0,0
713,2019-11-14 2:00,9.2,272.9,1.2,0,,,63.1,0,0
713,2019-11-14 3:00,9.2,285.4,2.8,0,,,61.9,0,0
713,2019-11-14 4:00,8.7,316.1,3.7,0,,,60.1,0,0
713,2019-11-14 5:00,7.5,318.1,3.6,0,,,57.8,0,0
713,2019-11-14 6:00,5.9,294,1.4,0,,,58.1,0,0
713,2019-11-14 7:00,5.5,306.6,3.1,0,,,54.4,0,0
713,2019-11-14 8:00,5.5,315.6,2.5,0,,,50.2,0,0
713,2019-11-14 9:00,6.5,295.3,2.1,0,,,46.4,0,0
713,2019-11-14 10:00,7.6,290.8,3.5,0,,,43.7,0,0
713,2019-11-14 11:00,8.5,290.2,3.8,0,,,41.2,0,0
713,2019-11-14 12:00,9.9,296.1,3.3,0,,,37.2,0,0
713,2019-11-14 13:00,10.4,282.3,3.7,0,,,32.4,0,0
713,2019-11-14 14:00,10.6,287.7,3.6,0,,,27.3,0,0
713,2019-11-14 15:00,10.8,286.9,3,0,,,24.2,0,0
713,2019-11-14 16:00,9.9,271.6,2.7,0,,,26.9,0,0
713,2019-11-14 17:00,7.8,272.4,2,0,,,31.9,0,0
713,2019-11-14 18:00,6.4,307.4,1.3,0,,,41.9,0,0
713,2019-11-14 19:00,3.9,298.7,1,0,,,54.5,0,0
713,2019-11-14 20:00,2.5,285.7,0.8,0,,,61.7,0,0
713,2019-11-14 21:00,2.2,284.9,0.9,0,,,66.8,0,0
713,2019-11-14 22:00,1.7,301.2,1.2,0,,,69.4,0,0
713,2019-11-14 23:00,0.8,282.8,0.8,0,,,71.3,0,0
713,2019-11-15 0:00,0.5,294.2,0.9,0,,,73.7,0,0
713,2019-11-15 1:00,0.4,301.8,1.2,0,,,73.8,0,0
713,2019-11-15 2:00,0,300.1,0.9,0,,,77.9,0,0
713,2019-11-15 3:00,0.1,302.9,1.2,0,,,77.4,0,0
713,2019-11-15 4:00,-0.3,317.9,0.8,0,,,81.7,0,0
713,2019-11-15 5:00,-0.5,287.4,1,0,,,83.4,0,0
713,2019-11-15 6:00,-1,0,0,0,,,87.4,0,0
713,2019-11-15 7:00,-0.3,20,0.5,0,,,85,0,0
713,2019-11-15 8:00,1.3,0,0.2,0,,,79.6,0,0
713,2019-11-15 9:00,4.7,0,0.3,0,,,62.5,0,0
713,2019-11-15 10:00,8.5,113.1,0.7,0,,,45.7,0,0
713,2019-11-15 11:00,11.8,147.7,1,0,,,47.2,0,0
713,2019-11-15 12:00,14,195.3,1.8,0,,,45.2,0,0
713,2019-11-15 13:00,15,131,1.3,0,,,47.1,0,0
713,2019-11-15 14:00,16.5,210.6,2.4,0,,,47,0,0
713,2019-11-15 15:00,16.3,202.2,3.4,0,,,51,0,0
713,2019-11-15 16:00,15.9,182.8,3.2,0,,,54.1,0,0
713,2019-11-15 17:00,14.2,195.8,2.6,0,,,62,0,0
713,2019-11-15 18:00,12.1,195.1,1,0,,,69.3,0,0
713,2019-11-15 19:00,10,297.3,0.7,0,,,81.9,0,0
713,2019-11-15 20:00,8.8,301.6,1,0,,,86.3,0,0
713,2019-11-15 21:00,7.4,0,0.1,0,,,92.5,0,0
713,2019-11-15 22:00,6.9,293.7,0.7,0,,,95.7,0,0
713,2019-11-15 23:00,6.5,288.2,0.8,0,,,97.7,0,0
713,2019-11-16 0:00,6.2,294.5,1.1,0,,,99.1,0,0
713,2019-11-16 1:00,5.9,303.5,1,0,,,99.9,0,0
713,2019-11-16 2:00,5.5,308,0.8,0,,,99.9,0,0
713,2019-11-16 3:00,5,0,0.4,0,,,99.9,0,0
713,2019-11-16 4:00,5,299.8,0.6,0,,,99.9,0,0
713,2019-11-16 5:00,5.2,318.9,0.6,0,,,99.9,0,0
713,2019-11-16 6:00,4.9,0,0.4,0,,,99.9,0,0
713,2019-11-16 7:00,5.3,0,0.4,0,,,99.9,0,0
713,2019-11-16 8:00,6.2,289.4,0.6,0,,,99.9,0,0
713,2019-11-16 9:00,10.1,0,0,0,,,96.9,0,0
713,2019-11-16 10:00,14,106,0.8,0,,,69.7,0,0
713,2019-11-16 11:00,16.4,152.4,1.6,0,,,63.4,0,0
713,2019-11-16 12:00,19.2,178.4,2.3,0,,,56.9,0,0
713,2019-11-16 13:00,19.1,215.2,2.7,0,,,56.6,0,0
713,2019-11-16 14:00,20.4,174.8,2.2,0,,,52.5,0,0
713,2019-11-16 15:00,20.1,201.3,2.8,0,,,52.3,0,0
713,2019-11-16 16:00,18.6,208,2.4,0,,,57.3,0,0
713,2019-11-16 17:00,17,198.4,1.5,0,,,65.5,0,0
713,2019-11-16 18:00,14.7,308.7,0.9,0,,,77.2,0,0
713,2019-11-16 19:00,12.8,273.2,0.6,0,,,85.7,0,0
713,2019-11-16 20:00,11.8,307.6,0.7,0,,,89.7,0,0
713,2019-11-16 21:00,11,289.7,0.7,0,,,92.3,0,0
713,2019-11-16 22:00,10.3,300.1,0.7,0,,,97,0,0
713,2019-11-16 23:00,10.2,308,0.7,0,,,98,0,0
713,2019-11-17 0:00,9.4,288.9,0.7,0,,,99.9,0,0
713,2019-11-17 1:00,9.2,290.1,0.7,0,,,99.9,0,0
713,2019-11-17 2:00,9.2,305.5,0.9,0,,,99.9,0,0
713,2019-11-17 3:00,9.2,309.3,0.8,0,,,99.9,0,0
713,2019-11-17 4:00,9.8,292.1,0.5,0,,,99.9,0,0
713,2019-11-17 5:00,10.1,294.6,0.5,0,,,99.9,0,0
713,2019-11-17 6:00,10.7,270.8,0.7,0,,,98.9,0,0
713,2019-11-17 7:00,11.1,0,0,0,,,97.3,0,0
713,2019-11-17 8:00,11.5,0,0,0,,,96.9,0,0
713,2019-11-17 9:00,12.5,0,0,0,,,92.8,0,0
713,2019-11-17 10:00,14.2,0,0.3,0,,,84.5,0,0
713,2019-11-17 11:00,15.3,195.4,0.6,0,,,81.6,0,0
713,2019-11-17 12:00,16,115.4,0.9,0,,,78.3,0,0
713,2019-11-17 13:00,16.4,66.6,0.9,0,,,76.9,0,0
713,2019-11-17 14:00,17,103.5,0.6,0,,,76.6,0,0
713,2019-11-17 15:00,17.3,68.7,1,0,,,75.9,0,0
713,2019-11-17 16:00,16.9,47.7,0.5,0,,,79.8,0,0
713,2019-11-17 17:00,17,47.9,0.8,0,,,78.3,0,0
713,2019-11-17 18:00,17.6,46.3,1.1,0,,,77.5,0,0
713,2019-11-17 19:00,17.7,257.7,1.6,0,,,79.8,0,0
713,2019-11-17 20:00,16.6,0,0.4,0,,,87.3,0,0
713,2019-11-17 21:00,16.4,0,0.4,0,,,90.2,0,0
713,2019-11-17 22:00,16.3,0,0.2,0,,,93,0,0
713,2019-11-17 23:00,15.9,0,0.2,0,,,96.1,0,0
713,2019-11-18 0:00,16.7,0,0.2,0,,,96.5,0,0
713,2019-11-18 1:00,18.5,201.4,3,3,,,99.7,0,0
713,2019-11-18 2:00,18.3,244.7,1.9,3,,,99.9,0,0
713,2019-11-18 3:00,16.9,267.9,4.3,15.5,,,94.2,0,0
713,2019-11-18 4:00,15.1,272.3,3,1,,,88.8,0,0
713,2019-11-18 5:00,14.8,303.6,2.6,0,,,81.8,0,0
713,2019-11-18 6:00,14.7,285.6,2.6,0,,,78.6,0,0
713,2019-11-18 7:00,14.4,271.2,3.4,0,,,75.5,0,0
713,2019-11-18 8:00,13.6,275.7,3.8,0,,,71.4,0,0
713,2019-11-18 9:00,13,296.9,3.4,0,,,67.8,0,0
713,2019-11-18 10:00,13.1,305.5,2.5,0,,,67.8,0,0
713,2019-11-18 11:00,13.4,302.8,2.5,0,,,67.4,0,0
713,2019-11-18 12:00,12.4,300.6,2.8,0,,,66.4,0,0
713,2019-11-18 13:00,12.3,267.4,3.6,0,,,59.4,0,0
713,2019-11-18 14:00,11.2,274.1,3.8,0,,,55.1,0,0
713,2019-11-18 15:00,11.2,294.9,3,0,,,52.2,0,0
713,2019-11-18 16:00,10.5,295.3,2.5,0,,,56.6,0,0
713,2019-11-18 17:00,9.4,304.9,2.6,0,,,58,0,0
713,2019-11-18 18:00,8.7,309.5,1.6,0,,,56.7,0,0
713,2019-11-18 19:00,8.2,300.7,2.7,0,,,57.4,0,0
713,2019-11-18 20:00,7.8,305.4,2.1,0,,,56,0,0
713,2019-11-18 21:00,7.3,291.3,2.4,0,,,56.8,0,0
713,2019-11-18 22:00,6.8,287.3,2.7,0,,,56.5,0,0
713,2019-11-18 23:00,6,291.5,1.7,0,,,60.4,0,0
713,2019-11-19 0:00,5.7,286.8,1.2,0,,,62.4,0,0
713,2019-11-19 1:00,5.7,292.8,1.7,0,,,64.3,0,0
713,2019-11-19 2:00,6.3,278.1,3.1,0,,,65.1,0,0
713,2019-11-19 3:00,6.4,274.5,3,0,,,66.6,0,0
713,2019-11-19 4:00,6.5,276,3.4,0,,,65.3,0,0
713,2019-11-19 5:00,6.7,273.8,3.5,0,,,64.8,0,0
713,2019-11-19 6:00,6.9,279.2,1.9,0,,,65.3,0,0
713,2019-11-19 7:00,7.2,272.5,2.3,0,,,63.4,0,0
713,2019-11-19 8:00,7.4,272.3,2.8,0,,,61.5,0,0
713,2019-11-19 9:00,7.5,320.2,2.5,0,,,59,0,0
713,2019-11-19 10:00,7.3,298.5,3.3,0,,,57.4,0,0
713,2019-11-19 11:00,8.1,314.9,3.3,0,,,50.5,0,0
713,2019-11-19 12:00,9.4,313.3,2.9,0,,,47.5,0,0
713,2019-11-19 13:00,9.5,299.1,3.1,0,,,42.5,0,0
713,2019-11-19 14:00,9.1,290.9,3.2,0,,,43.3,0,0
713,2019-11-19 15:00,9.9,292,3.4,0,,,42.1,0,0
713,2019-11-19 16:00,8.6,284.7,3.4,0,,,47.3,0,0
713,2019-11-19 17:00,7.5,298.5,3.2,0,,,51.6,0,0
713,2019-11-19 18:00,6.6,324,1.7,0,,,56.5,0,0
713,2019-11-19 19:00,6.3,318.1,2.7,0,,,58.7,0,0
713,2019-11-19 20:00,5.6,296.5,1.3,0,,,61.4,0,0
713,2019-11-19 21:00,5,271.2,1.6,0,,,64.2,0,0
713,2019-11-19 22:00,4.8,276.9,2,0,,,65,0,0
713,2019-11-19 23:00,4.7,293.8,1.7,0,,,62.6,0,0
713,2019-11-20 0:00,5,292.5,1.8,0,,,59.5,0,0
713,2019-11-20 1:00,5,299.8,1.7,0,,,59.3,0,0
713,2019-11-20 2:00,4.7,305.4,2,0,,,59.4,0,0
713,2019-11-20 3:00,4.9,295.4,2.3,0,,,56.4,0,0
713,2019-11-20 4:00,4,269.8,2,0,,,58.8,0,0
713,2019-11-20 5:00,2.5,330.1,0.6,0,,,65.3,0,0
713,2019-11-20 6:00,0.7,76.9,0.5,0,,,81.5,0,0
713,2019-11-20 7:00,-0.2,320.7,0.5,0,,,88.6,0,0
713,2019-11-20 8:00,1,332.4,0.7,0,,,83.7,0,0
713,2019-11-20 9:00,3.7,0,0.4,0,,,66.1,0,0
713,2019-11-20 10:00,7.1,124.9,0.8,0,,,53,0,0
713,2019-11-20 11:00,8.2,101.2,1.2,0,,,50.6,0,0
713,2019-11-20 12:00,10.8,266.4,2,0,,,37.6,0,0
713,2019-11-20 13:00,10.8,260.1,1.6,0,,,36.2,0,0
713,2019-11-20 14:00,11.8,307,1.9,0,,,33.2,0,0
713,2019-11-20 15:00,12.4,221.2,1.7,0,,,32.7,0,0
713,2019-11-20 16:00,11.5,256.4,2.3,0,,,32.5,0,0
713,2019-11-20 17:00,9.4,268,2.4,0,,,38.3,0,0
713,2019-11-20 18:00,7.3,306.3,0.7,0,,,49.8,0,0
713,2019-11-20 19:00,4.8,289.5,0.8,0,,,63.6,0,0
713,2019-11-20 20:00,3.3,313.2,0.5,0,,,69.1,0,0
713,2019-11-20 21:00,2.6,320.9,0.5,0,,,70.3,0,0
713,2019-11-20 22:00,2.1,301.4,0.9,0,,,74.4,0,0
713,2019-11-20 23:00,1.5,314.2,0.7,0,,,79.8,0,0
713,2019-11-21 0:00,1.2,302.7,0.8,0,,,76.4,0,0
713,2019-11-21 1:00,0.8,299.5,1.2,0,,,79.7,0,0
713,2019-11-21 2:00,0.2,301.6,0.7,0,,,82.7,0,0
713,2019-11-21 3:00,0.2,302.6,1.4,0,,,81,0,0
713,2019-11-21 4:00,-0.9,0,0.4,0,,,89.4,0,0
713,2019-11-21 5:00,-0.8,0,0.4,0,,,89.9,0,0
713,2019-11-21 6:00,-0.6,302.5,0.8,0,,,92.6,0,0
713,2019-11-21 7:00,-1,321.1,0.6,0,,,90.7,0,0
713,2019-11-21 8:00,0.2,294,0.7,0,,,88.2,0,0
713,2019-11-21 9:00,3.7,295.6,0.6,0,,,71.3,0,0
713,2019-11-21 10:00,8.7,296.7,1.2,0,,,49.6,0,0
713,2019-11-21 11:00,12.2,178.2,1.5,0,,,30.5,0,0
713,2019-11-21 12:00,13.9,104.6,2.5,0,,,19.3,0,0
713,2019-11-21 13:00,14.8,66.9,2.1,0,,,30.4,0,0
713,2019-11-21 14:00,14.8,84.3,2.6,0,,,33.9,0,0
713,2019-11-21 15:00,14.6,102.1,2.2,0,,,34.5,0,0
713,2019-11-21 16:00,14,99.5,2.3,0,,,31.7,0,0
713,2019-11-21 17:00,13,109.5,1.4,0,,,31.1,0,0
713,2019-11-21 18:00,11.3,0,0.4,0,,,35.2,0,0
713,2019-11-21 19:00,9.6,0,0.2,0,,,42.3,0,0
713,2019-11-21 20:00,8.9,282.4,0.5,0,,,53.7,0,0
713,2019-11-21 21:00,8.3,301.4,0.9,0,,,58.7,0,0
713,2019-11-21 22:00,7.7,300,1.1,0,,,61.9,0,0
713,2019-11-21 23:00,6.8,297,1.5,0,,,70,0,0
713,2019-11-22 0:00,7.6,307.6,1.1,0,,,69.2,0,0
713,2019-11-22 1:00,7.6,299,1.1,0,,,70.2,0,0
713,2019-11-22 2:00,7.3,295.3,1.4,0,,,73.7,0,0
713,2019-11-22 3:00,6.6,286.5,1.4,0,,,78,0,0
713,2019-11-22 4:00,5.7,320.3,0.9,0,,,82.3,0,0
713,2019-11-22 5:00,6.6,289.7,1.8,0,,,85.7,0,0
713,2019-11-22 6:00,5.6,297.5,0.6,0,,,88.6,0,0
713,2019-11-22 7:00,5.6,256.7,0.8,0,,,89.5,0,0
713,2019-11-22 8:00,6.5,309.3,1.3,0,,,87.5,0,0
713,2019-11-22 9:00,10.4,299.4,0.6,0,,,75.7,0,0
713,2019-11-22 10:00,15.9,92.3,0.8,0,,,59,0,0
713,2019-11-22 11:00,17.4,97.8,2.5,0,,,54.4,0,0
713,2019-11-22 12:00,18.1,90.7,2.5,0,,,52.1,0,0
713,2019-11-22 13:00,18.9,106.5,2.8,0,,,47.4,0,0
713,2019-11-22 14:00,18.7,89.7,2.3,0,,,47,0,0
713,2019-11-22 15:00,18.7,93.3,2.2,0,,,47.2,0,0
713,2019-11-22 16:00,18.1,65.4,1.4,0,,,48.6,0,0
713,2019-11-22 17:00,16.3,97.7,1.2,0,,,56.5,0,0
713,2019-11-22 18:00,13.1,298.4,0.5,0,,,70.2,0,0
713,2019-11-22 19:00,12,298.4,1.2,0,,,75.2,0,0
713,2019-11-22 20:00,10.2,272.3,1,0,,,81.9,0,0
713,2019-11-22 21:00,9.5,289.3,0.7,0,,,84.3,0,0
713,2019-11-22 22:00,8.9,291.1,1.2,0,,,87,0,0
713,2019-11-22 23:00,8.3,293.8,1.1,0,,,88.7,0,0
713,2019-11-23 0:00,8.2,292,1.3,0,,,88.3,0,0
713,2019-11-23 1:00,7.7,287.8,1.2,0,,,91.1,0,0
713,2019-11-23 2:00,7,290.3,1.1,0,,,93.7,0,0
713,2019-11-23 3:00,6.9,295.4,1.3,0,,,96.1,0,0
713,2019-11-23 4:00,7,294.4,1.6,0,,,98,0,0
713,2019-11-23 5:00,6.2,294.8,0.7,0,,,99.2,0,0
713,2019-11-23 6:00,6.2,300.5,1,0,,,98.5,0,0
713,2019-11-23 7:00,5.9,309.7,0.8,0,,,99.9,0,0
713,2019-11-23 8:00,6.6,301,0.8,0,,,99.9,0,0
713,2019-11-23 9:00,10.3,0,0.2,0,,,85.7,0,0
713,2019-11-23 10:00,14.3,152.8,0.9,0,,,70.1,0,0
713,2019-11-23 11:00,18,77.2,1.9,0,,,55.1,0,0
713,2019-11-23 12:00,18.6,94.2,3.1,0,,,52.4,0,0
713,2019-11-23 13:00,19.2,105.2,3,0,,,50.2,0,0
713,2019-11-23 14:00,20.4,129.8,2.1,0,,,48.5,0,0
713,2019-11-23 15:00,19.7,90.5,2.6,0,,,48.1,0,0
713,2019-11-23 16:00,19.1,147.6,1.7,0,,,52.6,0,0
713,2019-11-23 17:00,17.3,138.5,1.3,0,,,60.7,0,0
713,2019-11-23 18:00,14.4,299.7,0.7,0,,,73.3,0,0
713,2019-11-23 19:00,12.8,280.4,1,0,,,80,0,0
713,2019-11-23 20:00,11.8,281.5,0.5,0,,,84.4,0,0
713,2019-11-23 21:00,12.4,294.2,0.5,0,,,82.1,0,0
713,2019-11-23 22:00,12.5,296,1,0,,,82.4,0,0
713,2019-11-23 23:00,12.4,297.2,0.5,0,,,83.8,0,0
713,2019-11-24 0:00,12.3,302.2,0.7,0,,,86.1,0,0
713,2019-11-24 1:00,12.2,303.3,0.8,0,,,91.8,0,0
713,2019-11-24 2:00,12.2,0,0.4,0,,,96.5,0,0
713,2019-11-24 3:00,12.5,317,0.5,0,,,96.8,0,0
713,2019-11-24 4:00,12.5,293.8,0.5,0,,,99.2,0,0
713,2019-11-24 5:00,12.6,0,0.1,0,,,99.9,0,0
713,2019-11-24 6:00,12.8,0,0,0,,,99.9,0,0
713,2019-11-24 7:00,12.9,0,0.4,0,,,99.9,0,0
713,2019-11-24 8:00,12.8,295.5,0.5,0,,,99.9,0,0
713,2019-11-24 9:00,14,320,0.5,0.5,,,99.9,0,0
713,2019-11-24 10:00,15.5,0,0.2,0,,,90.4,0,0
713,2019-11-24 11:00,16.4,128.1,0.9,0,,,84.6,0,0
713,2019-11-24 12:00,19,182.8,1.1,0,,,73.2,0,0
713,2019-11-24 13:00,20,129.8,1.5,0,,,69.8,0,0
713,2019-11-24 14:00,20.5,172.2,1.7,0,,,69.1,0,0
713,2019-11-24 15:00,20.8,197.9,2.1,0,,,67.4,0,0
713,2019-11-24 16:00,20.7,215.2,1.6,0,,,67.8,0,0
713,2019-11-24 17:00,18.4,208.2,0.7,0,,,76.4,0,0
713,2019-11-24 18:00,16.4,305.5,0.6,0,,,80.7,0,0
713,2019-11-24 19:00,18.7,266.7,2,0,,,65.5,0,0
713,2019-11-24 20:00,18.4,269.8,2.9,0,,,70,0,0
713,2019-11-24 21:00,17,271.2,3.1,0,,,74.3,0,0
713,2019-11-24 22:00,14.9,290.6,2.4,0,,,74.6,0,0
713,2019-11-24 23:00,13.8,293.6,3.3,0,,,76.3,0,0
713,2019-11-25 0:00,13.2,279.2,3,0,,,63.6,0,0
713,2019-11-25 1:00,11.9,288.8,3.4,0,,,70.5,0,0
713,2019-11-25 2:00,10.9,278.5,3.3,0,,,69.8,0,0
713,2019-11-25 3:00,10.2,281.4,2.8,0,,,67.8,0,0
713,2019-11-25 4:00,9.4,279.4,3.2,0,,,67.5,0,0
713,2019-11-25 5:00,8.8,275.2,1.7,0,,,65.9,0,0
713,2019-11-25 6:00,7.8,301.4,2.1,0,,,66,0,0
713,2019-11-25 7:00,7.1,265.3,3.6,0,,,60.7,0,0
713,2019-11-25 8:00,7.2,302.9,2.4,0,,,56.4,0,0
713,2019-11-25 9:00,8.3,289.9,2.1,0,,,54.1,0,0
713,2019-11-25 10:00,9.2,307.3,1,0,,,48.2,0,0
713,2019-11-25 11:00,8.8,292.8,1.8,0,,,49.7,0,0
713,2019-11-25 12:00,8.9,275.6,2.6,0,,,51.9,0,0
713,2019-11-25 13:00,9.4,265.4,2.1,0,,,51.6,0,0
713,2019-11-25 14:00,9.4,271.2,2.7,0,,,51.6,0,0
713,2019-11-25 15:00,9.4,269.3,2.7,0,,,53,0,0
713,2019-11-25 16:00,9.4,297.5,2,0,,,53.8,0,0
713,2019-11-25 17:00,8.7,278.1,2.4,0,,,58.2,0,0
713,2019-11-25 18:00,8.1,277.8,2.1,0,,,60.6,0,0
713,2019-11-25 19:00,8,289.2,1.7,0,,,61.7,0,0
713,2019-11-25 20:00,7.4,279.6,1.6,0,,,63.8,0,0
713,2019-11-25 21:00,6.6,282.5,1.4,0,,,68.2,0,0
713,2019-11-25 22:00,6.3,300.3,1.5,0,,,70.9,0,0
713,2019-11-25 23:00,6,285.6,1.2,0,,,73.8,0,0
713,2019-11-26 0:00,5.5,299.6,1.7,0,,,75.2,0,0
713,2019-11-26 1:00,5.8,307.9,1.8,0,,,74.5,0,0
713,2019-11-26 2:00,5.5,324.1,1.5,0,,,76.4,0,0
713,2019-11-26 3:00,5.6,286.7,1.9,0,,,77.8,0,0
713,2019-11-26 4:00,5.6,297.1,1.9,0,,,79.5,0,0
713,2019-11-26 5:00,5.6,303,1.4,0,,,80.5,0,0
713,2019-11-26 6:00,6.1,309.4,1.7,0,,,78.6,0,0
713,2019-11-26 7:00,9.8,343.7,2,0,,,71.6,0,0
713,2019-11-26 8:00,9.5,9.5,1.2,0,,,69.8,0,0
713,2019-11-26 9:00,11.5,23.8,1.2,0,,,63.6,0,0
713,2019-11-26 10:00,13,355.6,2.6,0,,,57.5,0,0
713,2019-11-26 11:00,14.1,46.9,1.6,0,,,53,0,0
713,2019-11-26 12:00,14.8,79.3,2.3,0,,,50.8,0,0
713,2019-11-26 13:00,15,77.3,2.2,0,,,49.9,0,0
713,2019-11-26 14:00,15.1,96.4,2.6,0,,,49.9,0,0
713,2019-11-26 15:00,14.8,102.3,2.6,0,,,50,0,0
713,2019-11-26 16:00,14.5,100,1.4,0,,,51.5,0,0
713,2019-11-26 17:00,14,80.7,0.9,0,,,53.4,0,0
713,2019-11-26 18:00,13,5,0.6,0,,,57.4,0,0
713,2019-11-26 19:00,11.5,295.6,1.1,0,,,65.2,0,0
713,2019-11-26 20:00,11.3,297.9,0.7,0,,,67.1,0,0
713,2019-11-26 21:00,10.3,0,0.4,0,,,71.8,0,0
713,2019-11-26 22:00,10.3,0,0.4,0,,,72.1,0,0
713,2019-11-26 23:00,10.3,304.3,1,0,,,74.6,0,0
713,2019-11-27 0:00,9.7,0,0.4,0,,,75.2,0,0
713,2019-11-27 1:00,9.3,294.6,1,0,,,78,0,0
713,2019-11-27 2:00,9,307.3,0.9,0,,,80.1,0,0
713,2019-11-27 3:00,9.2,0,0.2,0,,,79.3,0,0
713,2019-11-27 4:00,8.8,0,0.3,0,,,82.4,0,0
713,2019-11-27 5:00,8.5,0,0.2,0,,,82.5,0,0
713,2019-11-27 6:00,8.7,0,0.1,0,,,82.8,0,0
713,2019-11-27 7:00,9.8,278.6,1,0,,,76.8,0,0
713,2019-11-27 8:00,10.5,307.7,1.4,0,,,72.5,0,0
713,2019-11-27 9:00,10.3,275.5,3.1,0,,,71.9,0,0
713,2019-11-27 10:00,10.8,279.9,2.3,0,,,67.3,0,0
713,2019-11-27 11:00,11,290.1,2.6,0,,,57.5,0,0
713,2019-11-27 12:00,11.1,301.6,2.5,0,,,51.9,0,0
713,2019-11-27 13:00,10.2,302.5,3.4,0,,,50.2,0,0
713,2019-11-27 14:00,10.2,293.2,2.7,0,,,49,0,0
713,2019-11-27 15:00,10.5,301.2,2.2,0,,,45.4,0,0
713,2019-11-27 16:00,9.8,275.2,2,0,,,46.8,0,0
713,2019-11-27 17:00,8.9,274.6,1.6,0,,,49.3,0,0
713,2019-11-27 18:00,8.3,280.7,1.8,0,,,50.6,0,0
713,2019-11-27 19:00,7.7,336.4,0.6,0,,,51.4,0,0
713,2019-11-27 20:00,7.2,294.8,0.7,0,,,51.2,0,0
713,2019-11-27 21:00,7,290.2,1.1,0,,,49.9,0,0
713,2019-11-27 22:00,6.7,292.3,0.9,0,,,50.5,0,0
713,2019-11-27 23:00,6.6,315.8,0.6,0,,,52,0,0
713,2019-11-28 0:00,6.1,287.6,0.8,0,,,53.8,0,0
713,2019-11-28 1:00,5.4,290.8,1.2,0,,,57.8,0,0
713,2019-11-28 2:00,4.7,320.7,0.8,0,,,62.5,0,0
713,2019-11-28 3:00,4.6,329,0.8,0,,,63.5,0,0
713,2019-11-28 4:00,4.5,312.8,0.8,0,,,64.4,0,0
713,2019-11-28 5:00,2.8,0,0.2,0,,,79.8,0,0
713,2019-11-28 6:00,2.8,279.5,0.8,0,,,75,0,0
713,2019-11-28 7:00,1.7,229.5,0.5,0,,,81.4,0,0
713,2019-11-28 8:00,2.2,244.8,0.5,0,,,80.1,0,0
713,2019-11-28 9:00,5.9,279.4,1.8,0,,,60.1,0,0
713,2019-11-28 10:00,11,287.3,1.2,0,,,50,0,0
713,2019-11-28 11:00,10.5,276.3,2.5,0,,,49.5,0,0
713,2019-11-28 12:00,13,346,1.3,0,,,48.8,0,0
713,2019-11-28 13:00,14.4,87.3,1.7,0,,,48.4,0,0
713,2019-11-28 14:00,14.2,88.8,2.4,0,,,49.7,0,0
713,2019-11-28 15:00,14.4,138.3,2.5,0,,,47.9,0,0
713,2019-11-28 16:00,13.6,96.7,2.6,0,,,50,0,0
713,2019-11-28 17:00,11.5,66.1,0.9,0,,,58.1,0,0
713,2019-11-28 18:00,9.6,0,0.3,0,,,64.3,0,0
713,2019-11-28 19:00,10,331.6,0.8,0,,,60.9,0,0
713,2019-11-28 20:00,7.8,299.3,0.8,0,,,74.3,0,0
713,2019-11-28 21:00,6.2,297.7,1.1,0,,,79.5,0,0
713,2019-11-28 22:00,4.8,312.8,0.8,0,,,83.8,0,0
713,2019-11-28 23:00,4.3,291.4,0.8,0,,,84.6,0,0
713,2019-11-29 0:00,3.2,0,0.4,0,,,88.6,0,0
713,2019-11-29 1:00,2.5,327.7,0.5,0,,,91.2,0,0
713,2019-11-29 2:00,1.8,0,0.2,0,,,96.4,0,0
713,2019-11-29 3:00,1.5,0,0.1,0,,,99.7,0,0
713,2019-11-29 4:00,1,0,0.3,0,,,99.6,0,0
713,2019-11-29 5:00,1.3,119.2,1.2,0,,,96.2,0,0
713,2019-11-29 6:00,2.4,24.7,0.7,0,,,87.5,0,0
713,2019-11-29 7:00,0.2,0,0.2,0,,,95.7,0,0
713,2019-11-29 8:00,0.3,0,0.4,0,,,93.9,0,0
713,2019-11-29 9:00,3.5,77.6,0.5,0,,,71.6,0,0
713,2019-11-29 10:00,8.3,136.2,0.6,0,,,51.2,0,0
713,2019-11-29 11:00,9.8,289.5,0.9,0,,,34.6,0,0
713,2019-11-29 12:00,11,159.6,1.6,0,,,30.5,0,0
713,2019-11-29 13:00,12.5,254,1.2,0,,,22.7,0,0
713,2019-11-29 14:00,13.2,255.9,3.2,0,,,18,0,0
713,2019-11-29 15:00,13,260.9,2.7,0,,,21.4,0,0
713,2019-11-29 16:00,12.4,282.3,1.7,0,,,21.7,0,0
713,2019-11-29 17:00,9.5,273.3,1,0,,,26.7,0,0
713,2019-11-29 18:00,7.7,303.7,1.1,0,,,32.2,0,0
713,2019-11-29 19:00,5.7,351.1,0.7,0,,,40.3,0,0
713,2019-11-29 20:00,4.7,307.8,1,0,,,47,0,0
713,2019-11-29 21:00,2.8,322.5,0.6,0,,,54.6,0,0
713,2019-11-29 22:00,1.9,294.5,1.1,0,,,59.5,0,0
713,2019-11-29 23:00,1.1,314.4,0.7,0,,,64.8,0,0
713,2019-11-30 0:00,0.6,276.3,1,0,,,63.8,0,0
713,2019-11-30 1:00,-0.2,303.9,0.8,0,,,68.4,0,0
713,2019-11-30 2:00,-0.3,304.4,0.8,0,,,68.2,0,0
713,2019-11-30 3:00,-0.2,304.2,1,0,,,67.9,0,0
713,2019-11-30 4:00,-1.1,304.6,0.8,0,,,69.8,0,0
713,2019-11-30 5:00,-1.5,319.2,0.5,0,,,70.6,0,0
713,2019-11-30 6:00,-1.6,337.6,0.5,0,,,74.4,0,0
713,2019-11-30 7:00,-1.8,289.2,0.5,0,,,72.7,0,0
713,2019-11-30 8:00,-0.8,297.3,0.9,0,,,70,0,0
713,2019-11-30 9:00,3,308.6,0.6,0,,,58.4,0,0
713,2019-11-30 10:00,7.8,110.9,0.5,0,,,41.4,0,0
713,2019-11-30 11:00,11.2,145,1,0,,,35.8,0,0
713,2019-11-30 12:00,12.7,80.8,0.9,0,,,38.2,0,0
713,2019-11-30 13:00,15.5,184.7,1.3,0,,,36.8,0,0
713,2019-11-30 14:00,15.8,202.7,1.9,0,,,36.8,0,0
713,2019-11-30 15:00,15.5,198.9,3.3,0,,,44,0,0
713,2019-11-30 16:00,14.6,198.9,2.6,0,,,46.9,0,0
713,2019-11-30 17:00,12.6,200,1.3,0,,,54.4,0,0
713,2019-11-30 18:00,11.1,311,1,0,,,62.4,0,0
713,2019-11-30 19:00,10.9,295.5,0.7,0,,,62.9,0,0
713,2019-11-30 20:00,10.7,290.8,0.6,0,,,63.8,0,0
713,2019-11-30 21:00,10.4,304,0.9,0,,,67.4,0,0
713,2019-11-30 22:00,10.2,277,0.5,0,,,69.7,0,0
713,2019-11-30 23:00,10.1,0,0.4,0,,,70.7,0,0
713,2019-12-01 0:00,9.3,0,0.2,0,,,81.5,0,0
713,2019-12-01 1:00,8.7,0,0.4,0,,,90.9,0,0
713,2019-12-01 2:00,8.8,0,0.3,0,,,94.4,0,0
713,2019-12-01 3:00,8.8,0,0.3,0,,,94.1,0,0
713,2019-12-01 4:00,9.3,306.6,0.7,0,,,78.1,0,0
713,2019-12-01 5:00,9.2,274.5,1.2,0,,,75.2,0,0
713,2019-12-01 6:00,9.7,291.5,0.9,0,,,63.2,0,0
713,2019-12-01 7:00,9.1,69.5,0.8,0,,,70.6,0,0
713,2019-12-01 8:00,7.5,310,0.7,0.5,,,84.1,0,0
713,2019-12-01 9:00,7,277.5,0.9,0.5,,,95.2,0,0
713,2019-12-01 10:00,7.3,314.1,1,0.5,,,95.9,0,0
713,2019-12-01 11:00,7.4,276.6,1,1,,,97.6,0,0
713,2019-12-01 12:00,7.7,277.9,0.6,1.5,,,99.9,0,0
713,2019-12-01 13:00,7.9,320.9,0.6,1.5,,,99.9,0,0
713,2019-12-01 14:00,8.1,296,0.6,2,,,99.9,0,0
713,2019-12-01 15:00,7.9,285.5,0.8,1,,,99.9,0,0
713,2019-12-01 16:00,8.1,0,0.1,2.5,,,99.9,0,0
713,2019-12-01 17:00,7.8,169.1,1.6,2,,,99.9,0,0
713,2019-12-01 18:00,7.8,225.7,0.7,2,,,99.9,0,0
713,2019-12-01 19:00,7.7,0,0.4,1,,,99.9,0,0
713,2019-12-01 20:00,7.4,328.6,0.9,1.5,,,99.9,0,0
713,2019-12-01 21:00,7.5,0,0.1,1,,,99.9,0,0
713,2019-12-01 22:00,7.5,179.8,1.4,1.5,,,99.9,0,0
713,2019-12-01 23:00,7.4,0,0,1,,,99.9,0,0
713,2019-12-02 0:00,7.3,0,0,0,,,99.9,0,0
713,2019-12-02 1:00,7,263.5,1.6,0,,,99.9,0,0
713,2019-12-02 2:00,7.3,276.4,2.9,0,,,84.2,0,0
713,2019-12-02 3:00,7.6,307.3,1.5,0,,,81,0,0
713,2019-12-02 4:00,7.5,287.5,2.8,0,,,80,0,0
713,2019-12-02 5:00,6.5,312.1,1.7,0,,,67.5,0,0
713,2019-12-02 6:00,5.7,308.4,1.8,0,,,64.5,0,0
713,2019-12-02 7:00,5.4,302.5,1.5,0,,,65.1,0,0
713,2019-12-02 8:00,5.6,283.5,2.4,0,,,66.8,0,0
713,2019-12-02 9:00,6.5,309.5,2.2,0,,,62.3,0,0
713,2019-12-02 10:00,6.7,297.3,2.2,0,,,61.9,0,0
713,2019-12-02 11:00,8.5,304.8,3,0,,,57.8,0,0
713,2019-12-02 12:00,8.4,275.6,3.2,0,,,56.9,0,0
713,2019-12-02 13:00,7.6,283.5,4.2,0,,,54.6,0,0
713,2019-12-02 14:00,8,268.1,3.3,0,,,54.4,0,0
713,2019-12-02 15:00,8.1,300.8,3.4,0,,,49.6,0,0
713,2019-12-02 16:00,8.1,,3.4,0,,,49.6,0,0
713,2019-12-02 17:00,6.2,,2.8,0,,,50.9,0,0
713,2019-12-02 18:00,5.4,291.9,2.5,0,,,51.8,0,0
713,2019-12-02 19:00,5.2,305.6,2.4,0,,,56,0,0
713,2019-12-02 20:00,4.7,290.7,2.7,0,,,58.6,0,0
713,2019-12-02 21:00,4.4,322.7,3.2,0,,,58.8,0,0
713,2019-12-02 22:00,4.1,282.8,3,0,,,57.5,0,0
713,2019-12-02 23:00,4,308.1,2.8,0,,,57.9,0,0
713,2019-12-03 0:00,3.5,303.7,3.2,0,,,59.3,0,0
713,2019-12-03 1:00,2,277.1,1.2,0,,,65.4,0,0
713,2019-12-03 2:00,2.1,266.1,1.1,0,,,66.9,0,0
713,2019-12-03 3:00,2.1,268.3,1.9,0,,,67.3,0,0
713,2019-12-03 4:00,1.5,267.1,1.5,0,,,72,0,0
713,2019-12-03 5:00,2.9,262.9,2.3,0,,,68.5,0,0
713,2019-12-03 6:00,2.9,268.4,1.7,0,,,67,0,0
713,2019-12-03 7:00,1.5,23.8,0.6,0,,,73.4,0,0
713,2019-12-03 8:00,1.1,71.9,0.7,0,,,79.7,0,0
713,2019-12-03 9:00,2.6,78.9,0.8,0,,,71.5,0,0
713,2019-12-03 10:00,5.2,135.5,0.9,0,,,57.2,0,0
713,2019-12-03 11:00,7.7,151,1.5,0,,,52.2,0,0
713,2019-12-03 12:00,9,268.2,2.5,0,,,46.2,0,0
713,2019-12-03 13:00,8.8,261.6,2.3,0,,,48,0,0
713,2019-12-03 14:00,8.7,259.6,1.8,0,,,47.8,0,0
713,2019-12-03 15:00,8.3,280.5,2.1,0,,,49.7,0,0
713,2019-12-03 16:00,8.2,311.6,1.5,0,,,49.9,0,0
713,2019-12-03 17:00,7.5,280.8,1.1,0,,,54.8,0,0
713,2019-12-03 18:00,6,241.7,0.9,0,,,61,0,0
713,2019-12-03 19:00,3.9,0,0.4,0,,,71.9,0,0
713,2019-12-03 20:00,2.9,303,1.5,0,,,77,0,0
713,2019-12-03 21:00,1.5,0,0.4,0,,,84.9,0,0
713,2019-12-03 22:00,1.4,320.3,1,0,,,83.8,0,0
713,2019-12-03 23:00,0.5,305.2,0.8,0,,,86.6,0,0
713,2019-12-04 0:00,-0.3,0,0.4,0,,,92,0,0
713,2019-12-04 1:00,-0.7,309.6,0.5,0,,,93.6,0,0
713,2019-12-04 2:00,-0.9,302.6,0.7,0,,,94.7,0,0
713,2019-12-04 3:00,-1.2,320.7,0.5,0,,,96.4,0,0
713,2019-12-04 4:00,-1.1,331,0.5,0,,,96.1,0,0
713,2019-12-04 5:00,-1.4,322.3,0.5,0,,,96.5,0,0
713,2019-12-04 6:00,-1.2,282.2,0.5,0,,,98,0,0
713,2019-12-04 7:00,-0.6,317.7,0.5,0,,,97,0,0
713,2019-12-04 8:00,-0.5,0,0.3,0,,,96.1,0,0
713,2019-12-04 9:00,2.2,331.4,0.5,0,,,85.4,0,0
713,2019-12-04 10:00,6.2,131.4,0.6,0,,,67.5,0,0
713,2019-12-04 11:00,10.5,264.5,3.1,0,,,49.6,0,0
713,2019-12-04 12:00,10.9,282.3,3.3,0,,,46,0,0
713,2019-12-04 13:00,11.8,314.6,3.1,0,,,42,0,0
713,2019-12-04 14:00,11.8,294.5,2.7,0,,,38.1,0,0
713,2019-12-04 15:00,11.9,296.6,1.8,0,,,37.8,0,0
713,2019-12-04 16:00,11.1,296.3,1.5,0,,,40.8,0,0
713,2019-12-04 17:00,9.1,329.9,1.1,0,,,47.5,0,0
713,2019-12-04 18:00,7,303.8,0.9,0,,,56.7,0,0
713,2019-12-04 19:00,5.2,311.9,0.9,0,,,66.3,0,0
713,2019-12-04 20:00,3.8,319,0.8,0,,,67.2,0,0
713,2019-12-04 21:00,3.2,320.1,0.9,0,,,75.1,0,0
713,2019-12-04 22:00,2,300.4,0.7,0,,,78.2,0,0
713,2019-12-04 23:00,1,0,0.3,0,,,81.8,0,0
713,2019-12-05 0:00,0.4,0,0.4,0,,,87.8,0,0
713,2019-12-05 1:00,0.1,299.8,0.5,0,,,88.7,0,0
713,2019-12-05 2:00,-0.9,0,0.2,0,,,93.9,0,0
713,2019-12-05 3:00,-0.3,305.5,0.6,0,,,92.7,0,0
713,2019-12-05 4:00,-0.8,0,0,0,,,96.7,0,0
713,2019-12-05 5:00,-1.1,0,0.2,0,,,97.4,0,0
713,2019-12-05 6:00,-1.6,0,0.1,0,,,98.7,0,0
713,2019-12-05 7:00,-1.3,0,0.2,0,,,98.6,0,0
713,2019-12-05 8:00,-0.3,0,0.3,0,,,99.9,0,0
713,2019-12-05 9:00,2.4,0,0.4,0,,,85.8,0,0
713,2019-12-05 10:00,6.4,99.3,1,0,,,52.6,0,0
713,2019-12-05 11:00,8.7,274.1,2.9,0,,,32.4,0,0
713,2019-12-05 12:00,7.9,265,4.4,0,,,31.2,0,0
713,2019-12-05 13:00,7.1,298.4,4,0,,,28.8,0,0
713,2019-12-05 14:00,7.8,308.6,2.9,0,,,28.6,0,0
713,2019-12-05 15:00,7.3,308,4,0,,,31.1,0,0
713,2019-12-05 16:00,6.2,298.2,2.1,0,,,35.9,0,0
713,2019-12-05 17:00,4.4,276.9,3.2,0,,,41.8,0,0
713,2019-12-05 18:00,3.6,272.1,3.3,0,,,41.8,0,0
713,2019-12-05 19:00,2.5,304.8,2.5,0,,,47.7,0,0
713,2019-12-05 20:00,1.7,311.2,2.7,0,,,50.5,0,0
713,2019-12-05 21:00,1.1,324.2,2.7,0,,,54.3,0,0
713,2019-12-05 22:00,0.5,311.1,3.2,0,,,54.1,0,0
713,2019-12-05 23:00,-0.1,292.1,2.3,0,,,56.2,0,0
713,2019-12-06 0:00,-0.7,308.5,3,0,,,54.3,0,0
713,2019-12-06 1:00,-1.4,306.9,2.7,0,,,47.2,0,0
713,2019-12-06 2:00,-1.9,1.4,1.2,0,,,45.1,0,0
713,2019-12-06 3:00,-2.6,283.7,0.9,0,,,43.1,0,0
713,2019-12-06 4:00,-3,326.7,1.3,0,,,47.6,0,0
713,2019-12-06 5:00,-3.3,22.4,0.9,0,,,50.4,0,0
713,2019-12-06 6:00,-5.2,142,0.5,0,,,67.9,0,0
713,2019-12-06 7:00,-4.5,60.5,0.6,0,,,64.7,0,0
713,2019-12-06 8:00,-4.8,0,0.4,0,,,62.1,0,0
713,2019-12-06 9:00,-3.7,315.7,0.7,0,,,59.4,0,0
713,2019-12-06 10:00,-1.7,83.1,0.6,0,,,49.7,0,0
713,2019-12-06 11:00,0.3,120,1.1,0,,,41.5,0,0
713,2019-12-06 12:00,2.2,81.4,1.2,0,,,28.4,0,0
713,2019-12-06 13:00,4.9,259.1,2,0,,,20.1,0,0
713,2019-12-06 14:00,5.2,284.6,1.9,0,,,17.6,0,0
713,2019-12-06 15:00,5.4,283.4,1.5,0,,,17.6,0,0
713,2019-12-06 16:00,4.1,249.5,2,0,,,18.3,0,0
713,2019-12-06 17:00,2.6,274.6,1.6,0,,,21.9,0,0
713,2019-12-06 18:00,1.3,323.1,1,0,,,28.9,0,0
713,2019-12-06 19:00,-0.3,323.3,1.1,0,,,33.9,0,0
713,2019-12-06 20:00,-1,291.7,1,0,,,34.2,0,0
713,2019-12-06 21:00,-2.2,355.2,0.5,0,,,44.9,0,0
713,2019-12-06 22:00,-3.4,0,0.2,0,,,53.4,0,0
713,2019-12-06 23:00,-4.4,0,0.2,0,,,58.9,0,0
713,2019-12-07 0:00,-5.3,0,0.2,0,,,63.2,0,0
713,2019-12-07 1:00,-6.1,0,0.2,0,,,68.7,0,0
713,2019-12-07 2:00,-6.4,0,0.3,0,,,68.9,0,0
713,2019-12-07 3:00,-6,87.4,1.1,0,,,64.5,0,0
713,2019-12-07 4:00,-6.9,70.3,0.5,0,,,69.6,0,0
713,2019-12-07 5:00,-2.4,307.9,1.6,0,,,38.5,0,0
713,2019-12-07 6:00,-3.4,199.4,0.9,0,,,43.8,0,0
713,2019-12-07 7:00,0.4,304.7,2.8,0,,,51.2,0,0
713,2019-12-07 8:00,1.7,309.1,3.7,0,,,50.9,0,0
713,2019-12-07 9:00,2.3,15.7,1.8,0,,,45.9,0,0
713,2019-12-07 10:00,4.2,133.9,1.1,0,,,37.9,0,0
713,2019-12-07 11:00,4.7,137.1,1.8,0,,,38.5,0,0
713,2019-12-07 12:00,7.1,135.6,2.3,0,,,38.7,0,0
713,2019-12-07 13:00,8.6,299.4,2.6,0,,,38.7,0,0
713,2019-12-07 14:00,9.1,282.3,3.2,0,,,37.7,0,0
713,2019-12-07 15:00,8.9,272.1,3.7,0,,,39.4,0,0
713,2019-12-07 16:00,8.4,283.1,2.8,0,,,41.6,0,0
713,2019-12-07 17:00,7.5,299.3,3,0,,,42.2,0,0
713,2019-12-07 18:00,5.7,289,1.1,0,,,48.3,0,0
713,2019-12-07 19:00,3.5,284.7,0.8,0,,,57.3,0,0
713,2019-12-07 20:00,2.7,289.9,0.5,0,,,63.5,0,0
713,2019-12-07 21:00,3.5,0,0.2,0,,,62.7,0,0
713,2019-12-07 22:00,3.7,305.3,1,0,,,64.8,0,0
713,2019-12-07 23:00,4.3,272.1,1.1,0,,,62,0,0
713,2019-12-08 0:00,1.2,0,0.3,0,,,75.2,0,0
713,2019-12-08 1:00,1.8,294.2,0.9,0,,,75.5,0,0
713,2019-12-08 2:00,0.6,81.8,0.5,0,,,77.5,0,0
713,2019-12-08 3:00,4.1,297.2,2.1,0,,,65.9,0,0
713,2019-12-08 4:00,0.9,51.7,0.7,0,,,76.5,0,0
713,2019-12-08 5:00,-1.2,85.5,0.6,0,,,86.4,0,0
713,2019-12-08 6:00,-1.9,0,0.4,0,,,88.3,0,0
713,2019-12-08 7:00,-2.4,0,0,0,,,91.3,0,0
713,2019-12-08 8:00,-2.3,0,0,0,,,93,0,0
713,2019-12-08 9:00,0.5,0,0.2,0,,,78.4,0,0
713,2019-12-08 10:00,4.3,89.3,0.6,0,,,61.3,0,0
713,2019-12-08 11:00,7.7,140,1,0,,,51.2,0,0
713,2019-12-08 12:00,8.4,118.9,0.9,0,,,45.4,0,0
713,2019-12-08 13:00,9.8,98.9,1.5,0,,,36.7,0,0
713,2019-12-08 14:00,11.3,277.5,1.2,0,,,35.1,0,0
713,2019-12-08 15:00,11.2,235.5,2.7,0,,,38.4,0,0
713,2019-12-08 16:00,9.5,188.1,2.6,0,,,44.2,0,0
713,2019-12-08 17:00,7.7,207.8,1.8,0,,,49,0,0
713,2019-12-08 18:00,5,299.5,0.8,0,,,59.3,0,0
713,2019-12-08 19:00,1.8,0,0.3,0,,,68.9,0,0
713,2019-12-08 20:00,1.1,266.5,0.6,0,,,74.3,0,0
713,2019-12-08 21:00,0.5,288.3,0.8,0,,,76,0,0
713,2019-12-08 22:00,-0.4,299.9,0.8,0,,,80.3,0,0
713,2019-12-08 23:00,-0.9,294.3,0.7,0,,,82.1,0,0
713,2019-12-09 0:00,-1.1,305.4,0.8,0,,,82.5,0,0
713,2019-12-09 1:00,-1.6,295.9,0.9,0,,,85.9,0,0
713,2019-12-09 2:00,-2.2,0,0.4,0,,,87.3,0,0
713,2019-12-09 3:00,-2.5,0,0.3,0,,,88.6,0,0
713,2019-12-09 4:00,-3.1,0,0.4,0,,,92.4,0,0
713,2019-12-09 5:00,-3.7,0,0.2,0,,,94.2,0,0
713,2019-12-09 6:00,-3.7,290,0.5,0,,,96.1,0,0
713,2019-12-09 7:00,-3.5,287.3,1,0,,,94.1,0,0
713,2019-12-09 8:00,-3,290.9,0.5,0,,,91,0,0
713,2019-12-09 9:00,-0.4,312.1,0.5,0,,,81,0,0
713,2019-12-09 10:00,3.3,0,0.4,0,,,60.9,0,0
713,2019-12-09 11:00,6.3,165.2,1.1,0,,,54.4,0,0
713,2019-12-09 12:00,8.5,127,1.2,0,,,49.9,0,0
713,2019-12-09 13:00,11,168.3,2,0,,,45.1,0,0
713,2019-12-09 14:00,12,177.8,2.6,0,,,44.1,0,0
713,2019-12-09 15:00,12.2,188.9,2.1,0,,,44.4,0,0
713,2019-12-09 16:00,11.1,207.1,2.3,0,,,48.5,0,0
713,2019-12-09 17:00,9.1,210.4,1,0,,,56.3,0,0
713,2019-12-09 18:00,6.4,302.1,1,0,,,70.4,0,0
713,2019-12-09 19:00,4.9,282.9,0.9,0,,,74.5,0,0
713,2019-12-09 20:00,3.9,308.4,0.7,0,,,79.7,0,0
713,2019-12-09 21:00,3.3,309.7,0.7,0,,,80.9,0,0
713,2019-12-09 22:00,2.5,286.5,0.7,0,,,84.9,0,0
713,2019-12-09 23:00,1.7,301.5,0.8,0,,,89.6,0,0
713,2019-12-10 0:00,1.8,296.9,0.8,0,,,91.3,0,0
713,2019-12-10 1:00,1.5,304,0.9,0,,,90.7,0,0
713,2019-12-10 2:00,1.1,298.2,1.1,0,,,93.3,0,0
713,2019-12-10 3:00,0.9,300.6,0.6,0,,,96.2,0,0
713,2019-12-10 4:00,1,299.3,0.8,0,,,99.3,0,0
713,2019-12-10 5:00,1.3,308.7,0.6,0,,,98.4,0,0
713,2019-12-10 6:00,1.4,320.1,0.6,0,,,99.9,0,0
713,2019-12-10 7:00,1.2,0,0.4,0,,,99.9,0,0
713,2019-12-10 8:00,1.3,0,0.3,0,,,99.9,0,0
713,2019-12-10 9:00,3.4,0,0.4,0,,,99.9,0,0
713,2019-12-10 10:00,8.9,0,0.2,0,,,82.3,0,0
713,2019-12-10 11:00,11.1,129.3,1.2,0,,,72.7,0,0
713,2019-12-10 12:00,13,141,1.7,0,,,65.9,0,0
713,2019-12-10 13:00,14.6,136.6,1.5,0,,,58.2,0,0
713,2019-12-10 14:00,16.4,214.8,2.3,0,,,53,0,0
713,2019-12-10 15:00,16,186.8,2.6,0,,,52.8,0,0
713,2019-12-10 16:00,15.2,200.1,2.2,0,,,56.9,0,0
713,2019-12-10 17:00,12.8,216.7,1.4,0,,,65.2,0,0
713,2019-12-10 18:00,10.1,285.6,0.7,0,,,76.6,0,0
713,2019-12-10 19:00,8.6,306.9,1,0,,,82.7,0,0
713,2019-12-10 20:00,7.3,299.3,0.5,0,,,87.6,0,0
713,2019-12-10 21:00,6.4,304.7,0.8,0,,,91.2,0,0
713,2019-12-10 22:00,5.7,292.6,0.9,0,,,93.7,0,0
713,2019-12-10 23:00,5.6,305.8,0.5,0,,,95.4,0,0
713,2019-12-11 0:00,4.7,307.3,0.6,0,,,98.2,0,0
713,2019-12-11 1:00,5.1,321.1,0.6,0,,,99.9,0,0
713,2019-12-11 2:00,5.4,307.8,0.8,0,,,99.9,0,0
713,2019-12-11 3:00,4.2,0,0.1,0,,,99.9,0,0
713,2019-12-11 4:00,4.1,0,0.2,0,,,99.9,0,0
713,2019-12-11 5:00,4.5,310.2,0.6,0,,,99.9,0,0
713,2019-12-11 6:00,4.1,0,0.1,0,,,99.9,0,0
713,2019-12-11 7:00,4.7,0,0.2,0,,,99.9,0,0
713,2019-12-11 8:00,4.5,0,0.3,0,,,99.9,0,0
713,2019-12-11 9:00,6.4,324.3,0.5,0,,,99.9,0,0
713,2019-12-11 10:00,8.4,0,0.3,0,,,98.8,0,0
713,2019-12-11 11:00,12.1,120.3,0.8,0,,,77.5,0,0
713,2019-12-11 12:00,16,184.9,2.1,0,,,62,0,0
713,2019-12-11 13:00,15.9,258.2,2.6,0,,,54.3,0,0
713,2019-12-11 14:00,17.2,238.3,3,0,,,46.6,0,0
713,2019-12-11 15:00,16.4,275,3.8,0,,,51.8,0,0
713,2019-12-11 16:00,14.2,267,4.5,0,,,60.3,0,0
713,2019-12-11 17:00,11.3,281.2,3.3,0,,,62.3,0,0
713,2019-12-11 18:00,9.7,276.4,3.2,0,,,57.7,0,0
713,2019-12-11 19:00,8.4,290.9,3.3,0,,,53.2,0,0
713,2019-12-11 20:00,7,287.5,3.4,0,,,50.9,0,0
713,2019-12-11 21:00,6.5,289.4,3.1,0,,,52,0,0
713,2019-12-11 22:00,6.2,299.2,3.4,0,,,49.9,0,0
713,2019-12-11 23:00,5.7,293.8,2.9,0,,,51.9,0,0
713,2019-12-12 0:00,5.3,291,3,0,,,52.1,0,0
713,2019-12-12 1:00,5.1,289.6,2.7,0,,,53.4,0,0
713,2019-12-12 2:00,5.2,274.5,3,0,,,53.2,0,0
713,2019-12-12 3:00,5,296.8,2.6,0,,,55.2,0,0
713,2019-12-12 4:00,4.6,308.7,1.8,0,,,55.6,0,0
713,2019-12-12 5:00,4,312.8,1.3,0,,,55.8,0,0
713,2019-12-12 6:00,3.6,305.6,1.6,0,,,53,0,0
713,2019-12-12 7:00,3.3,284,2.2,0,,,51.9,0,0
713,2019-12-12 8:00,3.2,274.4,2.9,0,,,52.5,0,0
713,2019-12-12 9:00,4.4,273.7,2.8,0,,,46,0,0
713,2019-12-12 10:00,6.4,293.4,2,0,,,37.6,0,0
713,2019-12-12 11:00,7.3,265,2.3,0,,,28,0,0
713,2019-12-12 12:00,8,271.8,2.3,0,,,22,0,0
713,2019-12-12 13:00,8.7,263,3.1,0,,,18.9,0,0
713,2019-12-12 14:00,9.1,289.1,2.9,0,,,18.7,0,0
713,2019-12-12 15:00,8.5,266.1,3.4,0,,,20.8,0,0
713,2019-12-12 16:00,7.8,267.6,3.5,0,,,20.4,0,0
713,2019-12-12 17:00,6.4,311.1,1.6,0,,,24.7,0,0
713,2019-12-12 18:00,5.4,294.5,1.8,0,,,30.2,0,0
713,2019-12-12 19:00,3.5,304.1,0.8,0,,,38.9,0,0
713,2019-12-12 20:00,2.8,0.5,0.6,0,,,45.3,0,0
713,2019-12-12 21:00,1.5,0,0.2,0,,,54,0,0
713,2019-12-12 22:00,-0.1,0,0.3,0,,,59.6,0,0
713,2019-12-12 23:00,-0.7,294.8,0.5,0,,,65.2,0,0
713,2019-12-13 0:00,-1.2,321.9,0.6,0,,,68.8,0,0
713,2019-12-13 1:00,-1.4,299,0.6,0,,,67.8,0,0
713,2019-12-13 2:00,-1.9,290.4,0.6,0,,,71,0,0
713,2019-12-13 3:00,-2,299.1,0.9,0,,,71.7,0,0
713,2019-12-13 4:00,-2.8,310.1,0.5,0,,,74.4,0,0
713,2019-12-13 5:00,-2.6,299.2,0.6,0,,,75.5,0,0
713,2019-12-13 6:00,-2.8,305,1,0,,,74,0,0
713,2019-12-13 7:00,-3.1,326.8,0.5,0,,,75.9,0,0
713,2019-12-13 8:00,-2.4,305.4,0.8,0,,,70.6,0,0
713,2019-12-13 9:00,-0.1,0,0.3,0,,,64.8,0,0
713,2019-12-13 10:00,2.6,0,0.1,0,,,48,0,0
713,2019-12-13 11:00,6.4,111.2,0.6,0,,,40,0,0
713,2019-12-13 12:00,9,150.2,0.9,0,,,34.8,0,0
713,2019-12-13 13:00,8.9,209.9,3.4,0,,,38.2,0,0
713,2019-12-13 14:00,9.1,171.4,1.5,0,,,39.6,0,0
713,2019-12-13 15:00,9.6,164.5,1,0,,,38.6,0,0
713,2019-12-13 16:00,9.6,172.6,1.5,0,,,35.8,0,0
713,2019-12-13 17:00,6.6,206.7,0.8,0,,,45.8,0,0
713,2019-12-13 18:00,4.7,298.2,0.8,0,,,58.7,0,0
713,2019-12-13 19:00,3.8,283.1,0.7,0,,,62.6,0,0
713,2019-12-13 20:00,3,294.2,0.8,0,,,65.2,0,0
713,2019-12-13 21:00,2.4,283.3,0.7,0,,,68.4,0,0
713,2019-12-13 22:00,1.3,0,0,0,,,74.8,0,0
713,2019-12-13 23:00,1,279.5,0.7,0,,,74.7,0,0
713,2019-12-14 0:00,-0.1,0,0.4,0,,,81.3,0,0
713,2019-12-14 1:00,-0.3,0,0.4,0,,,85.9,0,0
713,2019-12-14 2:00,-0.4,0,0.4,0,,,84.9,0,0
713,2019-12-14 3:00,-0.4,312,0.6,0,,,84.9,0,0
713,2019-12-14 4:00,0.3,335.6,0.5,0,,,84.7,0,0
713,2019-12-14 5:00,-0.1,0,0,0,,,86.8,0,0
713,2019-12-14 6:00,1.8,328.6,0.6,0,,,85.8,0,0
713,2019-12-14 7:00,8.1,271.6,2.6,0,,,77.4,0,0
713,2019-12-14 8:00,7.5,268.4,2.3,0,,,70.7,0,0
713,2019-12-14 9:00,7.7,271.1,2.9,0,,,60.1,0,0
713,2019-12-14 10:00,8.4,301.8,3,0,,,50,0,0
713,2019-12-14 11:00,9.3,280.1,2.8,0,,,45.6,0,0
713,2019-12-14 12:00,10.4,303,3.3,0,,,32.8,0,0
713,2019-12-14 13:00,11,292.2,3.1,0,,,28.3,0,0
713,2019-12-14 14:00,11.6,272.2,2.4,0,,,26,0,0
713,2019-12-14 15:00,11.7,313.3,2.2,0,,,27.9,0,0
713,2019-12-14 16:00,10.4,271.8,2.3,0,,,30.6,0,0
713,2019-12-14 17:00,8.3,289.7,0.8,0,,,36.8,0,0
713,2019-12-14 18:00,7.3,332.3,1.5,0,,,39.7,0,0
713,2019-12-14 19:00,4.4,313.9,1.1,0,,,52.9,0,0
713,2019-12-14 20:00,3.1,283.3,0.9,0,,,58.3,0,0
713,2019-12-14 21:00,2.6,299.1,1.3,0,,,60.8,0,0
713,2019-12-14 22:00,2.7,298.5,1.1,0,,,60.3,0,0
713,2019-12-14 23:00,2.8,294.5,0.8,0,,,60.6,0,0
713,2019-12-15 0:00,2.2,296,1.4,0,,,63.9,0,0
713,2019-12-15 1:00,1.7,283.6,1,0,,,65.6,0,0
713,2019-12-15 2:00,1.8,295.5,1.1,0,,,64.3,0,0
713,2019-12-15 3:00,1.8,304.9,1.2,0,,,65.6,0,0
713,2019-12-15 4:00,1.1,293.2,1.1,0,,,67,0,0
713,2019-12-15 5:00,0.9,274.4,0.7,0,,,70.3,0,0
713,2019-12-15 6:00,0.4,298.2,0.9,0,,,72.9,0,0
713,2019-12-15 7:00,0.1,303.5,0.9,0,,,78.2,0,0
713,2019-12-15 8:00,0.7,303.9,1.3,0,,,75.9,0,0
713,2019-12-15 9:00,3.8,303.4,0.7,0,,,68.8,0,0
713,2019-12-15 10:00,10.4,173.2,0.5,0,,,54.6,0,0
713,2019-12-15 11:00,12.2,93.6,2.2,0,,,51.6,0,0
713,2019-12-15 12:00,12.8,83.5,2.7,0,,,49.8,0,0
713,2019-12-15 13:00,13.6,95.8,2.3,0,,,46.7,0,0
713,2019-12-15 14:00,14.2,79.7,2.4,0,,,45.3,0,0
713,2019-12-15 15:00,13.7,65.5,1.6,0,,,45.5,0,0
713,2019-12-15 16:00,13.1,109.7,1.4,0,,,48.9,0,0
713,2019-12-15 17:00,11.8,94.5,1.1,0,,,53.9,0,0
713,2019-12-15 18:00,9.2,319,0.6,0,,,65.7,0,0
713,2019-12-15 19:00,7.6,303.5,0.6,0,,,71.3,0,0
713,2019-12-15 20:00,7.1,273.3,0.7,0,,,73.3,0,0
713,2019-12-15 21:00,6.4,283.5,0.8,0,,,75.9,0,0
713,2019-12-15 22:00,6.2,299.1,0.8,0,,,75.7,0,0
713,2019-12-15 23:00,4.9,304.3,0.7,0,,,82.1,0,0
713,2019-12-16 0:00,4.4,302.4,0.9,0,,,84.1,0,0
713,2019-12-16 1:00,4.3,295,1,0,,,83.6,0,0
713,2019-12-16 2:00,3.8,299.9,1,0,,,87.7,0,0
713,2019-12-16 3:00,2.9,288.2,0.7,0,,,92.3,0,0
713,2019-12-16 4:00,2.3,293.7,0.6,0,,,92.4,0,0
713,2019-12-16 5:00,3,307.1,0.7,0,,,91.6,0,0
713,2019-12-16 6:00,3.6,0,0.2,0,,,88.4,0,0
713,2019-12-16 7:00,2.6,323.9,0.6,0,,,93.6,0,0
713,2019-12-16 8:00,3.1,296.5,0.5,0,,,94,0,0
713,2019-12-16 9:00,6,316.7,0.7,0,,,79.7,0,0
713,2019-12-16 10:00,9.4,177,0.5,0,,,65.8,0,0
713,2019-12-16 11:00,12.6,258.8,0.5,0,,,58.9,0,0
713,2019-12-16 12:00,14.9,160.2,1.6,0,,,50.9,0,0
713,2019-12-16 13:00,14.7,141.6,1.7,0,,,45.3,0,0
713,2019-12-16 14:00,14.8,121.1,2.1,0,,,46.4,0,0
713,2019-12-16 15:00,14,135.3,1,0,,,49.4,0,0
713,2019-12-16 16:00,13.5,74.2,1,0,,,51.8,0,0
713,2019-12-16 17:00,12,118.8,0.5,0,,,57.1,0,0
713,2019-12-16 18:00,10.1,291.8,1,0,,,66.1,0,0
713,2019-12-16 19:00,8.4,291.5,1,0,,,72.1,0,0
713,2019-12-16 20:00,6.9,293.8,0.5,0,,,77.4,0,0
713,2019-12-16 21:00,6.3,299.2,0.9,0,,,80.6,0,0
713,2019-12-16 22:00,5.5,301,1,0,,,84,0,0
713,2019-12-16 23:00,5.1,305.6,1,0,,,86.3,0,0
713,2019-12-17 0:00,4.3,303.4,0.6,0,,,89.4,0,0
713,2019-12-17 1:00,4.3,299,1,0,,,91,0,0
713,2019-12-17 2:00,3.9,333.2,0.7,0,,,92.1,0,0
713,2019-12-17 3:00,4.1,299.3,1.2,0,,,95.4,0,0
713,2019-12-17 4:00,4.9,303.7,1,0,,,93.9,0,0
713,2019-12-17 5:00,5.7,285.4,0.5,0,,,92.8,0,0
713,2019-12-17 6:00,6.7,0,0.1,0,,,89,0,0
713,2019-12-17 7:00,7.5,0,0.3,0,,,87.9,0,0
713,2019-12-17 8:00,8,0,0.3,0,,,86.9,0,0
713,2019-12-17 9:00,10.2,0,0.4,0,,,79,0,0
713,2019-12-17 10:00,10.4,0,0.3,0,,,75.7,0,0
713,2019-12-17 11:00,10.8,0,0.4,0,,,79.8,0,0
713,2019-12-17 12:00,11.1,114.6,0.5,0,,,83.8,0,0
713,2019-12-17 13:00,11.5,41.7,0.6,0,,,82.4,0,0
713,2019-12-17 14:00,13.8,159.3,0.8,0,,,74.9,0,0
713,2019-12-17 15:00,13.3,90.1,1.2,0,,,82,0,0
713,2019-12-17 16:00,12.8,179.2,1.2,0,,,85.1,0,0
713,2019-12-17 17:00,14.1,277,2.1,0,,,81.7,0,0
713,2019-12-17 18:00,12.7,301.4,3.2,0,,,79.6,0,0
713,2019-12-17 19:00,11.7,274.3,2.7,0,,,80.1,0,0
713,2019-12-17 20:00,11.1,318.7,3.6,0,,,76.7,0,0
713,2019-12-17 21:00,10,314.2,3.4,0,,,74.7,0,0
713,2019-12-17 22:00,9.3,297.2,2.6,0,,,73.6,0,0
713,2019-12-17 23:00,9,281.5,2.2,0,,,73.8,0,0
713,2019-12-18 0:00,9.2,299.8,3.3,0,,,69.9,0,0
713,2019-12-18 1:00,8.8,270.6,1.8,0,,,69.3,0,0
713,2019-12-18 2:00,8.6,269.9,3.5,0,,,65.6,0,0
713,2019-12-18 3:00,8.1,285.5,2,0,,,64.9,0,0
713,2019-12-18 4:00,7.5,279.3,2.3,0,,,64.7,0,0
713,2019-12-18 5:00,7.3,284.5,2.4,0,,,63.5,0,0
713,2019-12-18 6:00,6.9,285.7,2.2,0,,,64.2,0,0
713,2019-12-18 7:00,7,268.9,3.2,0,,,61.5,0,0
713,2019-12-18 8:00,7.1,278.2,2.9,0,,,60.6,0,0
713,2019-12-18 9:00,7.5,275.6,2.7,0,,,59.6,0,0
713,2019-12-18 10:00,9,296.5,2.8,0,,,50.7,0,0
713,2019-12-18 11:00,9.4,269.6,3.2,0,,,50.9,0,0
713,2019-12-18 12:00,10.4,265.3,3.3,0,,,47,0,0
713,2019-12-18 13:00,11.3,261.4,2.8,0,,,43.9,0,0
713,2019-12-18 14:00,10.9,269.1,3.3,0,,,42.5,0,0
713,2019-12-18 15:00,10.4,267.9,4.7,0,,,42.7,0,0
713,2019-12-18 16:00,9.3,270.3,4.3,0,,,41.4,0,0
713,2019-12-18 17:00,7.7,278.5,2.3,0,,,47.1,0,0
713,2019-12-18 18:00,6.6,279,2.4,0,,,49.3,0,0
713,2019-12-18 19:00,6.1,320,1.6,0,,,53.6,0,0
713,2019-12-18 20:00,5,268.3,2.4,0,,,58.1,0,0
713,2019-12-18 21:00,4.4,273.2,1.7,0,,,60.7,0,0
713,2019-12-18 22:00,4.5,279.7,1.3,0,,,60.6,0,0
713,2019-12-18 23:00,4.1,288.4,1.4,0,,,62.3,0,0
713,2019-12-19 0:00,4.1,277.3,2.4,0,,,62.2,0,0
713,2019-12-19 1:00,3.9,305.8,1.3,0,,,64,0,0
713,2019-12-19 2:00,3.8,277.8,1.6,0,,,62.2,0,0
713,2019-12-19 3:00,4,277.5,2.5,0,,,59.9,0,0
713,2019-12-19 4:00,3.7,301.8,1.3,0,,,59.7,0,0
713,2019-12-19 5:00,3,287,1.2,0,,,58.7,0,0
713,2019-12-19 6:00,2.9,279.4,1.9,0,,,47.2,0,0
713,2019-12-19 7:00,2.8,280.2,2.4,0,,,44.7,0,0
713,2019-12-19 8:00,2.7,269.4,2.7,0,,,42.8,0,0
713,2019-12-19 9:00,4,276.6,3.1,0,,,38.7,0,0
713,2019-12-19 10:00,5.6,276.9,3,0,,,31.6,0,0
713,2019-12-19 11:00,7.4,272.6,3.3,0,,,25.5,0,0
713,2019-12-19 12:00,9.1,265.7,3.3,0,,,23.3,0,0
713,2019-12-19 13:00,9.9,264.7,3.4,0,,,24.1,0,0
713,2019-12-19 14:00,9.4,290.1,3.8,0,,,23.2,0,0
713,2019-12-19 15:00,8.5,282.8,3.7,0,,,24.5,0,0
713,2019-12-19 16:00,7.8,289.4,3.2,0,,,24.7,0,0
713,2019-12-19 17:00,6.4,282.4,2.8,0,,,30.2,0,0
713,2019-12-19 18:00,5.5,301.3,2.6,0,,,36.3,0,0
713,2019-12-19 19:00,4.7,287,2.1,0,,,40.5,0,0
713,2019-12-19 20:00,4.1,273.2,2.1,0,,,43.7,0,0
713,2019-12-19 21:00,3.8,274.2,2.7,0,,,44.1,0,0
713,2019-12-19 22:00,3.2,270.9,2.4,0,,,47.1,0,0
713,2019-12-19 23:00,3.1,272.1,2.5,0,,,47.1,0,0
713,2019-12-20 0:00,2.5,271.3,2.3,0,,,46.3,0,0
713,2019-12-20 1:00,2,268,1.7,0,,,44.7,0,0
713,2019-12-20 2:00,0.1,317.1,0.8,0,,,55.6,0,0
713,2019-12-20 3:00,-0.8,96.2,0.6,0,,,60.7,0,0
713,2019-12-20 4:00,-1,0,0.4,0,,,64.3,0,0
713,2019-12-20 5:00,-0.7,0,0.2,0,,,65.2,0,0
713,2019-12-20 6:00,0.3,0,0.2,0,,,63.2,0,0
713,2019-12-20 7:00,-1.1,0,0.4,0,,,70.3,0,0
713,2019-12-20 8:00,0.1,0,0.3,0,,,67,0,0
713,2019-12-20 9:00,1.9,0,0.4,0,,,63.2,0,0
713,2019-12-20 10:00,6.2,268,1.7,0,,,60.1,0,0
713,2019-12-20 11:00,8.1,292.4,2,0,,,51.4,0,0
713,2019-12-20 12:00,7.2,282.9,3,0,,,50.1,0,0
713,2019-12-20 13:00,7.4,279,3.4,0,,,49.8,0,0
713,2019-12-20 14:00,7.2,289.6,2.6,0,,,49.8,0,0
713,2019-12-20 15:00,7,311.1,2.7,0,,,48.3,0,0
713,2019-12-20 16:00,6.6,297,2.4,0,,,50.3,0,0
713,2019-12-20 17:00,6.1,316.5,2.1,0,,,49.6,0,0
713,2019-12-20 18:00,5.2,272,1.6,0,,,51.4,0,0
713,2019-12-20 19:00,5,273.6,0.8,0,,,52.5,0,0
713,2019-12-20 20:00,5,265.3,2,0,,,54.1,0,0
713,2019-12-20 21:00,4.6,267.6,2.4,0,,,56.4,0,0
713,2019-12-20 22:00,4.1,276.7,1.4,0,,,59.4,0,0
713,2019-12-20 23:00,3.5,273.7,1.6,0,,,60.3,0,0
713,2019-12-21 0:00,1.3,0,0.3,0,,,67.8,0,0
713,2019-12-21 1:00,-0.5,0,0.4,0,,,76.6,0,0
713,2019-12-21 2:00,0.8,284.5,1.7,0,,,72.5,0,0
713,2019-12-21 3:00,-1.3,63.2,0.9,0,,,78.3,0,0
713,2019-12-21 4:00,-1.5,93.1,0.7,0,,,80.4,0,0
713,2019-12-21 5:00,-2.3,0,0.2,0,,,82.1,0,0
713,2019-12-21 6:00,-1.7,248.8,0.5,0,,,78.7,0,0
713,2019-12-21 7:00,-1.4,0,0.4,0,,,79.2,0,0
713,2019-12-21 8:00,-1,0,0.3,0,,,79.3,0,0
713,2019-12-21 9:00,0.8,0,0.3,0,,,68,0,0
713,2019-12-21 10:00,3.3,287.6,0.7,0,,,62.7,0,0
713,2019-12-21 11:00,4.9,195,0.5,0,,,50.3,0,0
713,2019-12-21 12:00,5.5,133.5,0.8,0,,,48.6,0,0
713,2019-12-21 13:00,5.9,40.7,0.5,0,,,44.8,0,0
713,2019-12-21 14:00,6.3,167.5,0.7,0,,,46.1,0,0
713,2019-12-21 15:00,6.4,184.8,1.2,0,,,42.8,0,0
713,2019-12-21 16:00,6.3,103.5,0.9,0,,,44.7,0,0
713,2019-12-21 17:00,4.7,0,0.1,0,,,52.9,0,0
713,2019-12-21 18:00,2.7,282.2,0.5,0,,,63.4,0,0
713,2019-12-21 19:00,1.1,326.1,0.8,0,,,70.5,0,0
713,2019-12-21 20:00,-0.2,304.4,0.6,0,,,74.2,0,0
713,2019-12-21 21:00,-0.2,301,0.9,0,,,74.7,0,0
713,2019-12-21 22:00,-1.1,307.2,0.8,0,,,78.6,0,0
713,2019-12-21 23:00,-1.2,297.7,0.8,0,,,77.2,0,0
713,2019-12-22 0:00,-1.3,311.7,0.7,0,,,78,0,0
713,2019-12-22 1:00,-0.7,0,0.3,0,,,73.9,0,0
713,2019-12-22 2:00,-0.4,0,0.2,0,,,73.6,0,0
713,2019-12-22 3:00,0.5,324.1,0.5,0,,,70.8,0,0
713,2019-12-22 4:00,0.7,0,0.4,0,,,70.6,0,0
713,2019-12-22 5:00,1.2,0,0.4,0,,,69.2,0,0
713,2019-12-22 6:00,1,0,0.2,0,,,73.4,0,0
713,2019-12-22 7:00,1.7,277.6,0.7,0,,,70.8,0,0
713,2019-12-22 8:00,1.8,307.1,0.6,0,,,72.5,0,0
713,2019-12-22 9:00,2.9,261.6,0.6,0,,,70.1,0,0
713,2019-12-22 10:00,5.1,321.9,0.7,0,,,57.8,0,0
713,2019-12-22 11:00,7.4,0,0.3,0,,,49.1,0,0
713,2019-12-22 12:00,9.2,227.6,0.9,0,,,43.4,0,0
713,2019-12-22 13:00,9.5,161.9,0.8,0,,,45.8,0,0
713,2019-12-22 14:00,10.1,186.6,0.8,0,,,43.6,0,0
713,2019-12-22 15:00,10.4,126.8,0.6,0,,,44.4,0,0
713,2019-12-22 16:00,10.4,115.3,0.9,0,,,44.6,0,0
713,2019-12-22 17:00,7.7,185.7,0.7,0,,,56.1,0,0
713,2019-12-22 18:00,5.5,289.9,0.7,0,,,66.6,0,0
713,2019-12-22 19:00,4,300.5,0.9,0,,,72,0,0
713,2019-12-22 20:00,2.9,297.5,1,0,,,74.8,0,0
713,2019-12-22 21:00,2,315.6,0.9,0,,,79,0,0
713,2019-12-22 22:00,1.1,302.6,0.9,0,,,83,0,0
713,2019-12-22 23:00,0.3,297,0.7,0,,,85.1,0,0
713,2019-12-23 0:00,0.1,287.8,0.7,0,,,87.1,0,0
713,2019-12-23 1:00,0,304.3,0.8,0,,,85.9,0,0
713,2019-12-23 2:00,-0.6,315.3,0.8,0,,,91.7,0,0
713,2019-12-23 3:00,-0.7,298.8,1.2,0,,,90.9,0,0
713,2019-12-23 4:00,-0.6,304.9,0.9,0,,,91.4,0,0
713,2019-12-23 5:00,-1.5,0,0.1,0,,,94.4,0,0
713,2019-12-23 6:00,-1.5,322.8,0.5,0,,,96.8,0,0
713,2019-12-23 7:00,-0.5,0,0.2,0,,,93.4,0,0
713,2019-12-23 8:00,1.1,0,0.2,0,,,88,0,0
713,2019-12-23 9:00,2.7,0,0.1,0,,,84.5,0,0
713,2019-12-23 10:00,6.1,84,0.5,0,,,74,0,0
713,2019-12-23 11:00,10.4,272.1,2.7,0,,,60.4,0,0
713,2019-12-23 12:00,10.7,277.6,3.3,0,,,53.5,0,0
713,2019-12-23 13:00,10.7,299.2,2.3,0,,,48.5,0,0
713,2019-12-23 14:00,11.1,308.3,1.9,0,,,47.8,0,0
713,2019-12-23 15:00,11.4,298.7,2.6,0,,,45,0,0
713,2019-12-23 16:00,10.5,318.5,2.5,0,,,42.9,0,0
713,2019-12-23 17:00,9.1,305.6,2,0,,,46.6,0,0
713,2019-12-23 18:00,7.8,310.8,2.5,0,,,52,0,0
713,2019-12-23 19:00,6.7,318.8,2.3,0,,,55,0,0
713,2019-12-23 20:00,5.9,310.8,2.3,0,,,56.9,0,0
713,2019-12-23 21:00,4.7,286.9,1.6,0,,,61.3,0,0
713,2019-12-23 22:00,4.6,303.5,2.3,0,,,59.9,0,0
713,2019-12-23 23:00,2.7,0,0.2,0,,,69.4,0,0
713,2019-12-24 0:00,2,49.5,0.5,0,,,72.5,0,0
713,2019-12-24 1:00,1.2,58.3,0.6,0,,,75.5,0,0
713,2019-12-24 2:00,0.2,0,0.3,0,,,81.2,0,0
713,2019-12-24 3:00,-0.4,0,0.3,0,,,86,0,0
713,2019-12-24 4:00,0.1,0,0.4,0,,,83.7,0,0
713,2019-12-24 5:00,0.4,0,0.4,0,,,83.8,0,0
713,2019-12-24 6:00,0.3,319.1,0.6,0,,,84.5,0,0
713,2019-12-24 7:00,-0.5,0,0.4,0,,,87.3,0,0
713,2019-12-24 8:00,-0.1,297.1,0.7,0,,,85.7,0,0
713,2019-12-24 9:00,2,0,0.2,0,,,75.1,0,0
713,2019-12-24 10:00,4.3,0,0.2,0,,,62.9,0,0
713,2019-12-24 11:00,7,271.6,0.7,0,,,52.3,0,0
713,2019-12-24 12:00,7.9,108.7,0.8,0,,,45.6,0,0
713,2019-12-24 13:00,11.3,4,0.8,0,,,34.2,0,0
713,2019-12-24 14:00,12.3,198,1.5,0,,,24.9,0,0
713,2019-12-24 15:00,12.7,189.9,1,0,,,22,0,0
713,2019-12-24 16:00,12,183.4,1,0,,,24.5,0,0
713,2019-12-24 17:00,8.6,221.9,0.8,0,,,33.2,0,0
713,2019-12-24 18:00,5.7,287.2,1.1,0,,,44.8,0,0
713,2019-12-24 19:00,3.9,317.9,0.9,0,,,52.3,0,0
713,2019-12-24 20:00,3,297,1.4,0,,,55.1,0,0
713,2019-12-24 21:00,1.3,285.8,1,0,,,62.2,0,0
713,2019-12-24 22:00,0.9,299.4,1.3,0,,,64.5,0,0
713,2019-12-24 23:00,0.4,290.1,0.9,0,,,65.6,0,0
713,2019-12-25 0:00,0.3,308.9,1,0,,,65.6,0,0
713,2019-12-25 1:00,-0.8,309.2,1,0,,,70.7,0,0
713,2019-12-25 2:00,-0.8,304.1,0.8,0,,,73,0,0
713,2019-12-25 3:00,-1.2,293.7,1,0,,,75.3,0,0
713,2019-12-25 4:00,-1.9,326.9,0.5,0,,,80.8,0,0
713,2019-12-25 5:00,-1.4,303.7,1.3,0,,,77,0,0
713,2019-12-25 6:00,-1.4,307.7,0.9,0,,,77.3,0,0
713,2019-12-25 7:00,-2,307.7,0.6,0,,,78.5,0,0
713,2019-12-25 8:00,-1.1,306.6,0.9,0,,,73.6,0,0
713,2019-12-25 9:00,1.3,288.3,0.5,0,,,66,0,0
713,2019-12-25 10:00,5.7,0,0.3,0,,,48.1,0,0
713,2019-12-25 11:00,9,153.5,0.8,0,,,37.5,0,0
713,2019-12-25 12:00,11.6,140,0.7,0,,,36.9,0,0
713,2019-12-25 13:00,14.3,141.4,1.5,0,,,43.2,0,0
713,2019-12-25 14:00,15.8,172.3,1.8,0,,,36.4,0,0
713,2019-12-25 15:00,14.8,131.6,1.1,0,,,39.8,0,0
713,2019-12-25 16:00,14.9,168.5,1.7,0,,,44.1,0,0
713,2019-12-25 17:00,12.5,227,1.5,0,,,48.2,0,0
713,2019-12-25 18:00,12.6,327.4,1.1,0,,,25.1,0,0
713,2019-12-25 19:00,11.2,309.9,0.5,0,,,27.7,0,0
713,2019-12-25 20:00,10.2,314.2,0.8,0,,,33.9,0,0
713,2019-12-25 21:00,8.7,162,0.7,0,,,39.8,0,0
713,2019-12-25 22:00,7.3,297.5,0.7,0,,,46.2,0,0
713,2019-12-25 23:00,6.8,307.6,1,0,,,50.1,0,0
713,2019-12-26 0:00,6.9,294.9,0.8,0,,,51.5,0,0
713,2019-12-26 1:00,7.6,307.2,0.8,0,,,47,0,0
713,2019-12-26 2:00,7.2,272.3,1.2,0,,,47.8,0,0
713,2019-12-26 3:00,6.1,306.4,0.8,0,,,55,0,0
713,2019-12-26 4:00,6.2,0,0.2,0,,,57.8,0,0
713,2019-12-26 5:00,6.1,0,0.3,0,,,60.1,0,0
713,2019-12-26 6:00,6.7,293.8,0.5,0,,,59.8,0,0
713,2019-12-26 7:00,6.4,220.2,0.5,0,,,64.3,0,0
713,2019-12-26 8:00,7,0,0.2,0,,,60.7,0,0
713,2019-12-26 9:00,8.1,0,0.4,0,,,60.7,0,0
713,2019-12-26 10:00,7.9,0,0.2,0,,,80.3,0,0
713,2019-12-26 11:00,8,277.6,0.6,0,,,76.8,0,0
713,2019-12-26 12:00,7.5,280.1,1.9,0.5,,,77.4,0,0
713,2019-12-26 13:00,7.3,271.6,2,0,,,69.2,0,0
713,2019-12-26 14:00,6.6,302.5,1.8,0,,,81.5,0,0
713,2019-12-26 15:00,6.9,0,0.4,0,,,80,0,0
713,2019-12-26 16:00,6.4,283.5,3.4,0,,,74.8,0,0
713,2019-12-26 17:00,6.1,293.6,3.3,0,,,72.6,0,0
713,2019-12-26 18:00,5.8,305.8,3,0,,,68.3,0,0
713,2019-12-26 19:00,5.5,318.9,3.3,0,,,69.3,0,0
713,2019-12-26 20:00,5.4,281.2,3.4,0,,,65.9,0,0
713,2019-12-26 21:00,5.2,296.2,2,0,,,63.1,0,0
713,2019-12-26 22:00,4.6,290.9,2.3,0,,,69.2,0,0
713,2019-12-26 23:00,4.1,297.8,1.9,0,,,69.2,0,0
713,2019-12-27 0:00,3.5,269.9,2.8,0,,,71.3,0,0
713,2019-12-27 1:00,3,280.3,1.9,0,,,68.5,0,0
713,2019-12-27 2:00,2.8,286.2,2.6,0,,,64,0,0
713,2019-12-27 3:00,2.1,283.5,2.1,0,,,73.3,0,0
713,2019-12-27 4:00,2.3,278.7,2.8,0,,,66.2,0,0
713,2019-12-27 5:00,2,310.4,2.2,0,,,62,0,0
713,2019-12-27 6:00,1.9,306.1,2.4,0,,,59.1,0,0
713,2019-12-27 7:00,1.8,299.2,2,0,,,57.4,0,0
713,2019-12-27 8:00,1.1,292.6,1.6,0,,,61.7,0,0
713,2019-12-27 9:00,2.3,304.2,1.5,0,,,57.9,0,0
713,2019-12-27 10:00,3.9,277.6,3.1,0,,,53.1,0,0
713,2019-12-27 11:00,5,296,3.1,0,,,47.3,0,0
713,2019-12-27 12:00,5.6,293.6,3.2,0,,,43.3,0,0
713,2019-12-27 13:00,6.2,303.1,3.5,0,,,40,0,0
713,2019-12-27 14:00,7,289.9,2.6,0,,,39.5,0,0
713,2019-12-27 15:00,7,299.7,2.6,0,,,38.2,0,0
713,2019-12-27 16:00,6.7,309.8,1.8,0,,,36.5,0,0
713,2019-12-27 17:00,4.9,315,2.6,0,,,40.8,0,0
713,2019-12-27 18:00,3.7,297.9,1.9,0,,,46.9,0,0
713,2019-12-27 19:00,3.4,320.2,2.1,0,,,49.3,0,0
713,2019-12-27 20:00,2.7,294.1,1.9,0,,,47.5,0,0
713,2019-12-27 21:00,1.8,306.2,1,0,,,51.5,0,0
713,2019-12-27 22:00,1.1,303.5,1.2,0,,,55.1,0,0
713,2019-12-27 23:00,-0.6,0,0.4,0,,,62.3,0,0
713,2019-12-28 0:00,-2,94.3,0.5,0,,,73,0,0
713,2019-12-28 1:00,-2.7,0,0.1,0,,,76.4,0,0
713,2019-12-28 2:00,-3.1,0,0.2,0,,,77.8,0,0
713,2019-12-28 3:00,-3.2,0,0.3,0,,,77.9,0,0
713,2019-12-28 4:00,-3.5,346.2,0.5,0,,,77.3,0,0
713,2019-12-28 5:00,-3.9,0,0.3,0,,,79.4,0,0
713,2019-12-28 6:00,-4.2,0,0.3,0,,,84.5,0,0
713,2019-12-28 7:00,-4.3,333.5,0.5,0,,,82.6,0,0
713,2019-12-28 8:00,-4.1,288.3,0.8,0,,,82.6,0,0
713,2019-12-28 9:00,-1.3,296.6,0.5,0,,,73.5,0,0
713,2019-12-28 10:00,3.2,0,0.4,0,,,52.8,0,0
713,2019-12-28 11:00,4.8,115.7,0.8,0,,,40.6,0,0
713,2019-12-28 12:00,6.6,177.2,1.6,0,,,43.5,0,0
713,2019-12-28 13:00,7.4,150.7,1.5,0,,,38.5,0,0
713,2019-12-28 14:00,8.3,145.2,1.2,0,,,36.3,0,0
713,2019-12-28 15:00,8.3,171.9,1.2,0,,,34.1,0,0
713,2019-12-28 16:00,7.6,106,1.6,0,,,38.7,0,0
713,2019-12-28 17:00,5.7,203,1.3,0,,,44.5,0,0
713,2019-12-28 18:00,3.3,294.2,1,0,,,54.8,0,0
713,2019-12-28 19:00,1.6,281,0.8,0,,,60.1,0,0
713,2019-12-28 20:00,0.9,280.2,0.9,0,,,63.7,0,0
713,2019-12-28 21:00,0,288.3,1.2,0,,,67.4,0,0
713,2019-12-28 22:00,-0.5,294.2,1,0,,,69.6,0,0
713,2019-12-28 23:00,-1.4,293.7,0.8,0,,,75.1,0,0
713,2019-12-29 0:00,-1.6,291.8,1.1,0,,,75.9,0,0
713,2019-12-29 1:00,-1.8,299.2,0.9,0,,,77.1,0,0
713,2019-12-29 2:00,-1.7,300.4,1.2,0,,,76.8,0,0
713,2019-12-29 3:00,-1.6,306.4,1.5,0,,,77.3,0,0
713,2019-12-29 4:00,-0.6,294.2,1.1,0,,,74.6,0,0
713,2019-12-29 5:00,-0.2,0,0.2,0,,,74.3,0,0
713,2019-12-29 6:00,0.3,274.9,0.5,0,,,74.2,0,0
713,2019-12-29 7:00,0.8,0,0.2,0,,,74.5,0,0
713,2019-12-29 8:00,1.2,0,0.2,0,,,73.5,0,0
713,2019-12-29 9:00,2.2,329.8,0.5,0,,,70.4,0,0
713,2019-12-29 10:00,3.2,0,0.3,0,,,65.2,0,0
713,2019-12-29 11:00,5,260.8,0.6,0,,,58.9,0,0
713,2019-12-29 12:00,5.9,290,0.7,0,,,57.6,0,0
713,2019-12-29 13:00,6.6,261.6,0.5,0,,,61,0,0
713,2019-12-29 14:00,7.1,140,1.1,0,,,71.8,0,0
713,2019-12-29 15:00,6.9,192.3,0.9,0,,,74.5,0,0
713,2019-12-29 16:00,6,287.8,0.5,0,,,84.2,0,0
713,2019-12-29 17:00,5.8,114.9,0.6,0.5,,,89.7,0,0
713,2019-12-29 18:00,6,267.7,0.7,0,,,95.5,0,0
713,2019-12-29 19:00,6.1,198.1,0.9,0.5,,,97.1,0,0
713,2019-12-29 20:00,6.3,151,0.8,1,,,99.2,0,0
713,2019-12-29 21:00,6.3,187.3,1.3,1.5,,,99.9,0,0
713,2019-12-29 22:00,6.7,196.1,1,0.5,,,99.9,0,0
713,2019-12-29 23:00,6.9,201.7,1.2,0,,,99.9,0,0
713,2019-12-30 0:00,6.9,0,0,0.5,,,99.9,0,0
713,2019-12-30 1:00,6.9,0,0.3,0,,,99.9,0,0
713,2019-12-30 2:00,6.8,100,0.5,0,,,99.9,0,0
713,2019-12-30 3:00,6.7,0,0.1,0,,,99.9,0,0
713,2019-12-30 4:00,6.7,0,0,0,,,99.9,0,0
713,2019-12-30 5:00,6.7,0,0.1,0,,,99.9,0,0
713,2019-12-30 6:00,6.7,0,0,0,,,99.9,0,0
713,2019-12-30 7:00,6.7,0,0.4,0,,,99.9,0,0
713,2019-12-30 8:00,6.9,0,0.1,0,,,99.9,0,0
713,2019-12-30 9:00,7.2,0,0.2,0,,,99.9,0,0
713,2019-12-30 10:00,7.8,0,0.4,0,,,99.9,0,0
713,2019-12-30 11:00,8.6,140.8,1.2,0,,,97.2,0,0
713,2019-12-30 12:00,10,142.7,0.9,0,,,89.9,0,0
713,2019-12-30 13:00,10.9,0,0.4,0,,,86.9,0,0
713,2019-12-30 14:00,12.5,268,3.4,0,,,73.4,0,0
713,2019-12-30 15:00,12.5,292,2.4,0,,,68.7,0,0
713,2019-12-30 16:00,11.7,298.6,2.7,0,,,65.3,0,0
713,2019-12-30 17:00,10.2,271.6,2.5,0,,,69.9,0,0
713,2019-12-30 18:00,10.4,300.1,2.3,0,,,69.7,0,0
713,2019-12-30 19:00,9.5,308.4,2.6,0,,,69.2,0,0
713,2019-12-30 20:00,7.5,308.7,2.2,0,,,65,0,0
713,2019-12-30 21:00,5.8,297.3,1.8,0,,,50.7,0,0
713,2019-12-30 22:00,4.5,300.3,2.8,0,,,55.5,0,0
713,2019-12-30 23:00,3.6,327.7,3.2,0,,,58.4,0,0
713,2019-12-31 0:00,3,279.7,3,0,,,60.8,0,0
713,2019-12-31 1:00,1.9,281,4.2,0,,,56,0,0
713,2019-12-31 2:00,1,290.2,3.8,0,,,57.5,0,0
713,2019-12-31 3:00,0.5,293,3.8,0,,,55.3,0,0
713,2019-12-31 4:00,-0.1,321.7,4.1,0,,,58.3,0,0
713,2019-12-31 5:00,-1.1,293.6,3.9,0,,,56.8,0,0
713,2019-12-31 6:00,-1.9,316.6,3.4,0,,,48.8,0,0
713,2019-12-31 7:00,-2.8,291.9,2.4,0,,,50.1,0,0
713,2019-12-31 8:00,-3.3,300.1,3.4,0,,,42.9,0,0
713,2019-12-31 9:00,-3.2,281.8,3.6,0,,,40.5,0,0
713,2019-12-31 10:00,-1.7,276.5,3.5,0,,,33.3,0,0
713,2019-12-31 11:00,-0.1,290.8,3.5,0,,,30.7,0,0
713,2019-12-31 12:00,0.4,280.7,3.4,0,,,25.6,0,0
713,2019-12-31 13:00,1.2,299.7,3.7,0,,,24.1,0,0
713,2019-12-31 14:00,1.8,296.6,3.8,0,,,25.3,0,0
713,2019-12-31 15:00,2,288.8,3.2,0,,,25.1,0,0
713,2019-12-31 16:00,1.4,301.4,3.9,0,,,26,0,0
713,2019-12-31 17:00,0.2,302.7,2.9,0,,,29.3,0,0
713,2019-12-31 18:00,-0.8,309.4,2.3,0,,,32.8,0,0
713,2019-12-31 19:00,-1.2,303.4,2.6,0,,,32.4,0,0
713,2019-12-31 20:00,-2.1,290.1,1.6,0,,,33.7,0,0
713,2019-12-31 21:00,-2.8,285.4,1.1,0,,,40.5,0,0
713,2019-12-31 22:00,-2.8,280.1,1.7,0,,,40.5,0,0
713,2019-12-31 23:00,-3.8,0,0.4,0,,,44.7,0,0
