"date","hr","prec","rhum","temp","lf_wtness","T_response","dryhours","wethours","function_T(ft)","splash","Sum_ft","Scaled_sum_ft","disease_risk"
2019-06-01,10,0,64.9,19.9,0,0,0,0,0,0,0,0,0
2019-06-01,11,0,56.2,22.1,0,0.874288778598518,1,0,0,1,0,0,0
2019-06-01,12,0,52.6,23.2,0,0.777451048335543,2,0,0,1,0,0,0
2019-06-01,13,0,44,24.6,0,0.628188722799122,3,0,0,1,0,0,0
2019-06-01,14,0,38.5,25.7,0,0.494913504615628,4,0,0,1,0,0,0
2019-06-01,15,0,42.5,26.2,0,0.431131447810326,5,0,0,1,0,0,0
2019-06-01,16,0,44.6,26.4,0,0.405253230483698,6,0,0,1,0,0,0
2019-06-01,17,0,45.5,24.9,0,0.593014786547798,7,0,0,1,0,0,0
2019-06-01,18,0,43.7,24.1,0,0.684484426061793,8,0,0,1,0,0,0
2019-06-01,19,0,49.9,23.4,0,0.757794078648668,9,0,0,1,0,0,0
2019-06-01,20,0,55.6,22.2,0,0.866311768540592,10,0,0,1,0,0,0
2019-06-01,21,0,62.5,20.9,0,0.956179602751365,11,0,0,1,0,0,0
2019-06-01,22,0,73.3,19.2,0,1.02569328294578,12,0,0,1,0,0,0
2019-06-01,23,0,79.6,18,0,1.04022728001519,13,0,0,1,0,0,0
2019-06-01,24,0,81.4,17.7,0,1.03931719493426,14,0,0,1,0,0,0
2019-06-01,1,0,85.5,16.9,0,1.02801076170834,15,0,0,1,0,0,0
2019-06-01,2,0,87.3,16.5,0,1.01754364116835,16,0,0,1,0,0,0
2019-06-01,3,0,87.2,16.4,0,1.01442956216808,17,0,0,1,0,0,0
2019-06-01,4,0,89.9,15.6,0,0.982444363252474,18,0,0,1,0,0,0
2019-06-01,5,0,92.2,15.2,1,0.961811819864274,0,1,0.961811819864274,1,0.961811819864274,0.320603939954758,0.0176509849886895
2019-06-01,6,0,93.9,14.6,1,0.925225493980486,0,2,0.925225493980486,1,1.88703731384476,0.629012437948254,0.0947531094870634
2019-06-01,7,0,94.2,15,1,0.950359731012353,0,3,0.950359731012353,1,2.83739704485711,0.945799014952371,0.173949753738093
2019-06-01,8,0,84.1,17.4,0,1.03658830584399,1,3,0,1,2.83739704485711,0.945799014952371,0.173949753738093
2019-06-01,9,0,68.5,20.8,0,0.961811819864274,2,0,0,1,0,0,0
2019-06-02,10,0,58.7,23.3,0,0.767697308875491,3,0,0,1,0,0,0
2019-06-02,11,0,51.2,25.2,0,0.556903827286182,4,0,0,1,0,0,0
2019-06-02,12,0,51.2,26.4,0,0.405253230483698,5,0,0,1,0,0,0
2019-06-02,13,0,50.3,27.3,0,0.28778056750553,6,0,0,1,0,0,0
2019-06-02,14,0,46.6,27.8,0,0.223178109404385,7,0,0,1,0,0,0
2019-06-02,15,0,56.9,25.8,0,0.482281966387729,8,0,0,1,0,0,0
2019-06-02,16,0,51.8,26.2,0,0.431131447810326,9,0,0,1,0,0,0
2019-06-02,17,0,52.6,26.6,0,0.379232319581893,10,0,0,1,0,0,0
2019-06-02,18,0,50.4,26.1,0,0.444002770736375,11,0,0,1,0,0,0
2019-06-02,19,0,53.1,25.3,0,0.54467567937045,12,0,0,1,0,0,0
2019-06-02,20,0,59.2,23.5,0,0.747743622304841,13,0,0,1,0,0,0
2019-06-02,21,0,65.2,21.8,0,0.897180994551213,14,0,0,1,0,0,0
2019-06-02,22,0,75,19.8,0,1.00760824248928,15,0,0,1,0,0,0
2019-06-02,23,0,82,18.6,0,1.03658830584399,16,0,0,1,0,0,0
2019-06-02,24,0,85.8,17.8,0,1.03982276965937,17,0,0,1,0,0,0
2019-06-02,1,0,90.1,16.8,0,1.02569328294578,18,0,0,1,0,0,0
2019-06-02,2,0,92.3,16.4,1,1.01442956216808,0,1,1.01442956216808,1,1.01442956216808,0.33814318738936,0.0220357968473399
2019-06-02,3,0,94.4,15.8,1,0.991610092125121,0,2,0.991610092125121,1,2.0060396542932,0.6686798847644,0.1046699711911
2019-06-02,4,0,96,15.4,1,0.972509255348771,0,3,0.972509255348771,1,2.97854890964197,0.992849636547324,0.185712409136831
2019-06-02,5,0,97.1,14.9,1,0.944353263650737,0,4,0.944353263650737,1,3.92290217329271,1.30763405776424,0.264408514441059
2019-06-02,6,0,97.4,14.6,1,0.925225493980486,0,5,0.925225493980486,1,4.84812766727319,1.61604255575773,0.341510638939433
2019-06-02,7,0,94.3,14.8,1,0.938161300522622,0,6,0.938161300522622,1,5.78628896779582,1.92876298926527,0.419690747316318
2019-06-02,8,0,78.4,18.4,0,1.03860950835541,1,6,0,1,5.78628896779582,1.92876298926527,0.419690747316318
2019-06-02,9,0,66.8,20.5,0,0.977572555397314,2,0,0,1,0,0,0
2019-06-03,10,0,62.6,23.1,0,0.787053096012742,3,0,0,1,0,0,0
2019-06-03,11,0,56.3,25.9,0,0.469583097724758,4,0,0,1,0,0,0
2019-06-03,12,0,49.2,27.9,0,0.210450287534895,5,0,0,1,0,0,0
2019-06-03,13,0,46.7,28.4,0,0.148434875121192,6,0,0,1,0,0,0
2019-06-03,14,0,39.4,29.1,0,0.0692495626792898,7,0,0,1,0,0,0
2019-06-03,15,0,35.5,30.7,0,0,8,0,0,1,0,0,0
2019-06-03,16,0,42,30.1,0,0,9,0,0,1,0,0,0
2019-06-03,17,0,44.7,30.2,0,0,10,0,0,1,0,0,0
2019-06-03,18,0,39.3,28.9,0,0.0906025006661298,11,0,0,1,0,0,0
2019-06-03,19,0,51.3,27.4,0,0.274765828232679,12,0,0,1,0,0,0
2019-06-03,20,0,53.6,25.2,0,0.556903827286182,13,0,0,1,0,0,0
2019-06-03,21,0,60.6,22.9,0,0.805793620457243,14,0,0,1,0,0,0
2019-06-03,22,0,70,21.2,0,0.938161300522622,15,0,0,1,0,0,0
2019-06-03,23,0,74.9,19.9,0,1.0039021716479,16,0,0,1,0,0,0
2019-06-03,24,0,78.4,19.1,0,1.02801076170834,17,0,0,1,0,0,0
2019-06-03,1,0,82.1,17.6,0,1.03860950835541,18,0,0,1,0,0,0
2019-06-03,2,0,85,16.9,0,1.02801076170834,19,0,0,1,0,0,0
2019-06-03,3,0,84.3,16.5,0,1.01754364116835,20,0,0,1,0,0,0
2019-06-03,4,0,85,15.9,0,0.995902402836773,21,0,0,1,0,0,0
2019-06-03,5,0,84.2,15.7,0,0.987123816829372,22,0,0,1,0,0,0
2019-06-03,6,0,86.4,15.2,0,0.961811819864274,23,0,0,1,0,0,0
2019-06-03,7,0,85.5,15.7,0,0.987123816829372,24,0,0,1,0,0,0
2019-06-03,8,0,74.7,18.5,0,1.03769982801818,25,0,0,1,0,0,0
2019-06-03,9,0,63.4,22.5,0,0.841364222918988,26,0,0,1,0,0,0
2019-06-04,10,0,55.7,25,0,0.581077149556929,27,0,0,1,0,0,0
2019-06-04,11,0,54.2,27.3,0,0.28778056750553,28,0,0,1,0,0,0
2019-06-04,12,0,51.9,28.7,0,0.113077876269044,29,0,0,1,0,0,0
2019-06-04,13,0,46.8,30.2,0,0,30,0,0,1,0,0,0
2019-06-04,14,0,44.4,30.9,0,0,31,0,0,1,0,0,0
2019-06-04,15,0,52.4,29.7,0,0.0154183603326341,32,0,0,1,0,0,0
2019-06-04,16,0,54.4,29.5,0,0.0311511269938033,33,0,0,1,0,0,0
2019-06-04,17,0,54.4,29.3,0,0.0493010643771209,34,0,0,1,0,0,0
2019-06-04,18,0,57.7,28.3,0,0.160574303993152,35,0,0,1,0,0,0
2019-06-04,19,0,60.7,27.1,0,0.313887039947221,36,0,0,1,0,0,0
2019-06-04,20,0,68.8,25.5,0,0.519956157028141,37,0,0,1,0,0,0
2019-06-04,21,0,75.8,24.4,0,0.651071882453056,38,0,0,1,0,0,0
2019-06-04,22,0,79.2,23.7,0,0.72721041840289,39,0,0,1,0,0,0
2019-06-04,23,0,85.3,22.5,0,0.841364222918988,40,0,0,1,0,0,0
2019-06-04,24,0,89.9,21.5,0,0.918484059629598,41,0,0,1,0,0,0
2019-06-04,1,0,93.5,20.6,1,0.972509255348771,0,1,0.972509255348771,1,0.972509255348771,0.324169751782924,0.0185424379457309
2019-06-04,2,0,96,20,1,1,0,2,1,1,1.97250925534877,0.657503085116257,0.101875771279064
2019-06-04,3,0,97.1,19.3,1,1.02317598008718,0,3,1.02317598008718,1,2.99568523543595,0.998561745145318,0.18714043628633
2019-06-04,4,0,94.8,18.4,1,1.03860950835541,0,4,1.03860950835541,1,4.03429474379136,1.34476491459712,0.27369122864928
2019-06-04,5,0,94.5,17.8,1,1.03982276965937,0,5,1.03982276965937,1,5.07411751345073,1.69137250448358,0.360343126120894
2019-06-04,6,0,94.7,17.2,1,1.03376051319635,0,6,1.03376051319635,1,6.10787802664708,2.03595934221569,0.446489835553924
2019-06-04,7,0,93.4,17.4,1,1.03658830584399,0,7,1.03658830584399,1,7.14446633249107,2.38148877749702,0.532872194374256
2019-06-04,8,0,81.5,19.7,0,1.01111757360589,1,7,0,1,7.14446633249107,2.38148877749702,0.532872194374256
2019-06-04,9,0,67.5,23.3,0,0.767697308875491,2,0,0,1,0,0,0
2019-06-05,10,0,59.7,26,0,0.45682170652376,3,0,0,1,0,0,0
2019-06-05,11,0,54.8,28,0,0.197812848640127,4,0,0,1,0,0,0
2019-06-05,12,0,48.3,30.3,0,0,5,0,0,1,0,0,0
2019-06-05,13,0,44.1,31.8,0,0,6,0,0,1,0,0,0
2019-06-05,14,0,40.8,32.8,0,0,7,0,0,1,0,0,0
2019-06-05,15,0,42.1,32.6,0,0,8,0,0,1,0,0,0
2019-06-05,16,0,37.5,33.1,0,0,9,0,0,1,0,0,0
2019-06-05,17,0,42.2,32.1,0,0,10,0,0,1,0,0,0
2019-06-05,18,0,42.4,30.9,0,0,11,0,0,1,0,0,0
2019-06-05,19,0,50,28.6,0,0.124667087871404,12,0,0,1,0,0,0
2019-06-05,20,0,56.3,26.5,0,0.392257645894514,13,0,0,1,0,0,0
2019-06-05,21,0,65.6,24.8,0,0.604848238386529,14,0,0,1,0,0,0
2019-06-05,22,0,71.5,23.2,0,0.777451048335543,15,0,0,1,0,0,0
2019-06-05,23,0,74.6,22.4,0,0.84984782351753,16,0,0,1,0,0,0
2019-06-05,24,0,77.8,21.8,0,0.897180994551213,17,0,0,1,0,0,0
2019-06-05,1,0,80.5,21.1,0,0.944353263650737,18,0,0,1,0,0,0
2019-06-05,2,0,84.4,19.8,0,1.00760824248928,19,0,0,1,0,0,0
2019-06-05,3,0,85.9,19.3,0,1.02317598008718,20,0,0,1,0,0,0
2019-06-05,4,0,88.8,18.7,0,1.03527512764388,21,0,0,1,0,0,0
2019-06-05,5,0,90.4,18,0,1.04022728001519,22,0,0,1,0,0,0
2019-06-05,6,0,94.4,17.7,1,1.03931719493426,0,1,1.03931719493426,1,1.03931719493426,0.346439064978088,0.024109766244522
2019-06-05,7,0,91.3,17.9,0,1.04012614821206,1,1,0,1,1.03931719493426,0.346439064978088,0.024109766244522
2019-06-05,8,0,82.1,20.1,0,0.995902402836773,2,0,0,1,0,0,0
2019-06-05,9,0,74.2,23,0,0.796501312900028,3,0,0,1,0,0,0
2019-06-06,10,0,71,24.6,0,0.628188722799122,4,0,0,1,0,0,0
2019-06-06,11,0,63.5,26.5,0,0.392257645894514,5,0,0,1,0,0,0
2019-06-06,12,0,62.8,27.7,0,0.235984429039618,6,0,0,1,0,0,0
2019-06-06,13,0,59.5,28.6,0,0.124667087871404,7,0,0,1,0,0,0
2019-06-06,14,0,64.5,26.7,0,0.366183481577597,8,0,0,1,0,0,0
2019-06-06,15,0,67.2,26.6,0,0.379232319581893,9,0,0,1,0,0,0
2019-06-06,16,0,67.3,25.9,0,0.469583097724758,10,0,0,1,0,0,0
2019-06-06,17,0,68.8,25.3,0,0.54467567937045,11,0,0,1,0,0,0
2019-06-06,18,0,76.8,23.9,0,0.706117154514705,12,0,0,1,0,0,0
2019-06-06,19,1,93,21.4,1,0.925225493980486,0,1,0.925225493980486,1,0.925225493980486,0.308408497993496,0.0146021244983739
2019-06-06,20,0.5,90,21.5,0,0.918484059629598,1,1,0,1,0.925225493980486,0.308408497993496,0.0146021244983739
2019-06-06,21,0.5,88,20.9,0,0.956179602751365,2,0,0,1,0,0,0
2019-06-06,22,4,95.7,19.3,1,1.02317598008718,0,1,1.02317598008718,1,1.02317598008718,0.341058660029061,0.0227646650072653
2019-06-06,23,5,98.2,18.9,1,1.03204471633976,0,2,1.03204471633976,1,2.05522069642695,0.685073565475649,0.108768391368912
2019-06-06,24,3,92.8,18.9,1,1.03204471633976,0,3,1.03204471633976,1,3.08726541276671,1.02908847092224,0.194772117730559
2019-06-06,1,4,92.8,18.8,1,1.03376051319635,0,4,1.03376051319635,1,4.12102592596306,1.37367530865435,0.280918827163588
2019-06-06,2,1,91.9,18.8,0,1.03376051319635,1,4,0,1,4.12102592596306,1.37367530865435,0.280918827163588
2019-06-06,3,1,98.9,18.6,1,1.03658830584399,0,5,1.03658830584399,1,5.15761423180705,1.71920474393568,0.367301185983921
2019-06-06,4,2,99.9,18.2,1,1.03982276965937,0,6,1.03982276965937,1,6.19743700146642,2.06581233382214,0.453953083455535
2019-06-06,5,0.5,99.9,18.4,1,1.03860950835541,0,7,1.03860950835541,1,7.23604650982183,2.41201550327394,0.540503875818486
2019-06-06,6,0.5,99.9,18.4,1,1.03860950835541,0,8,1.03860950835541,1,8.27465601817724,2.75821867272575,0.627054668181436
2019-06-06,7,0,99.3,18.3,1,1.03931719493426,0,9,1.03931719493426,1,9.3139732131115,3.10465773770383,0.713664434425958
2019-06-06,8,0,99.9,18.3,1,1.03931719493426,0,10,1.03931719493426,1,10.3532904080458,3.45109680268192,0.80027420067048
2019-06-06,9,0.5,99.9,18.4,1,1.03860950835541,0,11,1.03860950835541,1,11.3918999164012,3.79729997213372,0.886824993033431
2019-06-07,10,0.5,99.9,19,1,1.03012802507923,0,12,1.03012802507923,1,12.4220279414804,4.14067598049347,0.972668995123367
2019-06-07,11,0,99.5,20.2,1,0.991610092125121,0,13,0.991610092125121,1,13.4136380336055,4.47121267786851,1
2019-06-07,12,0,90.9,21.2,0,0.938161300522622,1,13,0,1,13.4136380336055,4.47121267786851,1
2019-06-07,13,0,89.2,21.8,0,0.897180994551213,2,0,0,1,0,0,0
2019-06-07,14,0,90.7,21,0,0.950359731012353,3,0,0,1,0,0,0
2019-06-07,15,0,87.6,21.9,0,0.889724911365818,4,0,0,1,0,0,0
2019-06-07,16,0,87.7,22.1,0,0.874288778598518,5,0,0,1,0,0,0
2019-06-07,17,0,81.1,22.6,0,0.832715178501512,6,0,0,1,0,0,0
2019-06-07,18,0,79.8,22,0,0.882093674088273,7,0,0,1,0,0,0
2019-06-07,19,0,96.6,20.4,1,0.982444363252474,0,1,0.982444363252474,1,0.982444363252474,0.327481454417491,0.0193703636043728
2019-06-07,20,1.5,99.9,19.8,1,1.00760824248928,0,2,1.00760824248928,1,1.99005260574175,0.663350868580583,0.103337717145146
2019-06-07,21,0.5,99.9,19.6,1,1.01442956216808,0,3,1.01442956216808,1,3.00448216790983,1.00149405596994,0.187873513992486
2019-06-07,22,0,99.9,19.5,1,1.01754364116835,0,4,1.01754364116835,1,4.02202580907818,1.34067526969273,0.272668817423181
2019-06-07,23,0,99.9,19.1,1,1.02801076170834,0,5,1.02801076170834,1,5.05003657078652,1.68334552359551,0.358336380898876
2019-06-07,24,0,97.9,18.9,1,1.03204471633976,0,6,1.03204471633976,1,6.08208128712628,2.02736042904209,0.444340107260523
2019-06-07,1,0,99.9,18.7,1,1.03527512764388,0,7,1.03527512764388,1,7.11735641477016,2.37245213825672,0.53061303456418
2019-06-07,2,0,99.9,18.5,1,1.03769982801818,0,8,1.03769982801818,1,8.15505624278833,2.71835208092944,0.617088020232361
2019-06-07,3,0,99.9,18.3,1,1.03931719493426,0,9,1.03931719493426,1,9.1943734377226,3.06479114590753,0.703697786476883
2019-06-07,4,0,99.9,18.4,1,1.03860950835541,0,10,1.03860950835541,1,10.232982946078,3.41099431535934,0.790248578839834
2019-06-07,5,0,99.9,18.2,1,1.03982276965937,0,11,1.03982276965937,1,11.2728057157374,3.75760190524579,0.876900476311448
2019-06-07,6,0,99.9,17.6,1,1.03860950835541,0,12,1.03860950835541,1,12.3114152240928,4.1038050746976,0.963451268674399
2019-06-07,7,0,99.9,17.5,1,1.03769982801818,0,13,1.03769982801818,1,13.349115052111,4.44970501737032,1
2019-06-07,8,0,89.7,19.6,0,1.01442956216808,1,13,0,1,13.349115052111,4.44970501737032,1
2019-06-07,9,0,84.4,21.1,0,0.944353263650737,2,0,0,1,0,0,0
2019-06-08,10,0,73.4,23.1,0,0.787053096012742,3,0,0,1,0,0,0
2019-06-08,11,0,65.4,24.2,0,0.673472526992004,4,0,0,1,0,0,0
2019-06-08,12,0,60.2,24.5,0,0.639689077167652,5,0,0,1,0,0,0
2019-06-08,13,0,65.3,23.8,0,0.716732534201063,6,0,0,1,0,0,0
2019-06-08,14,0,66.3,23.9,0,0.706117154514705,7,0,0,1,0,0,0
2019-06-08,15,0,60.9,24.5,0,0.639689077167652,8,0,0,1,0,0,0
2019-06-08,16,0,60.5,25,0,0.581077149556929,9,0,0,1,0,0,0
2019-06-08,17,0,68.2,23.6,0,0.737548269840038,10,0,0,1,0,0,0
2019-06-08,18,0,71.2,23,0,0.796501312900028,11,0,0,1,0,0,0
2019-06-08,19,0,71.7,23.2,0,0.777451048335543,12,0,0,1,0,0,0
2019-06-08,20,0,76.1,22.1,0,0.874288778598518,13,0,0,1,0,0,0
2019-06-08,21,0,78.3,20.6,0,0.972509255348771,14,0,0,1,0,0,0
2019-06-08,22,0,84.3,19.7,0,1.01111757360589,15,0,0,1,0,0,0
2019-06-08,23,0,87.1,19.2,0,1.02569328294578,16,0,0,1,0,0,0
2019-06-08,24,0,90.4,18.7,0,1.03527512764388,17,0,0,1,0,0,0
2019-06-08,1,0,89.5,19.2,0,1.02569328294578,18,0,0,1,0,0,0
2019-06-08,2,0,89.1,19,0,1.03012802507923,19,0,0,1,0,0,0
2019-06-08,3,0,89.7,19,0,1.03012802507923,20,0,0,1,0,0,0
2019-06-08,4,0,89.9,18.4,0,1.03860950835541,21,0,0,1,0,0,0
2019-06-08,5,0,90.5,17.1,0,1.03204471633976,22,0,0,1,0,0,0
2019-06-08,6,0,94,16.3,1,1.01111757360589,0,1,1.01111757360589,1,1.01111757360589,0.337039191201963,0.0217597978004907
2019-06-08,7,0,92.4,16.4,1,1.01442956216808,0,2,1.01442956216808,1,2.02554713577397,0.675182378591323,0.106295594647831
2019-06-08,8,0,86.4,17.4,0,1.03658830584399,1,2,0,1,2.02554713577397,0.675182378591323,0.106295594647831
2019-06-08,9,0,78.7,19.4,0,1.02045927917239,2,0,0,1,0,0,0
2019-06-09,10,0,76.1,20.8,0,0.961811819864274,3,0,0,1,0,0,0
2019-06-09,11,0,64.3,22.9,0,0.805793620457243,4,0,0,1,0,0,0
2019-06-09,12,0,64.5,23.9,0,0.706117154514705,5,0,0,1,0,0,0
2019-06-09,13,0,56.9,25,0,0.581077149556929,6,0,0,1,0,0,0
2019-06-09,14,0,59.3,26,0,0.45682170652376,7,0,0,1,0,0,0
2019-06-09,15,0,58.9,26.2,0,0.431131447810326,8,0,0,1,0,0,0
2019-06-09,16,0,57.7,26.4,0,0.405253230483698,9,0,0,1,0,0,0
2019-06-09,17,0,57.9,25,0,0.581077149556929,10,0,0,1,0,0,0
2019-06-09,18,0,62.7,23.7,0,0.72721041840289,11,0,0,1,0,0,0
2019-06-09,19,0,65.1,22.6,0,0.832715178501512,12,0,0,1,0,0,0
2019-06-09,20,0,69,21.3,0,0.931784982886433,13,0,0,1,0,0,0
2019-06-09,21,0,74.4,20,0,1,14,0,0,1,0,0,0
2019-06-09,22,0,76.4,19.7,0,1.01111757360589,15,0,0,1,0,0,0
2019-06-09,23,0,76.1,19.5,0,1.01754364116835,16,0,0,1,0,0,0
2019-06-09,24,0,77.3,19.5,0,1.01754364116835,17,0,0,1,0,0,0
2019-06-09,1,0,81.5,19.1,0,1.02801076170834,18,0,0,1,0,0,0
2019-06-09,2,0,81.2,18.9,0,1.03204471633976,19,0,0,1,0,0,0
2019-06-09,3,0,83.5,18.6,0,1.03658830584399,20,0,0,1,0,0,0
2019-06-09,4,0.5,98.9,17.4,1,1.03658830584399,0,1,1.03658830584399,1,1.03658830584399,0.34552943528133,0.0238823588203326
2019-06-09,5,0.5,99.9,17.3,1,1.03527512764388,0,2,1.03527512764388,1,2.07186343348787,0.690621144495955,0.110155286123989
2019-06-09,6,1.5,99.9,16.8,1,1.02569328294578,0,3,1.02569328294578,1,3.09755671643364,1.03251890547788,0.19562972636947
2019-06-09,7,0,98,16.9,1,1.02801076170834,0,4,1.02801076170834,1,4.12556747814199,1.37518915938066,0.281297289845166
2019-06-09,8,0,92.9,16.4,1,1.01442956216808,0,5,1.01442956216808,1,5.13999704031007,1.71333234677002,0.365833086692505
2019-06-09,9,0,89.3,17,0,1.03012802507923,1,5,0,1,5.13999704031007,1.71333234677002,0.365833086692505
2019-06-10,10,0,75.8,18.8,0,1.03376051319635,2,0,0,1,0,0,0
2019-06-10,11,0,67.1,20.1,0,0.995902402836773,3,0,0,1,0,0,0
2019-06-10,12,0,64.9,21.8,0,0.897180994551213,4,0,0,1,0,0,0
2019-06-10,13,0,66,21.4,0,0.925225493980486,5,0,0,1,0,0,0
2019-06-10,14,0,60,23.1,0,0.787053096012742,6,0,0,1,0,0,0
2019-06-10,15,0,63.9,22.2,0,0.866311768540592,7,0,0,1,0,0,0
2019-06-10,16,0,67.8,21.3,0,0.931784982886433,8,0,0,1,0,0,0
2019-06-10,17,0,69.2,21.3,0,0.931784982886433,9,0,0,1,0,0,0
2019-06-10,18,0,69.8,21.3,0,0.931784982886433,10,0,0,1,0,0,0
2019-06-10,19,0,62.3,21.5,0,0.918484059629598,11,0,0,1,0,0,0
2019-06-10,20,0,68,20.7,0,0.967255363677231,12,0,0,1,0,0,0
2019-06-10,21,0,76.5,20.2,0,0.991610092125121,13,0,0,1,0,0,0
2019-06-10,22,0,77.2,19.8,0,1.00760824248928,14,0,0,1,0,0,0
2019-06-10,23,0,76.8,19.4,0,1.02045927917239,15,0,0,1,0,0,0
2019-06-10,24,0,75.7,19.3,0,1.02317598008718,16,0,0,1,0,0,0
2019-06-10,1,0,80.5,18.9,0,1.03204471633976,17,0,0,1,0,0,0
2019-06-10,2,0,83.2,18.6,0,1.03658830584399,18,0,0,1,0,0,0
2019-06-10,3,0,91.5,18.1,0,1.04012614821206,19,0,0,1,0,0,0
2019-06-10,4,1,99.3,16.7,1,1.02317598008718,0,1,1.02317598008718,1,1.02317598008718,0.341058660029061,0.0227646650072653
2019-06-10,5,1,98.7,16.1,1,1.0039021716479,0,2,1.0039021716479,1,2.02707815173508,0.675692717245027,0.106423179311257
2019-06-10,6,0,99.9,16.2,1,1.00760824248928,0,3,1.00760824248928,1,3.03468639422436,1.01156213140812,0.19039053285203
2019-06-10,7,0,98.2,15.7,1,0.987123816829372,0,4,0.987123816829372,1,4.02181021105373,1.34060340368458,0.272650850921144
2019-06-10,8,0.5,99.8,15.6,1,0.982444363252474,0,5,0.982444363252474,1,5.0042545743062,1.66808485810207,0.354521214525517
2019-06-10,9,0,97.5,16.2,1,1.00760824248928,0,6,1.00760824248928,1,6.01186281679548,2.00395427226516,0.43848856806629
2019-06-11,10,0,90.5,17,0,1.03012802507923,1,6,0,1,6.01186281679548,2.00395427226516,0.43848856806629
2019-06-11,11,0,86.2,17.7,0,1.03931719493426,2,0,0,1,0,0,0
2019-06-11,12,0,87.8,18.3,0,1.03931719493426,3,0,0,1,0,0,0
2019-06-11,13,0,80.3,19.5,0,1.01754364116835,4,0,0,1,0,0,0
2019-06-11,14,0,68,21.9,0,0.889724911365818,5,0,0,1,0,0,0
2019-06-11,15,0,70.7,21.4,0,0.925225493980486,6,0,0,1,0,0,0
2019-06-11,16,0,70.3,21.9,0,0.889724911365818,7,0,0,1,0,0,0
2019-06-11,17,0,66.3,23.1,0,0.787053096012742,8,0,0,1,0,0,0
2019-06-11,18,0,67.5,22.9,0,0.805793620457243,9,0,0,1,0,0,0
2019-06-11,19,0.5,84,20.6,0,0.972509255348771,10,0,0,1,0,0,0
2019-06-11,20,0,83.4,20.5,0,0.977572555397314,11,0,0,1,0,0,0
2019-06-11,21,0,81.7,19.2,0,1.02569328294578,12,0,0,1,0,0,0
2019-06-11,22,0,82.4,18.9,0,1.03204471633976,13,0,0,1,0,0,0
2019-06-11,23,0,81,18.8,0,1.03376051319635,14,0,0,1,0,0,0
2019-06-11,24,0,85.5,18.7,0,1.03527512764388,15,0,0,1,0,0,0
2019-06-11,1,0,86.3,18.5,0,1.03769982801818,16,0,0,1,0,0,0
2019-06-11,2,0,82.6,18.7,0,1.03527512764388,17,0,0,1,0,0,0
2019-06-11,3,0,86.5,18.5,0,1.03769982801818,18,0,0,1,0,0,0
2019-06-11,4,0,89.5,18,0,1.04022728001519,19,0,0,1,0,0,0
2019-06-11,5,0,97.5,17.3,1,1.03527512764388,0,1,1.03527512764388,1,1.03527512764388,0.345091709214625,0.0237729273036563
2019-06-11,6,0,96.4,16.9,1,1.02801076170834,0,2,1.02801076170834,1,2.06328588935222,0.687761963117406,0.109440490779351
2019-06-11,7,0,93.3,17.3,1,1.03527512764388,0,3,1.03527512764388,1,3.09856101699609,1.03285367233203,0.195713418083008
2019-06-11,8,0,86.8,18.6,0,1.03658830584399,1,3,0,1,3.09856101699609,1.03285367233203,0.195713418083008
2019-06-11,9,0,78.4,20.1,0,0.995902402836773,2,0,0,1,0,0,0
2019-06-12,10,0,73.8,20.8,0,0.961811819864274,3,0,0,1,0,0,0
2019-06-12,11,0,66.5,22.9,0,0.805793620457243,4,0,0,1,0,0,0
2019-06-12,12,0,64.2,23.5,0,0.747743622304841,5,0,0,1,0,0,0
2019-06-12,13,0,58.4,24.2,0,0.673472526992004,6,0,0,1,0,0,0
2019-06-12,14,0,54.8,26.2,0,0.431131447810326,7,0,0,1,0,0,0
2019-06-12,15,0,56.6,25.4,0,0.532358430871649,8,0,0,1,0,0,0
2019-06-12,16,0,52.6,25.5,0,0.519956157028141,9,0,0,1,0,0,0
2019-06-12,17,0,49,26.6,0,0.379232319581893,10,0,0,1,0,0,0
2019-06-12,18,0,50.8,25.6,0,0.507473065882102,11,0,0,1,0,0,0
2019-06-12,19,0,65.8,23.4,0,0.757794078648668,12,0,0,1,0,0,0
2019-06-12,20,0,74.8,21.7,0,0.904460474677906,13,0,0,1,0,0,0
2019-06-12,21,0,79.7,20.5,0,0.977572555397314,14,0,0,1,0,0,0
2019-06-12,22,0,80.2,20.3,0,0.987123816829372,15,0,0,1,0,0,0
2019-06-12,23,0,80.3,20.1,0,0.995902402836773,16,0,0,1,0,0,0
2019-06-12,24,0,79.8,19.9,0,1.0039021716479,17,0,0,1,0,0,0
2019-06-12,1,0,79,19.9,0,1.0039021716479,18,0,0,1,0,0,0
2019-06-12,2,0,81.3,19.7,0,1.01111757360589,19,0,0,1,0,0,0
2019-06-12,3,0,86.8,18.9,0,1.03204471633976,20,0,0,1,0,0,0
2019-06-12,4,0,90.3,18.6,0,1.03658830584399,21,0,0,1,0,0,0
2019-06-12,5,0,91.7,18.3,0,1.03931719493426,22,0,0,1,0,0,0
2019-06-12,6,0,92.6,17.4,1,1.03658830584399,0,1,1.03658830584399,1,1.03658830584399,0.34552943528133,0.0238823588203326
2019-06-12,7,0,94.6,17.6,1,1.03860950835541,0,2,1.03860950835541,1,2.0751978141994,0.691732604733133,0.110433151183283
2019-06-12,8,0,82.4,20,0,1,1,2,0,1,2.0751978141994,0.691732604733133,0.110433151183283
2019-06-12,9,0,74.6,21.7,0,0.904460474677906,2,0,0,1,0,0,0
2019-06-13,10,0,68.1,22.4,0,0.84984782351753,3,0,0,1,0,0,0
2019-06-13,11,0,66.7,23.8,0,0.716732534201063,4,0,0,1,0,0,0
2019-06-13,12,0,60.9,25.7,0,0.494913504615628,5,0,0,1,0,0,0
2019-06-13,13,0,58.5,26.5,0,0.392257645894514,6,0,0,1,0,0,0
2019-06-13,14,0,47.3,27.8,0,0.223178109404385,7,0,0,1,0,0,0
2019-06-13,15,0,46.5,28.5,0,0.136459582458664,8,0,0,1,0,0,0
2019-06-13,16,0,41.4,28.2,0,0.172860761328476,9,0,0,1,0,0,0
2019-06-13,17,0,58.8,26.8,0,0.353117619957617,10,0,0,1,0,0,0
2019-06-13,18,0,67.6,24.5,0,0.639689077167652,11,0,0,1,0,0,0
2019-06-13,19,0,68.2,23.4,0,0.757794078648668,12,0,0,1,0,0,0
2019-06-13,20,0,72.9,22.1,0,0.874288778598518,13,0,0,1,0,0,0
2019-06-13,21,0,69.8,21.6,0,0.911561948881998,14,0,0,1,0,0,0
2019-06-13,22,0,78.6,20.3,0,0.987123816829372,15,0,0,1,0,0,0
2019-06-13,23,0,85.1,19.1,0,1.02801076170834,16,0,0,1,0,0,0
2019-06-13,24,0,80.6,19,0,1.03012802507923,17,0,0,1,0,0,0
2019-06-13,1,0,87.2,18.1,0,1.04012614821206,18,0,0,1,0,0,0
2019-06-13,2,0,86,17.8,0,1.03982276965937,19,0,0,1,0,0,0
2019-06-13,3,0,86.3,17.4,0,1.03658830584399,20,0,0,1,0,0,0
2019-06-13,4,0,86.5,17.2,0,1.03376051319635,21,0,0,1,0,0,0
2019-06-13,5,0,86.7,17.1,0,1.03204471633976,22,0,0,1,0,0,0
2019-06-13,6,0,84.6,17.2,0,1.03376051319635,23,0,0,1,0,0,0
2019-06-13,7,0,86,17.2,0,1.03376051319635,24,0,0,1,0,0,0
2019-06-13,8,0,83.2,17.7,0,1.03931719493426,25,0,0,1,0,0,0
2019-06-13,9,0,79.4,18.9,0,1.03204471633976,26,0,0,1,0,0,0
2019-06-14,10,0,74.8,20.2,0,0.991610092125121,27,0,0,1,0,0,0
2019-06-14,11,0,67.1,21.6,0,0.911561948881998,28,0,0,1,0,0,0
2019-06-14,12,0,69.8,21.8,0,0.897180994551213,29,0,0,1,0,0,0
2019-06-14,13,0,70.6,22.6,0,0.832715178501512,30,0,0,1,0,0,0
2019-06-14,14,0,66.9,23.6,0,0.737548269840038,31,0,0,1,0,0,0
2019-06-14,15,0,69.5,22.8,0,0.814927999146579,32,0,0,1,0,0,0
2019-06-14,16,0,70.7,23.3,0,0.767697308875491,33,0,0,1,0,0,0
2019-06-14,17,0,77,21.9,0,0.889724911365818,34,0,0,1,0,0,0
2019-06-14,18,0.5,93.6,20.6,1,0.972509255348771,0,1,0.972509255348771,1,0.972509255348771,0.324169751782924,0.0185424379457309
2019-06-14,19,0.5,97.1,20.1,1,0.995902402836773,0,2,0.995902402836773,1,1.96841165818554,0.656137219395181,0.101534304848795
2019-06-14,20,1.5,97.2,19.3,1,1.02317598008718,0,3,1.02317598008718,1,2.99158763827273,0.997195879424242,0.186798969856061
2019-06-14,21,1.5,99.4,18.8,1,1.03376051319635,0,4,1.03376051319635,1,4.02534815146908,1.34178271715636,0.27294567928909
2019-06-14,22,0,99.8,18.4,1,1.03860950835541,0,5,1.03860950835541,1,5.06395765982448,1.68798588660816,0.35949647165204
2019-06-14,23,0,99.7,18.2,1,1.03982276965937,0,6,1.03982276965937,1,6.10378042948386,2.03459347649462,0.446148369123655
2019-06-14,24,0.5,99.6,18,1,1.04022728001519,0,7,1.04022728001519,1,7.14400770949905,2.38133590316635,0.532833975791587
2019-06-14,1,0,99.6,17.5,1,1.03769982801818,0,8,1.03769982801818,1,8.18170753751723,2.72723584583908,0.619308961459769
2019-06-14,2,0,99.6,17.2,1,1.03376051319635,0,9,1.03376051319635,1,9.21546805071358,3.07182268357119,0.705455670892798
2019-06-14,3,0,99.7,17,1,1.03012802507923,0,10,1.03012802507923,1,10.2455960757928,3.41519869193094,0.791299672982734
2019-06-14,4,0,99.7,16.3,1,1.01111757360589,0,11,1.01111757360589,1,11.2567136493987,3.7522378831329,0.875559470783225
2019-06-14,5,0,99.6,15.8,1,0.991610092125121,0,12,0.991610092125121,1,12.2483237415238,4.08277458050794,0.958193645126985
2019-06-14,6,0,99.6,15.6,1,0.982444363252474,0,13,0.982444363252474,1,13.2307681047763,4.41025603492543,1
2019-06-14,7,0,99.6,15.7,1,0.987123816829372,0,14,0.987123816829372,1,14.2178919216057,4.73929730720189,1
2019-06-14,8,0,99.6,16.5,1,1.01754364116835,0,15,1.01754364116835,1,15.235435562774,5.07847852092467,1
2019-06-14,9,0,93.9,19.4,1,1.02045927917239,0,16,1.02045927917239,1,16.2558948419464,5.41863161398213,1
2019-06-15,10,0,71.7,22.9,0,0.805793620457243,1,16,0,1,16.2558948419464,5.41863161398213,1
2019-06-15,11,0,58,24.5,0,0.639689077167652,2,0,0,1,0,0,0
2019-06-15,12,0,54.1,25.8,0,0.482281966387729,3,0,0,1,0,0,0
2019-06-15,13,0,56.8,25.7,0,0.494913504615628,4,0,0,1,0,0,0
2019-06-15,14,0,52.3,27.4,0,0.274765828232679,5,0,0,1,0,0,0
2019-06-15,15,0,44,27.9,0,0.210450287534895,6,0,0,1,0,0,0
2019-06-15,16,0,45.5,27.9,0,0.210450287534895,7,0,0,1,0,0,0
2019-06-15,17,0,43.9,28.2,0,0.172860761328476,8,0,0,1,0,0,0
2019-06-15,18,0,43.4,27.4,0,0.274765828232679,9,0,0,1,0,0,0
2019-06-15,19,0,49.6,26.1,0,0.444002770736375,10,0,0,1,0,0,0
2019-06-15,20,0,53.2,24.3,0,0.662334036737294,11,0,0,1,0,0,0
2019-06-15,21,0,56.7,22.8,0,0.814927999146579,12,0,0,1,0,0,0
2019-06-15,22,0,63.5,21.2,0,0.938161300522622,13,0,0,1,0,0,0
2019-06-15,23,0,62.6,20.5,0,0.977572555397314,14,0,0,1,0,0,0
2019-06-15,24,0,67.8,19.4,0,1.02045927917239,15,0,0,1,0,0,0
2019-06-15,1,0,70.4,18.8,0,1.03376051319635,16,0,0,1,0,0,0
2019-06-15,2,0,72.9,18.3,0,1.03931719493426,17,0,0,1,0,0,0
2019-06-15,3,0,74.8,18.1,0,1.04012614821206,18,0,0,1,0,0,0
2019-06-15,4,0,77.2,17.6,0,1.03860950835541,19,0,0,1,0,0,0
2019-06-15,5,0,81.5,16.6,0,1.02045927917239,20,0,0,1,0,0,0
2019-06-15,6,0,89.8,15.4,0,0.972509255348771,21,0,0,1,0,0,0
2019-06-15,7,0,90.2,15.7,0,0.987123816829372,22,0,0,1,0,0,0
2019-06-15,8,0,76.1,19.4,0,1.02045927917239,23,0,0,1,0,0,0
2019-06-15,9,0,67.7,20.8,0,0.961811819864274,24,0,0,1,0,0,0
2019-06-16,10,0,65.1,23.3,0,0.767697308875491,25,0,0,1,0,0,0
2019-06-16,11,0,59.7,24.5,0,0.639689077167652,26,0,0,1,0,0,0
2019-06-16,12,0,53.9,26,0,0.45682170652376,27,0,0,1,0,0,0
2019-06-16,13,0,51.4,27.4,0,0.274765828232679,28,0,0,1,0,0,0
2019-06-16,14,0,49.5,27.4,0,0.274765828232679,29,0,0,1,0,0,0
2019-06-16,15,0,48.6,27,0,0.326962179202605,30,0,0,1,0,0,0
2019-06-16,16,0,54.9,26.1,0,0.444002770736375,31,0,0,1,0,0,0
2019-06-16,17,0,55.7,25,0,0.581077149556929,32,0,0,1,0,0,0
2019-06-16,18,0,62,24,0,0.69536688982439,33,0,0,1,0,0,0
2019-06-16,19,0,57.5,23.7,0,0.72721041840289,34,0,0,1,0,0,0
2019-06-16,20,0,58.6,22.9,0,0.805793620457243,35,0,0,1,0,0,0
2019-06-16,21,0,62.8,22.2,0,0.866311768540592,36,0,0,1,0,0,0
2019-06-16,22,0,71.5,21.6,0,0.911561948881998,37,0,0,1,0,0,0
2019-06-16,23,0,74.4,21.2,0,0.938161300522622,38,0,0,1,0,0,0
2019-06-16,24,0,75.2,21.1,0,0.944353263650737,39,0,0,1,0,0,0
2019-06-16,1,0,75.8,20.9,0,0.956179602751365,40,0,0,1,0,0,0
2019-06-16,2,0,80.2,20.5,0,0.977572555397314,41,0,0,1,0,0,0
2019-06-16,3,0,80,20.4,0,0.982444363252474,42,0,0,1,0,0,0
2019-06-16,4,0,82.9,20.1,0,0.995902402836773,43,0,0,1,0,0,0
2019-06-16,5,0,84.8,19.8,0,1.00760824248928,44,0,0,1,0,0,0
2019-06-16,6,0,87.2,19.3,0,1.02317598008718,45,0,0,1,0,0,0
2019-06-16,7,0,89.7,18.9,0,1.03204471633976,46,0,0,1,0,0,0
2019-06-16,8,0,85,20.1,0,0.995902402836773,47,0,0,1,0,0,0
2019-06-16,9,0,78.8,21.6,0,0.911561948881998,48,0,0,1,0,0,0
2019-06-17,10,0,73.1,22.6,0,0.832715178501512,49,0,0,1,0,0,0
2019-06-17,11,0,60.5,24.4,0,0.651071882453056,50,0,0,1,0,0,0
2019-06-17,12,0,59.1,25.2,0,0.556903827286182,51,0,0,1,0,0,0
2019-06-17,13,0,53.5,26.8,0,0.353117619957617,52,0,0,1,0,0,0
2019-06-17,14,0,52.3,27.4,0,0.274765828232679,53,0,0,1,0,0,0
2019-06-17,15,0,55.4,28,0,0.197812848640127,54,0,0,1,0,0,0
2019-06-17,16,0,57,27.1,0,0.313887039947221,55,0,0,1,0,0,0
2019-06-17,17,0,60.2,26.1,0,0.444002770736375,56,0,0,1,0,0,0
2019-06-17,18,0,62.9,26.3,0,0.418213084976641,57,0,0,1,0,0,0
2019-06-17,19,0,64.9,25.5,0,0.519956157028141,58,0,0,1,0,0,0
2019-06-17,20,0,70,24.1,0,0.684484426061793,59,0,0,1,0,0,0
2019-06-17,21,0,74.6,23.1,0,0.787053096012742,60,0,0,1,0,0,0
2019-06-17,22,0,77.7,22.4,0,0.84984782351753,61,0,0,1,0,0,0
2019-06-17,23,0,85.6,21.2,0,0.938161300522622,62,0,0,1,0,0,0
2019-06-17,24,0,87.5,20.6,0,0.972509255348771,63,0,0,1,0,0,0
2019-06-17,1,0,89.7,19.9,0,1.0039021716479,64,0,0,1,0,0,0
2019-06-17,2,0,89.9,19.6,0,1.01442956216808,65,0,0,1,0,0,0
2019-06-17,3,0,93.7,19,1,1.03012802507923,0,1,1.03012802507923,1,1.03012802507923,0.343376008359745,0.0233440020899362
2019-06-17,4,0,94.6,18.8,1,1.03376051319635,0,2,1.03376051319635,1,2.06388853827558,0.687962846091861,0.109490711522965
2019-06-17,5,0,95,18.8,1,1.03376051319635,0,3,1.03376051319635,1,3.09764905147193,1.03254968382398,0.195637420955994
2019-06-17,6,0,94.5,18.7,1,1.03527512764388,0,4,1.03527512764388,1,4.13292417911581,1.3776413930386,0.281910348259651
2019-06-17,7,0,92.9,18.9,1,1.03204471633976,0,5,1.03204471633976,1,5.16496889545557,1.72165629848519,0.367914074621297
2019-06-17,8,0,90.1,19.4,0,1.02045927917239,1,5,0,1,5.16496889545557,1.72165629848519,0.367914074621297
2019-06-17,9,0,82.7,20.4,0,0.982444363252474,2,0,0,1,0,0,0
2019-06-18,10,0,79.4,21.3,0,0.931784982886433,3,0,0,1,0,0,0
2019-06-18,11,0,70.5,23.2,0,0.777451048335543,4,0,0,1,0,0,0
2019-06-18,12,0,65,23.7,0,0.72721041840289,5,0,0,1,0,0,0
2019-06-18,13,0,64.3,25,0,0.581077149556929,6,0,0,1,0,0,0
2019-06-18,14,0,56.5,26.7,0,0.366183481577597,7,0,0,1,0,0,0
2019-06-18,15,0,57.1,27,0,0.326962179202605,8,0,0,1,0,0,0
2019-06-18,16,0,55.3,27.7,0,0.235984429039618,9,0,0,1,0,0,0
2019-06-18,17,0,52.5,28.4,0,0.148434875121192,10,0,0,1,0,0,0
2019-06-18,18,0,51.9,27.9,0,0.210450287534895,11,0,0,1,0,0,0
2019-06-18,19,0,59.1,26.9,0,0.340041498976665,12,0,0,1,0,0,0
2019-06-18,20,0,67.4,25.4,0,0.532358430871649,13,0,0,1,0,0,0
2019-06-18,21,0,73.7,24,0,0.69536688982439,14,0,0,1,0,0,0
2019-06-18,22,0,67.6,22.9,0,0.805793620457243,15,0,0,1,0,0,0
2019-06-18,23,0,67.8,22.2,0,0.866311768540592,16,0,0,1,0,0,0
2019-06-18,24,0,73.9,21.4,0,0.925225493980486,17,0,0,1,0,0,0
2019-06-18,1,0,78.3,20.5,0,0.977572555397314,18,0,0,1,0,0,0
2019-06-18,2,0,86.8,19.4,0,1.02045927917239,19,0,0,1,0,0,0
2019-06-18,3,0,89.1,18.7,0,1.03527512764388,20,0,0,1,0,0,0
2019-06-18,4,0,92.8,18.3,1,1.03931719493426,0,1,1.03931719493426,1,1.03931719493426,0.346439064978088,0.0241097662445221
2019-06-18,5,0,94.8,17.8,1,1.03982276965937,0,2,1.03982276965937,1,2.07913996459364,0.693046654864546,0.110761663716136
2019-06-18,6,0,95.5,17.6,1,1.03860950835541,0,3,1.03860950835541,1,3.11774947294904,1.03924982431635,0.197312456079087
2019-06-18,7,0,94.2,17.9,1,1.04012614821206,0,4,1.04012614821206,1,4.15787562116111,1.38595854038704,0.283989635096759
2019-06-18,8,0,84.3,20.2,0,0.991610092125121,1,4,0,1,4.15787562116111,1.38595854038704,0.283989635096759
2019-06-18,9,0,73.9,22.4,0,0.84984782351753,2,0,0,1,0,0,0
2019-06-19,10,0,68.9,24.5,0,0.639689077167652,3,0,0,1,0,0,0
2019-06-19,11,0,62.1,26.3,0,0.418213084976641,4,0,0,1,0,0,0
2019-06-19,12,0,56.8,28.5,0,0.136459582458664,5,0,0,1,0,0,0
2019-06-19,13,0,54,29.4,0,0.0399700508675576,6,0,0,1,0,0,0
2019-06-19,14,0,55,28.5,0,0.136459582458664,7,0,0,1,0,0,0
2019-06-19,15,0,55.5,29,0,0.0797700235885415,8,0,0,1,0,0,0
2019-06-19,16,0,56.3,29.3,0,0.0493010643771209,9,0,0,1,0,0,0
2019-06-19,17,0,58.6,28.3,0,0.160574303993152,10,0,0,1,0,0,0
2019-06-19,18,0,77.3,24.8,0,0.604848238386529,11,0,0,1,0,0,0
2019-06-19,19,0.5,88,23.3,0,0.767697308875491,12,0,0,1,0,0,0
2019-06-19,20,0,87.9,23.4,0,0.757794078648668,13,0,0,1,0,0,0
2019-06-19,21,0,94.7,22,1,0.882093674088273,0,1,0.882093674088273,1,0.882093674088273,0.294031224696091,0.0110078061740228
2019-06-19,22,0,95.9,21.9,1,0.889724911365818,0,2,0.889724911365818,1,1.77181858545409,0.590606195151364,0.0851515487878409
2019-06-19,23,0,95.7,21.5,1,0.918484059629598,0,3,0.918484059629598,1,2.69030264508369,0.89676754836123,0.161691887090307
2019-06-19,24,0,97.7,20.7,1,0.967255363677231,0,4,0.967255363677231,1,3.65755800876092,1.21918600292031,0.242296500730077
2019-06-19,1,0,97.5,20.3,1,0.987123816829372,0,5,0.987123816829372,1,4.64468182559029,1.54822727519676,0.324556818799191
2019-06-19,2,0,99.6,19.8,1,1.00760824248928,0,6,1.00760824248928,1,5.65229006807957,1.88409668935986,0.408524172339964
2019-06-19,3,0,99.3,19.4,1,1.02045927917239,0,7,1.02045927917239,1,6.67274934725195,2.22424978241732,0.493562445604329
2019-06-19,4,0,99.7,18.9,1,1.03204471633976,0,8,1.03204471633976,1,7.70479406359172,2.56826468786391,0.579566171965976
2019-06-19,5,0,99.7,18.2,1,1.03982276965937,0,9,1.03982276965937,1,8.74461683325109,2.91487227775036,0.666218069437591
2019-06-19,6,0,99.7,18.1,1,1.04012614821206,0,10,1.04012614821206,1,9.78474298146315,3.26158099382105,0.752895248455263
2019-06-19,7,0,99.7,18.2,1,1.03982276965937,0,11,1.03982276965937,1,10.8245657511225,3.60818858370751,0.839547145926877
2019-06-19,8,0,91.2,20.3,0,0.987123816829372,1,11,0,1,10.8245657511225,3.60818858370751,0.839547145926877
2019-06-19,9,0,78,22.8,0,0.814927999146579,2,0,0,1,0,0,0
2019-06-20,10,0,68,25.9,0,0.469583097724758,3,0,0,1,0,0,0
2019-06-20,11,0,61.5,27.8,0,0.223178109404385,4,0,0,1,0,0,0
2019-06-20,12,0,54.8,28.1,0,0.185278478027216,5,0,0,1,0,0,0
2019-06-20,13,0,51.1,30.3,0,0,6,0,0,1,0,0,0
2019-06-20,14,0,46.8,31.5,0,0,7,0,0,1,0,0,0
2019-06-20,15,0,47.5,31,0,0,8,0,0,1,0,0,0
2019-06-20,16,0,49.9,30.2,0,0,9,0,0,1,0,0,0
2019-06-20,17,0,57.4,27.9,0,0.210450287534895,10,0,0,1,0,0,0
2019-06-20,18,0,59.6,27.9,0,0.210450287534895,11,0,0,1,0,0,0
2019-06-20,19,0,62,27.2,0,0.300823804345635,12,0,0,1,0,0,0
2019-06-20,20,0,62.9,26.8,0,0.353117619957617,13,0,0,1,0,0,0
2019-06-20,21,0,66.1,25.5,0,0.519956157028141,14,0,0,1,0,0,0
2019-06-20,22,0,74.5,24.2,0,0.673472526992004,15,0,0,1,0,0,0
2019-06-20,23,0,82.8,22.7,0,0.823902487041018,16,0,0,1,0,0,0
2019-06-20,24,0,87.2,21.9,0,0.889724911365818,17,0,0,1,0,0,0
2019-06-20,1,0,88.4,21.2,0,0.938161300522622,18,0,0,1,0,0,0
2019-06-20,2,0,91.9,20.8,0,0.961811819864274,19,0,0,1,0,0,0
2019-06-20,3,0,92.3,20.3,1,0.987123816829372,0,1,0.987123816829372,1,0.987123816829372,0.329041272276457,0.0197603180691143
2019-06-20,4,0,97.2,19.9,1,1.0039021716479,0,2,1.0039021716479,1,1.99102598847727,0.663675329492423,0.103418832373106
2019-06-20,5,0,97.3,19.4,1,1.02045927917239,0,3,1.02045927917239,1,3.01148526764966,1.00382842254989,0.188457105637471
2019-06-20,6,0,94.3,18.6,1,1.03658830584399,0,4,1.03658830584399,1,4.04807357349365,1.34935785783122,0.274839464457804
2019-06-20,7,0,96.2,18.9,1,1.03204471633976,0,5,1.03204471633976,1,5.08011828983341,1.6933727632778,0.360843190819451
2019-06-20,8,0,81.6,21.5,0,0.918484059629598,1,5,0,1,5.08011828983341,1.6933727632778,0.360843190819451
2019-06-20,9,0,69.1,23.6,0,0.737548269840038,2,0,0,1,0,0,0
2019-06-21,10,0,62.1,26.2,0,0.431131447810326,3,0,0,1,0,0,0
2019-06-21,11,0,56.5,28.5,0,0.136459582458664,4,0,0,1,0,0,0
2019-06-21,12,0,52.5,29.4,0,0.0399700508675576,5,0,0,1,0,0,0
2019-06-21,13,0,46.6,30.6,0,0,6,0,0,1,0,0,0
2019-06-21,14,0,45.3,32,0,0,7,0,0,1,0,0,0
2019-06-21,15,0,47,31.5,0,0,8,0,0,1,0,0,0
2019-06-21,16,0,47.6,30.5,0,0,9,0,0,1,0,0,0
2019-06-21,17,0,48.9,30.4,0,0,10,0,0,1,0,0,0
2019-06-21,18,0,52.1,29.3,0,0.0493010643771209,11,0,0,1,0,0,0
2019-06-21,19,0,55.3,27.8,0,0.223178109404385,12,0,0,1,0,0,0
2019-06-21,20,0,60.3,26.7,0,0.366183481577597,13,0,0,1,0,0,0
2019-06-21,21,0,66.6,25.5,0,0.519956157028141,14,0,0,1,0,0,0
2019-06-21,22,0,73.3,24.3,0,0.662334036737294,15,0,0,1,0,0,0
2019-06-21,23,0,80.1,22.7,0,0.823902487041018,16,0,0,1,0,0,0
2019-06-21,24,0,85.8,21.5,0,0.918484059629598,17,0,0,1,0,0,0
2019-06-21,1,0,82.5,21.8,0,0.897180994551213,18,0,0,1,0,0,0
2019-06-21,2,0,83.2,21.2,0,0.938161300522622,19,0,0,1,0,0,0
2019-06-21,3,0,84.6,20.7,0,0.967255363677231,20,0,0,1,0,0,0
2019-06-21,4,0,86.1,20.5,0,0.977572555397314,21,0,0,1,0,0,0
2019-06-21,5,0,85.3,20.7,0,0.967255363677231,22,0,0,1,0,0,0
2019-06-21,6,0,84.4,20.8,0,0.961811819864274,23,0,0,1,0,0,0
2019-06-21,7,0,83.5,21.3,0,0.931784982886433,24,0,0,1,0,0,0
2019-06-21,8,0,80.9,22.1,0,0.874288778598518,25,0,0,1,0,0,0
2019-06-21,9,0,75.8,23.3,0,0.767697308875491,26,0,0,1,0,0,0
2019-06-22,10,0,73.2,23.6,0,0.737548269840038,27,0,0,1,0,0,0
2019-06-22,11,0,71.4,25,0,0.581077149556929,28,0,0,1,0,0,0
2019-06-22,12,0,70.6,24.4,0,0.651071882453056,29,0,0,1,0,0,0
2019-06-22,13,0,61.4,25.4,0,0.532358430871649,30,0,0,1,0,0,0
2019-06-22,14,0,58.8,26.6,0,0.379232319581893,31,0,0,1,0,0,0
2019-06-22,15,0,63.7,27.1,0,0.313887039947221,32,0,0,1,0,0,0
2019-06-22,16,0,62.9,25.7,0,0.494913504615628,33,0,0,1,0,0,0
2019-06-22,17,0,61.9,25.3,0,0.54467567937045,34,0,0,1,0,0,0
2019-06-22,18,0,63.2,25.4,0,0.532358430871649,35,0,0,1,0,0,0
2019-06-22,19,0,68.6,23.4,0,0.757794078648668,36,0,0,1,0,0,0
2019-06-22,20,0,80.4,21.4,0,0.925225493980486,37,0,0,1,0,0,0
2019-06-22,21,0.5,92.4,20.8,1,0.961811819864274,0,1,0.961811819864274,1,0.961811819864274,0.320603939954758,0.0176509849886895
2019-06-22,22,1.5,94,20.1,1,0.995902402836773,0,2,0.995902402836773,1,1.95771422270105,0.652571407567016,0.100642851891754
2019-06-22,23,0.5,94.9,19.5,1,1.01754364116835,0,3,1.01754364116835,1,2.97525786386939,0.991752621289798,0.185438155322449
2019-06-22,24,0.5,98.4,19.5,1,1.01754364116835,0,4,1.01754364116835,1,3.99280150503774,1.33093383501258,0.270233458753145
2019-06-22,1,0,95.1,19.6,1,1.01442956216808,0,5,1.01442956216808,1,5.00723106720582,1.66907702240194,0.354769255600485
2019-06-22,2,0,95.1,19.5,1,1.01754364116835,0,6,1.01754364116835,1,6.02477470837417,2.00825823612472,0.439564559031181
2019-06-22,3,0,95.5,19.4,1,1.02045927917239,0,7,1.02045927917239,1,7.04523398754655,2.34841132918218,0.524602832295546
2019-06-22,4,0,95.8,19.6,1,1.01442956216808,0,8,1.01442956216808,1,8.05966354971463,2.68655451657154,0.609138629142886
2019-06-22,5,0,96.1,19.6,1,1.01442956216808,0,9,1.01442956216808,1,9.07409311188271,3.0246977039609,0.693674425990226
2019-06-22,6,0,95.2,19.4,1,1.02045927917239,0,10,1.02045927917239,1,10.0945523910551,3.36485079701837,0.778712699254591
2019-06-22,7,0,93.8,19.1,1,1.02801076170834,0,11,1.02801076170834,1,11.1225631527634,3.70752105092115,0.864380262730287
2019-06-22,8,0,85.7,20.5,0,0.977572555397314,1,11,0,1,11.1225631527634,3.70752105092115,0.864380262730287
2019-06-22,9,0,74.9,21.5,0,0.918484059629598,2,0,0,1,0,0,0
2019-06-23,10,0,58.5,23.3,0,0.767697308875491,3,0,0,1,0,0,0
2019-06-23,11,0,54.5,25.7,0,0.494913504615628,4,0,0,1,0,0,0
2019-06-23,12,0,53.2,24.8,0,0.604848238386529,5,0,0,1,0,0,0
2019-06-23,13,0,53,25.4,0,0.532358430871649,6,0,0,1,0,0,0
2019-06-23,14,0,51.3,26.8,0,0.353117619957617,7,0,0,1,0,0,0
2019-06-23,15,0,51.6,26.4,0,0.405253230483698,8,0,0,1,0,0,0
2019-06-23,16,0,50.4,26.7,0,0.366183481577597,9,0,0,1,0,0,0
2019-06-23,17,0,59,26.6,0,0.379232319581893,10,0,0,1,0,0,0
2019-06-23,18,0,77.7,22.4,0,0.84984782351753,11,0,0,1,0,0,0
2019-06-23,19,0,70.3,23.4,0,0.757794078648668,12,0,0,1,0,0,0
2019-06-23,20,0,73.9,22,0,0.882093674088273,13,0,0,1,0,0,0
2019-06-23,21,0.5,76.6,21.1,0,0.944353263650737,14,0,0,1,0,0,0
2019-06-23,22,0,79.3,20.8,0,0.961811819864274,15,0,0,1,0,0,0
2019-06-23,23,0,83,20.3,0,0.987123816829372,16,0,0,1,0,0,0
2019-06-23,24,0,89.9,19.2,0,1.02569328294578,17,0,0,1,0,0,0
2019-06-23,1,0,93.6,18.4,1,1.03860950835541,0,1,1.03860950835541,1,1.03860950835541,0.346203169451803,0.0240507923629506
2019-06-23,2,0,95.3,17.9,1,1.04012614821206,0,2,1.04012614821206,1,2.07873565656747,0.69291188552249,0.110727971380622
2019-06-23,3,0,95.6,18,1,1.04022728001519,0,3,1.04022728001519,1,3.11896293658266,1.03965431219422,0.197413578048555
2019-06-23,4,0,94.5,18,1,1.04022728001519,0,4,1.04022728001519,1,4.15919021659786,1.38639673886595,0.284099184716488
2019-06-23,5,0,93.5,18.1,1,1.04012614821206,0,5,1.04012614821206,1,5.19931636480992,1.73310545493664,0.37077636373416
2019-06-23,6,0,91.2,19,0,1.03012802507923,1,5,0,1,5.19931636480992,1.73310545493664,0.37077636373416
2019-06-23,7,0,90.6,19.2,0,1.02569328294578,2,0,0,1,0,0,0
2019-06-23,8,0,81.8,21.1,0,0.944353263650737,3,0,0,1,0,0,0
2019-06-23,9,0,76.1,21.9,0,0.889724911365818,4,0,0,1,0,0,0
2019-06-24,10,0,68.7,24,0,0.69536688982439,5,0,0,1,0,0,0
2019-06-24,11,0,64.6,24.4,0,0.651071882453056,6,0,0,1,0,0,0
2019-06-24,12,0,59.2,26.7,0,0.366183481577597,7,0,0,1,0,0,0
2019-06-24,13,0,57.8,27.5,0,0.261788524945977,8,0,0,1,0,0,0
2019-06-24,14,0,54.3,28.1,0,0.185278478027216,9,0,0,1,0,0,0
2019-06-24,15,0,58.2,28.2,0,0.172860761328476,10,0,0,1,0,0,0
2019-06-24,16,0,59,27.4,0,0.274765828232679,11,0,0,1,0,0,0
2019-06-24,17,0,59.9,27.3,0,0.28778056750553,12,0,0,1,0,0,0
2019-06-24,18,0,63.4,26,0,0.45682170652376,13,0,0,1,0,0,0
2019-06-24,19,0,67.3,25.4,0,0.532358430871649,14,0,0,1,0,0,0
2019-06-24,20,0,72.1,23.9,0,0.706117154514705,15,0,0,1,0,0,0
2019-06-24,21,0,73.4,23.5,0,0.747743622304841,16,0,0,1,0,0,0
2019-06-24,22,0,77.5,22.7,0,0.823902487041018,17,0,0,1,0,0,0
2019-06-24,23,0,76.5,22.5,0,0.841364222918988,18,0,0,1,0,0,0
2019-06-24,24,0,77.4,22.2,0,0.866311768540592,19,0,0,1,0,0,0
2019-06-24,1,0,77.7,22,0,0.882093674088273,20,0,0,1,0,0,0
2019-06-24,2,0,80.6,21.6,0,0.911561948881998,21,0,0,1,0,0,0
2019-06-24,3,0,88.4,20.4,0,0.982444363252474,22,0,0,1,0,0,0
2019-06-24,4,0,91.7,19.7,0,1.01111757360589,23,0,0,1,0,0,0
2019-06-24,5,0,94.2,19.2,1,1.02569328294578,0,1,1.02569328294578,1,1.02569328294578,0.341897760981926,0.0229744402454816
2019-06-24,6,0,95.4,18.7,1,1.03527512764388,0,2,1.03527512764388,1,2.06096841058965,0.686989470196551,0.109247367549138
2019-06-24,7,0,94.1,19,1,1.03012802507923,0,3,1.03012802507923,1,3.09109643566889,1.0303654785563,0.195091369639074
2019-06-24,8,0,83.7,21,0,0.950359731012353,1,3,0,1,3.09109643566889,1.0303654785563,0.195091369639074
2019-06-24,9,0,75.7,23.7,0,0.72721041840289,2,0,0,1,0,0,0
2019-06-25,10,0,66.6,25.9,0,0.469583097724758,3,0,0,1,0,0,0
2019-06-25,11,0,60.8,27.9,0,0.210450287534895,4,0,0,1,0,0,0
2019-06-25,12,0,52.9,29.4,0,0.0399700508675576,5,0,0,1,0,0,0
2019-06-25,13,0,53.8,29.4,0,0.0399700508675576,6,0,0,1,0,0,0
2019-06-25,14,0,55.3,30.3,0,0,7,0,0,1,0,0,0
2019-06-25,15,0,59.2,28.9,0,0.0906025006661298,8,0,0,1,0,0,0
2019-06-25,16,0,57.4,29.5,0,0.0311511269938033,9,0,0,1,0,0,0
2019-06-25,17,0,51.8,30.2,0,0,10,0,0,1,0,0,0
2019-06-25,18,0,51.8,28.6,0,0.124667087871404,11,0,0,1,0,0,0
2019-06-25,19,0,52.7,27.9,0,0.210450287534895,12,0,0,1,0,0,0
2019-06-25,20,0,56.9,26.9,0,0.340041498976665,13,0,0,1,0,0,0
2019-06-25,21,0,64.1,25.1,0,0.569038926302587,14,0,0,1,0,0,0
2019-06-25,22,0,73.4,23.3,0,0.767697308875491,15,0,0,1,0,0,0
2019-06-25,23,0,78.7,22.3,0,0.858164236215376,16,0,0,1,0,0,0
2019-06-25,24,0,81.1,21.5,0,0.918484059629598,17,0,0,1,0,0,0
2019-06-25,1,0,86.8,20.3,0,0.987123816829372,18,0,0,1,0,0,0
2019-06-25,2,0,89.5,19.8,0,1.00760824248928,19,0,0,1,0,0,0
2019-06-25,3,0,90.8,18.9,0,1.03204471633976,20,0,0,1,0,0,0
2019-06-25,4,0,79.6,19.6,0,1.01442956216808,21,0,0,1,0,0,0
2019-06-25,5,0,78.2,20,0,1,22,0,0,1,0,0,0
2019-06-25,6,0,82.3,19.7,0,1.01111757360589,23,0,0,1,0,0,0
2019-06-25,7,0.5,92.4,18.9,1,1.03204471633976,0,1,1.03204471633976,1,1.03204471633976,0.344014905446588,0.0235037263616469
2019-06-25,8,0.5,89.8,18.7,0,1.03527512764388,1,1,0,1,1.03204471633976,0.344014905446588,0.0235037263616469
2019-06-25,9,0.5,94.1,18.9,1,1.03204471633976,0,2,1.03204471633976,1,2.06408943267953,0.688029810893175,0.109507452723294
2019-06-26,10,2,97.5,18.3,1,1.03931719493426,0,3,1.03931719493426,1,3.10340662761379,1.03446887587126,0.196117218967816
2019-06-26,11,9,99.9,18.3,1,1.03931719493426,0,4,1.03931719493426,1,4.14272382254806,1.38090794084935,0.282726985212338
2019-06-26,12,9.5,99.9,18.6,1,1.03658830584399,0,5,1.03658830584399,1,5.17931212839205,1.72643737613068,0.369109344032671
2019-06-26,13,4.5,99.9,19.3,1,1.02317598008718,0,6,1.02317598008718,1,6.20248810847923,2.06749603615974,0.454374009039936
2019-06-26,14,10,99.9,19.9,1,1.0039021716479,0,7,1.0039021716479,1,7.20639028012713,2.40213009337571,0.538032523343927
2019-06-26,15,7.5,99.9,20.6,1,0.972509255348771,0,8,0.972509255348771,1,8.1788995354759,2.72629984515863,0.619074961289658
2019-06-26,16,2.5,99.9,21.8,1,0.897180994551213,0,9,0.897180994551213,1,9.07608053002711,3.0253601766757,0.693840044168926
2019-06-26,17,1.5,95.3,21.6,1,0.911561948881998,0,10,0.911561948881998,1,9.98764247890911,3.32921415963637,0.769803539909093
2019-06-26,18,0,97.7,21.6,1,0.911561948881998,0,11,0.911561948881998,1,10.8992044277911,3.63306814259704,0.845767035649259
2019-06-26,19,4.5,99.9,20.9,1,0.956179602751365,0,12,0.956179602751365,1,11.8553840305425,3.95179467684749,0.925448669211873
2019-06-26,20,9.5,99.9,20.6,1,0.972509255348771,0,13,0.972509255348771,1,12.8278932858912,4.27596442863041,1
2019-06-26,21,7,99.9,20.8,1,0.961811819864274,0,14,0.961811819864274,1,13.7897051057555,4.59656836858517,1
2019-06-26,22,11.5,99.9,20.9,1,0.956179602751365,0,15,0.956179602751365,1,14.7458847085069,4.91529490283563,1
2019-06-26,23,9.5,99.9,21.1,1,0.944353263650737,0,16,0.944353263650737,1,15.6902379721576,5.23007932405254,1
2019-06-26,24,1.5,99.7,21.4,1,0.925225493980486,0,17,0.925225493980486,1,16.6154634661381,5.53848782204604,1
2019-06-26,1,0,99.7,21.7,1,0.904460474677906,0,18,0.904460474677906,1,17.519923940816,5.83997464693867,1
2019-06-26,2,0.5,99.8,21.8,1,0.897180994551213,0,19,0.897180994551213,1,18.4171049353672,6.13903497845574,1
2019-06-26,3,12,99.8,22,1,0.882093674088273,0,20,0.882093674088273,1,19.2991986094555,6.43306620315183,1
2019-06-26,4,1.5,99.9,22.1,1,0.874288778598518,0,21,0.874288778598518,1,20.173487388054,6.72449579601801,1
2019-06-26,5,1,99.8,22.2,1,0.866311768540592,0,22,0.866311768540592,1,21.0397991565946,7.01326638553154,1
2019-06-26,6,2,99.9,22.3,1,0.858164236215376,0,23,0.858164236215376,1,21.89796339281,7.29932113093666,1
2019-06-26,7,1.5,99.9,22.4,1,0.84984782351753,0,24,0.84984782351753,1,22.7478112163275,7.58260373877584,1
2019-06-26,8,0.5,99.7,22.7,1,0.823902487041018,0,25,0.823902487041018,1,23.5717137033685,7.85723790112284,1
2019-06-26,9,0.5,99.7,23.2,1,0.777451048335543,0,26,0.777451048335543,1,24.3491647517041,8.11638825056802,1
2019-06-27,10,0,96.5,24.6,1,0.628188722799122,0,27,0.628188722799122,1,24.9773534745032,8.32578449150107,1
2019-06-27,11,0,89.5,25,0,0.581077149556929,1,27,0,1,24.9773534745032,8.32578449150107,1
2019-06-27,12,0,80.2,26.5,0,0.392257645894514,2,0,0,1,0,0,0
2019-06-27,13,0,78.3,28.4,0,0.148434875121192,3,0,0,1,0,0,0
2019-06-27,14,0,84.4,27.2,0,0.300823804345635,4,0,0,1,0,0,0
2019-06-27,15,0,70.2,29,0,0.0797700235885415,5,0,0,1,0,0,0
2019-06-27,16,0,66.9,30.6,0,0,6,0,0,1,0,0,0
2019-06-27,17,0,67,29.5,0,0.0311511269938033,7,0,0,1,0,0,0
2019-06-27,18,0,66.4,30.2,0,0,8,0,0,1,0,0,0
2019-06-27,19,0,72.1,28.5,0,0.136459582458664,9,0,0,1,0,0,0
2019-06-27,20,0,78,27.5,0,0.261788524945977,10,0,0,1,0,0,0
2019-06-27,21,0,82,26.2,0,0.431131447810326,11,0,0,1,0,0,0
2019-06-27,22,0,85.4,25.5,0,0.519956157028141,12,0,0,1,0,0,0
2019-06-27,23,0,89.7,24.5,0,0.639689077167652,13,0,0,1,0,0,0
2019-06-27,24,0,95.3,23.9,1,0.706117154514705,0,1,0.706117154514705,1,0.706117154514705,0.235372384838235,0
2019-06-27,1,0,96.9,23.4,1,0.757794078648668,0,2,0.757794078648668,1,1.46391123316337,0.487970411054458,0.0594926027636144
2019-06-27,2,0,98.7,22.4,1,0.84984782351753,0,3,0.84984782351753,1,2.3137590566809,0.771253018893634,0.130313254723409
2019-06-27,3,0,99.7,22.2,1,0.866311768540592,0,4,0.866311768540592,1,3.18007082522149,1.06002360840716,0.202505902101791
2019-06-27,4,0,99.4,21.7,1,0.904460474677906,0,5,0.904460474677906,1,4.0845312998994,1.3615104332998,0.27787760832495
2019-06-27,5,0,99.2,21.2,1,0.938161300522622,0,6,0.938161300522622,1,5.02269260042202,1.67423086680734,0.356057716701835
2019-06-27,6,0,99.7,20.8,1,0.961811819864274,0,7,0.961811819864274,1,5.9845044202863,1.9948348067621,0.436208701690525
2019-06-27,7,0,99.7,20.9,1,0.956179602751365,0,8,0.956179602751365,1,6.94068402303766,2.31356134101255,0.515890335253138
2019-06-27,8,0,96.2,22.5,1,0.841364222918988,0,9,0.841364222918988,1,7.78204824595665,2.59401608198555,0.586004020496388
2019-06-27,9,0,83.9,25.3,0,0.54467567937045,1,9,0,1,7.78204824595665,2.59401608198555,0.586004020496388
2019-06-28,10,0,73.4,27.1,0,0.313887039947221,2,0,0,1,0,0,0
2019-06-28,11,0,69,28.5,0,0.136459582458664,3,0,0,1,0,0,0
2019-06-28,12,0,54,29.8,0,0.00879165189440771,4,0,0,1,0,0,0
2019-06-28,13,0,65,28.2,0,0.172860761328476,5,0,0,1,0,0,0
2019-06-28,14,0,67.3,28.6,0,0.124667087871404,6,0,0,1,0,0,0
2019-06-28,15,0,61.8,29,0,0.0797700235885415,7,0,0,1,0,0,0
2019-06-28,16,0,57.6,29.6,0,0.0229288114010519,8,0,0,1,0,0,0
2019-06-28,17,0,65.3,27.9,0,0.210450287534895,9,0,0,1,0,0,0
2019-06-28,18,0,63.1,28.9,0,0.0906025006661298,10,0,0,1,0,0,0
2019-06-28,19,0,65.4,27,0,0.326962179202605,11,0,0,1,0,0,0
2019-06-28,20,0,73.7,25.4,0,0.532358430871649,12,0,0,1,0,0,0
2019-06-28,21,0,81.7,24.4,0,0.651071882453056,13,0,0,1,0,0,0
2019-06-28,22,0,84.2,23.1,0,0.787053096012742,14,0,0,1,0,0,0
2019-06-28,23,0,84.8,22.9,0,0.805793620457243,15,0,0,1,0,0,0
2019-06-28,24,0,88.8,22.3,0,0.858164236215376,16,0,0,1,0,0,0
2019-06-28,1,0,91.6,22,0,0.882093674088273,17,0,0,1,0,0,0
2019-06-28,2,0,93.3,21.8,1,0.897180994551213,0,1,0.897180994551213,1,0.897180994551213,0.299060331517071,0.0122650828792677
2019-06-28,3,0,90.3,21.9,0,0.889724911365818,1,1,0,1,0.897180994551213,0.299060331517071,0.0122650828792677
2019-06-28,4,0,96.3,21.2,1,0.938161300522622,0,2,0.938161300522622,1,1.83534229507383,0.611780765024612,0.0904451912561529
2019-06-28,5,0,95.7,21.2,1,0.938161300522622,0,3,0.938161300522622,1,2.77350359559646,0.924501198532152,0.168625299633038
2019-06-28,6,0,94.6,21.2,1,0.938161300522622,0,4,0.938161300522622,1,3.71166489611908,1.23722163203969,0.246805408009923
2019-06-28,7,0,90,21.7,0,0.904460474677906,1,4,0,1,3.71166489611908,1.23722163203969,0.246805408009923
2019-06-28,8,0,89.8,21.8,0,0.897180994551213,2,0,0,1,0,0,0
2019-06-28,9,2,98.1,21,1,0.950359731012353,0,1,0.950359731012353,1,0.950359731012353,0.316786577004118,0.0166966442510294
2019-06-29,10,3,99.3,20.2,1,0.991610092125121,0,2,0.991610092125121,1,1.94196982313747,0.647323274379158,0.0993308185947895
2019-06-29,11,5,99.9,20.2,1,0.991610092125121,0,3,0.991610092125121,1,2.9335799152626,0.977859971754199,0.18196499293855
2019-06-29,12,1,99.6,20.9,1,0.956179602751365,0,4,0.956179602751365,1,3.88975951801396,1.29658650600465,0.261646626501163
2019-06-29,13,1,97.7,21.4,1,0.925225493980486,0,5,0.925225493980486,1,4.81498501199445,1.60499500399815,0.338748750999537
2019-06-29,14,3,99,21.4,1,0.925225493980486,0,6,0.925225493980486,1,5.74021050597493,1.91340350199164,0.415850875497911
2019-06-29,15,6.5,99.9,21.6,1,0.911561948881998,0,7,0.911561948881998,1,6.65177245485693,2.21725748495231,0.491814371238077
2019-06-29,16,9,99.9,21.1,1,0.944353263650737,0,8,0.944353263650737,1,7.59612571850767,2.53204190616922,0.570510476542306
2019-06-29,17,14,99.9,21,1,0.950359731012353,0,9,0.950359731012353,1,8.54648544952002,2.84882848317334,0.649707120793335
2019-06-29,18,8,99.9,21.1,1,0.944353263650737,0,10,0.944353263650737,1,9.49083871317076,3.16361290439025,0.728403226097563
2019-06-29,19,14.5,99.9,21.2,1,0.938161300522622,0,11,0.938161300522622,1,10.4290000136934,3.47633333789779,0.806583334474448
2019-06-29,20,14.5,99.9,21.6,1,0.911561948881998,0,12,0.911561948881998,1,11.3405619625754,3.78018732085846,0.882546830214615
2019-06-29,21,0.5,99.8,21.5,1,0.918484059629598,0,13,0.918484059629598,1,12.259046022205,4.08634867406832,0.959087168517081
2019-06-29,22,0,99.8,21.7,1,0.904460474677906,0,14,0.904460474677906,1,13.1635064968829,4.38783549896096,1
2019-06-29,23,0,99.8,21.6,1,0.911561948881998,0,15,0.911561948881998,1,14.0750684457649,4.69168948192163,1
2019-06-29,24,0,99.7,21.8,1,0.897180994551213,0,16,0.897180994551213,1,14.9722494403161,4.9907498134387,1
2019-06-29,1,0.5,99.8,21.8,1,0.897180994551213,0,17,0.897180994551213,1,15.8694304348673,5.28981014495577,1
2019-06-29,2,0,99.8,21.9,1,0.889724911365818,0,18,0.889724911365818,1,16.7591553462331,5.58638511541104,1
2019-06-29,3,0,99.8,22.2,1,0.866311768540592,0,19,0.866311768540592,1,17.6254671147737,5.87515570492457,1
2019-06-29,4,0,99.8,22.3,1,0.858164236215376,0,20,0.858164236215376,1,18.4836313509891,6.1612104503297,1
2019-06-29,5,0,99.8,22.3,1,0.858164236215376,0,21,0.858164236215376,1,19.3417955872045,6.44726519573482,1
2019-06-29,6,0,99.8,21.9,1,0.889724911365818,0,22,0.889724911365818,1,20.2315204985703,6.74384016619009,1
2019-06-29,7,0,99.8,21.7,1,0.904460474677906,0,23,0.904460474677906,1,21.1359809732482,7.04532699108273,1
2019-06-29,8,0,99.5,23.1,1,0.787053096012742,0,24,0.787053096012742,1,21.9230340692609,7.30767802308698,1
2019-06-29,9,0,84.5,25.1,0,0.569038926302587,1,24,0,1,21.9230340692609,7.30767802308698,1
2019-06-30,10,0,73.1,26.6,0,0.379232319581893,2,0,0,1,0,0,0
2019-06-30,11,0,68.6,28.2,0,0.172860761328476,3,0,0,1,0,0,0
2019-06-30,12,0,62,29.1,0,0.0692495626792898,4,0,0,1,0,0,0
2019-06-30,13,0,63.1,28.5,0,0.136459582458664,5,0,0,1,0,0,0
2019-06-30,14,0,61.9,29,0,0.0797700235885415,6,0,0,1,0,0,0
2019-06-30,15,0,60,29.8,0,0.00879165189440771,7,0,0,1,0,0,0
2019-06-30,16,0,70.4,28.2,0,0.172860761328476,8,0,0,1,0,0,0
2019-06-30,17,0,74.1,27.8,0,0.223178109404385,9,0,0,1,0,0,0
2019-06-30,18,0,72.3,28.1,0,0.185278478027216,10,0,0,1,0,0,0
2019-06-30,19,0,73.8,27.3,0,0.28778056750553,11,0,0,1,0,0,0
2019-06-30,20,0,73.7,27.5,0,0.261788524945977,12,0,0,1,0,0,0
2019-06-30,21,0,80,26,0,0.45682170652376,13,0,0,1,0,0,0
2019-06-30,22,0,82.1,25.4,0,0.532358430871649,14,0,0,1,0,0,0
2019-06-30,23,0,86.2,24.2,0,0.673472526992004,15,0,0,1,0,0,0
2019-06-30,24,0,89,24,0,0.69536688982439,16,0,0,1,0,0,0
2019-06-30,1,0,82.7,24.5,0,0.639689077167652,17,0,0,1,0,0,0
2019-06-30,2,0,88.1,23.3,0,0.767697308875491,18,0,0,1,0,0,0
2019-06-30,3,0,90.2,22.7,0,0.823902487041018,19,0,0,1,0,0,0
2019-06-30,4,0,93.6,21.9,1,0.889724911365818,0,1,0.889724911365818,1,0.889724911365818,0.296574970455273,0.0116437426138182
2019-06-30,5,0,97.9,21.5,1,0.918484059629598,0,2,0.918484059629598,1,1.80820897099542,0.602736323665139,0.0881840809162847
2019-06-30,6,0,97.8,21.1,1,0.944353263650737,0,3,0.944353263650737,1,2.75256223464615,0.917520744882051,0.166880186220513
2019-06-30,7,0,95.1,21.7,1,0.904460474677906,0,4,0.904460474677906,1,3.65702270932406,1.21900756977469,0.242251892443672
2019-06-30,8,0,88.2,23,0,0.796501312900028,1,4,0,1,3.65702270932406,1.21900756977469,0.242251892443672
2019-06-30,9,0,78.5,24.8,0,0.604848238386529,2,0,0,1,0,0,0
2019-07-01,10,0,71.2,26.3,0,0.418213084976641,3,0,0,1,0,0,0
2019-07-01,11,0,70.7,26.7,0,0.366183481577597,4,0,0,1,0,0,0
2019-07-01,12,0,74,26.4,0,0.405253230483698,5,0,0,1,0,0,0
2019-07-01,13,0,74.9,26.3,0,0.418213084976641,6,0,0,1,0,0,0
2019-07-01,14,0,80.8,25.5,0,0.519956157028141,7,0,0,1,0,0,0
2019-07-01,15,0.5,85.1,24.4,0,0.651071882453056,8,0,0,1,0,0,0
2019-07-01,16,0,82.5,24.8,0,0.604848238386529,9,0,0,1,0,0,0
2019-07-01,17,0,80.8,26.3,0,0.418213084976641,10,0,0,1,0,0,0
2019-07-01,18,0,72.6,26.3,0,0.418213084976641,11,0,0,1,0,0,0
2019-07-01,19,0,76,25.6,0,0.507473065882102,12,0,0,1,0,0,0
2019-07-01,20,0,80.4,25.3,0,0.54467567937045,13,0,0,1,0,0,0
2019-07-01,21,0,85.3,24.5,0,0.639689077167652,14,0,0,1,0,0,0
2019-07-01,22,0,84.4,24.1,0,0.684484426061793,15,0,0,1,0,0,0
2019-07-01,23,0,84.7,23.5,0,0.747743622304841,16,0,0,1,0,0,0
2019-07-01,24,0,83.6,23.3,0,0.767697308875491,17,0,0,1,0,0,0
2019-07-01,1,0,83.7,23.2,0,0.777451048335543,18,0,0,1,0,0,0
2019-07-01,2,0,85.1,23.1,0,0.787053096012742,19,0,0,1,0,0,0
2019-07-01,3,0,89.7,22.2,0,0.866311768540592,20,0,0,1,0,0,0
2019-07-01,4,0,95.9,21.2,1,0.938161300522622,0,1,0.938161300522622,1,0.938161300522622,0.312720433507541,0.0156801083768851
2019-07-01,5,0,99.3,20.5,1,0.977572555397314,0,2,0.977572555397314,1,1.91573385591994,0.638577951973312,0.0971444879933279
2019-07-01,6,0,99.8,19.9,1,1.0039021716479,0,3,1.0039021716479,1,2.91963602756783,0.973212009189278,0.180803002297319
2019-07-01,7,0,99.8,19.9,1,1.0039021716479,0,4,1.0039021716479,1,3.92353819921573,1.30784606640524,0.264461516601311
2019-07-01,8,0,84.8,23.1,0,0.787053096012742,1,4,0,1,3.92353819921573,1.30784606640524,0.264461516601311
2019-07-01,9,0,70.3,25.2,0,0.556903827286182,2,0,0,1,0,0,0
2019-07-02,10,0,63.2,26.7,0,0.366183481577597,3,0,0,1,0,0,0
2019-07-02,11,0,60.6,28,0,0.197812848640127,4,0,0,1,0,0,0
2019-07-02,12,0,57.2,28.6,0,0.124667087871404,5,0,0,1,0,0,0
2019-07-02,13,0,56.8,29.6,0,0.0229288114010519,6,0,0,1,0,0,0
2019-07-02,14,0,49.7,29.8,0,0.00879165189440771,7,0,0,1,0,0,0
2019-07-02,15,0,51.7,30.4,0,0,8,0,0,1,0,0,0
2019-07-02,16,0,43.8,30.4,0,0,9,0,0,1,0,0,0
2019-07-02,17,0,44.3,30.8,0,0,10,0,0,1,0,0,0
2019-07-02,18,0,43.4,30.6,0,0,11,0,0,1,0,0,0
2019-07-02,19,0,62.5,27.9,0,0.210450287534895,12,0,0,1,0,0,0
2019-07-02,20,0,66.5,27,0,0.326962179202605,13,0,0,1,0,0,0
2019-07-02,21,0,73.6,25.2,0,0.556903827286182,14,0,0,1,0,0,0
2019-07-02,22,0,77.5,23.6,0,0.737548269840038,15,0,0,1,0,0,0
2019-07-02,23,0,81.4,22.3,0,0.858164236215376,16,0,0,1,0,0,0
2019-07-02,24,0,86.6,21.5,0,0.918484059629598,17,0,0,1,0,0,0
2019-07-02,1,0,87.4,21.4,0,0.925225493980486,18,0,0,1,0,0,0
2019-07-02,2,0,89.7,20.5,0,0.977572555397314,19,0,0,1,0,0,0
2019-07-02,3,0,90.9,20.1,0,0.995902402836773,20,0,0,1,0,0,0
2019-07-02,4,0,88.8,20,0,1,21,0,0,1,0,0,0
2019-07-02,5,0,92.8,19.1,1,1.02801076170834,0,1,1.02801076170834,1,1.02801076170834,0.342670253902781,0.0231675634756952
2019-07-02,6,0,86.5,19.8,0,1.00760824248928,1,1,0,1,1.02801076170834,0.342670253902781,0.0231675634756952
2019-07-02,7,0,92.4,18.9,1,1.03204471633976,0,2,1.03204471633976,1,2.06005547804811,0.686685159349368,0.109171289837342
2019-07-02,8,0,84,20.6,0,0.972509255348771,1,2,0,1,2.06005547804811,0.686685159349368,0.109171289837342
2019-07-02,9,0,74.1,23.1,0,0.787053096012742,2,0,0,1,0,0,0
2019-07-03,10,0,71.3,23,0,0.796501312900028,3,0,0,1,0,0,0
2019-07-03,11,0,70,24.8,0,0.604848238386529,4,0,0,1,0,0,0
2019-07-03,12,0,58.3,26.7,0,0.366183481577597,5,0,0,1,0,0,0
2019-07-03,13,0,54.9,29,0,0.0797700235885415,6,0,0,1,0,0,0
2019-07-03,14,0,51.2,28.4,0,0.148434875121192,7,0,0,1,0,0,0
2019-07-03,15,0,54,28.9,0,0.0906025006661298,8,0,0,1,0,0,0
2019-07-03,16,0,60.9,27.6,0,0.248858076529485,9,0,0,1,0,0,0
2019-07-03,17,0,72,25.9,0,0.469583097724758,10,0,0,1,0,0,0
2019-07-03,18,0,69.8,26.9,0,0.340041498976665,11,0,0,1,0,0,0
2019-07-03,19,0,68.6,27.1,0,0.313887039947221,12,0,0,1,0,0,0
2019-07-03,20,0,75.9,25.3,0,0.54467567937045,13,0,0,1,0,0,0
2019-07-03,21,0,78.6,24.5,0,0.639689077167652,14,0,0,1,0,0,0
2019-07-03,22,0,87.4,23.1,0,0.787053096012742,15,0,0,1,0,0,0
2019-07-03,23,0,90.7,22.2,0,0.866311768540592,16,0,0,1,0,0,0
2019-07-03,24,0,92.7,21.6,1,0.911561948881998,0,1,0.911561948881998,1,0.911561948881998,0.303853982960666,0.0134634957401665
2019-07-03,1,0,93.7,21.5,1,0.918484059629598,0,2,0.918484059629598,1,1.8300460085116,0.610015336170532,0.090003834042633
2019-07-03,2,0,96.9,20.8,1,0.961811819864274,0,3,0.961811819864274,1,2.79185782837587,0.93061927612529,0.170154819031323
2019-07-03,3,0,97,20.3,1,0.987123816829372,0,4,0.987123816829372,1,3.77898164520524,1.25966054840175,0.252415137100437
2019-07-03,4,0,98.7,19.9,1,1.0039021716479,0,5,1.0039021716479,1,4.78288381685314,1.59429460561771,0.336073651404428
2019-07-03,5,0,99.5,19.4,1,1.02045927917239,0,6,1.02045927917239,1,5.80334309602553,1.93444769867518,0.421111924668794
2019-07-03,6,0,99.9,19.2,1,1.02569328294578,0,7,1.02569328294578,1,6.82903637897131,2.2763454596571,0.506586364914275
2019-07-03,7,0,99.9,19.4,1,1.02045927917239,0,8,1.02045927917239,1,7.84949565814369,2.61649855271456,0.591624638178641
2019-07-03,8,0,87.6,22.4,0,0.84984782351753,1,8,0,1,7.84949565814369,2.61649855271456,0.591624638178641
2019-07-03,9,0,75.9,25.2,0,0.556903827286182,2,0,0,1,0,0,0
2019-07-04,10,0,69.8,27,0,0.326962179202605,3,0,0,1,0,0,0
2019-07-04,11,0,64.9,28.8,0,0.101714596434463,4,0,0,1,0,0,0
2019-07-04,12,0,54.9,30,0,0,5,0,0,1,0,0,0
2019-07-04,13,0,49.8,31.5,0,0,6,0,0,1,0,0,0
2019-07-04,14,0,46.8,32,0,0,7,0,0,1,0,0,0
2019-07-04,15,0,45.4,31.7,0,0,8,0,0,1,0,0,0
2019-07-04,16,0,42.4,32.1,0,0,9,0,0,1,0,0,0
2019-07-04,17,0,49.7,31.2,0,0,10,0,0,1,0,0,0
2019-07-04,18,0,54,30.2,0,0,11,0,0,1,0,0,0
2019-07-04,19,0,53.8,29.1,0,0.0692495626792898,12,0,0,1,0,0,0
2019-07-04,20,0,59.5,27.5,0,0.261788524945977,13,0,0,1,0,0,0
2019-07-04,21,0,68.6,25.8,0,0.482281966387729,14,0,0,1,0,0,0
2019-07-04,22,0,76.2,24.2,0,0.673472526992004,15,0,0,1,0,0,0
2019-07-04,23,0,77.3,23.6,0,0.737548269840038,16,0,0,1,0,0,0
2019-07-04,24,0,80.5,23,0,0.796501312900028,17,0,0,1,0,0,0
2019-07-04,1,0,84.6,22.4,0,0.84984782351753,18,0,0,1,0,0,0
2019-07-04,2,0,86.8,22.1,0,0.874288778598518,19,0,0,1,0,0,0
2019-07-04,3,0,89.6,21.7,0,0.904460474677906,20,0,0,1,0,0,0
2019-07-04,4,0,90.9,21.5,0,0.918484059629598,21,0,0,1,0,0,0
2019-07-04,5,0,91.6,21.2,0,0.938161300522622,22,0,0,1,0,0,0
2019-07-04,6,0,93,21,1,0.950359731012353,0,1,0.950359731012353,1,0.950359731012353,0.316786577004118,0.0166966442510294
2019-07-04,7,0,92.4,21.1,1,0.944353263650737,0,2,0.944353263650737,1,1.89471299466309,0.63157099822103,0.0953927495552575
2019-07-04,8,0,85.8,22.4,0,0.84984782351753,1,2,0,1,1.89471299466309,0.63157099822103,0.0953927495552575
2019-07-04,9,0,75.7,25.1,0,0.569038926302587,2,0,0,1,0,0,0
2019-07-05,10,0,63.4,27.6,0,0.248858076529485,3,0,0,1,0,0,0
2019-07-05,11,0,59.3,28.9,0,0.0906025006661298,4,0,0,1,0,0,0
2019-07-05,12,0,53.1,29.9,0,0.00335102610738999,5,0,0,1,0,0,0
2019-07-05,13,0,45.9,31.5,0,0,6,0,0,1,0,0,0
2019-07-05,14,0,47.3,31,0,0,7,0,0,1,0,0,0
2019-07-05,15,0,47,31.6,0,0,8,0,0,1,0,0,0
2019-07-05,16,0,43.4,32.4,0,0,9,0,0,1,0,0,0
2019-07-05,17,0,46.4,31.7,0,0,10,0,0,1,0,0,0
2019-07-05,18,0,51.1,31.6,0,0,11,0,0,1,0,0,0
2019-07-05,19,0,59.8,29.6,0,0.0229288114010519,12,0,0,1,0,0,0
2019-07-05,20,0,66.9,27.3,0,0.28778056750553,13,0,0,1,0,0,0
2019-07-05,21,0,72.3,25.6,0,0.507473065882102,14,0,0,1,0,0,0
2019-07-05,22,0,80.5,24.5,0,0.639689077167652,15,0,0,1,0,0,0
2019-07-05,23,0,84.3,23.7,0,0.72721041840289,16,0,0,1,0,0,0
2019-07-05,24,0,87.8,22.8,0,0.814927999146579,17,0,0,1,0,0,0
2019-07-05,1,0,90.3,22.1,0,0.874288778598518,18,0,0,1,0,0,0
2019-07-05,2,0,93.5,21.7,1,0.904460474677906,0,1,0.904460474677906,1,0.904460474677906,0.301486824892635,0.0128717062231588
2019-07-05,3,0,95.1,20.7,1,0.967255363677231,0,2,0.967255363677231,1,1.87171583835514,0.623905279451712,0.093476319862928
2019-07-05,4,0,97.6,20.1,1,0.995902402836773,0,3,0.995902402836773,1,2.86761824119191,0.95587274706397,0.176468186765992
2019-07-05,5,0,98.1,19.6,1,1.01442956216808,0,4,1.01442956216808,1,3.88204780335999,1.29401593445333,0.261003983613332
2019-07-05,6,0,95.7,19,1,1.03012802507923,0,5,1.03012802507923,1,4.91217582843922,1.63739194281307,0.346847985703269
2019-07-05,7,0,89.3,19,0,1.03012802507923,1,5,0,1,4.91217582843922,1.63739194281307,0.346847985703269
2019-07-05,8,0,76.5,22.1,0,0.874288778598518,2,0,0,1,0,0,0
2019-07-05,9,0,69.9,25.1,0,0.569038926302587,3,0,0,1,0,0,0
2019-07-06,10,0,51.5,27.7,0,0.235984429039618,4,0,0,1,0,0,0
2019-07-06,11,0,41.6,29.6,0,0.0229288114010519,5,0,0,1,0,0,0
2019-07-06,12,0,41.5,30.1,0,0,6,0,0,1,0,0,0
2019-07-06,13,0,41.6,30.3,0,0,7,0,0,1,0,0,0
2019-07-06,14,0,43.2,31.2,0,0,8,0,0,1,0,0,0
2019-07-06,15,0,42.4,31.7,0,0,9,0,0,1,0,0,0
2019-07-06,16,0,42.7,32.4,0,0,10,0,0,1,0,0,0
2019-07-06,17,0,46,31.7,0,0,11,0,0,1,0,0,0
2019-07-06,18,0,48.5,31.1,0,0,12,0,0,1,0,0,0
2019-07-06,19,0,48.5,30.2,0,0,13,0,0,1,0,0,0
2019-07-06,20,0,52.1,28.8,0,0.101714596434463,14,0,0,1,0,0,0
2019-07-06,21,0,55.1,27.4,0,0.274765828232679,15,0,0,1,0,0,0
2019-07-06,22,0,71.5,24.6,0,0.628188722799122,16,0,0,1,0,0,0
2019-07-06,23,0,77.7,23.2,0,0.777451048335543,17,0,0,1,0,0,0
2019-07-06,24,0,80.8,22.3,0,0.858164236215376,18,0,0,1,0,0,0
2019-07-06,1,0,68,23,0,0.796501312900028,19,0,0,1,0,0,0
2019-07-06,2,0,61.8,23.2,0,0.777451048335543,20,0,0,1,0,0,0
2019-07-06,3,0,64.5,22.6,0,0.832715178501512,21,0,0,1,0,0,0
2019-07-06,4,0,65.1,22.7,0,0.823902487041018,22,0,0,1,0,0,0
2019-07-06,5,0,65.2,22.9,0,0.805793620457243,23,0,0,1,0,0,0
2019-07-06,6,0,65.6,22.8,0,0.814927999146579,24,0,0,1,0,0,0
2019-07-06,7,0,65.6,23.1,0,0.787053096012742,25,0,0,1,0,0,0
2019-07-06,8,0,61.4,24.6,0,0.628188722799122,26,0,0,1,0,0,0
2019-07-06,9,0,60.3,25.3,0,0.54467567937045,27,0,0,1,0,0,0
2019-07-07,10,0,55.3,26.4,0,0.405253230483698,28,0,0,1,0,0,0
2019-07-07,11,0,51.9,27.9,0,0.210450287534895,29,0,0,1,0,0,0
2019-07-07,12,0,51.4,28.1,0,0.185278478027216,30,0,0,1,0,0,0
2019-07-07,13,0,49.1,29,0,0.0797700235885415,31,0,0,1,0,0,0
2019-07-07,14,0,47.2,28.8,0,0.101714596434463,32,0,0,1,0,0,0
2019-07-07,15,0,47.5,29.6,0,0.0229288114010519,33,0,0,1,0,0,0
2019-07-07,16,0,46.1,28.8,0,0.101714596434463,34,0,0,1,0,0,0
2019-07-07,17,0,55.3,28,0,0.197812848640127,35,0,0,1,0,0,0
2019-07-07,18,0,56.5,26.7,0,0.366183481577597,36,0,0,1,0,0,0
2019-07-07,19,0,56.3,26.1,0,0.444002770736375,37,0,0,1,0,0,0
2019-07-07,20,0,59.6,25,0,0.581077149556929,38,0,0,1,0,0,0
2019-07-07,21,0,65.5,24.1,0,0.684484426061793,39,0,0,1,0,0,0
2019-07-07,22,0,70.4,23.3,0,0.767697308875491,40,0,0,1,0,0,0
2019-07-07,23,0,68.8,23.3,0,0.767697308875491,41,0,0,1,0,0,0
2019-07-07,24,0,71.2,22.7,0,0.823902487041018,42,0,0,1,0,0,0
2019-07-07,1,0,74.2,22.1,0,0.874288778598518,43,0,0,1,0,0,0
2019-07-07,2,0,81.3,21.2,0,0.938161300522622,44,0,0,1,0,0,0
2019-07-07,3,0,84.2,20.6,0,0.972509255348771,45,0,0,1,0,0,0
2019-07-07,4,0,70.5,21.2,0,0.938161300522622,46,0,0,1,0,0,0
2019-07-07,5,0,68.3,21.1,0,0.944353263650737,47,0,0,1,0,0,0
2019-07-07,6,0,68.1,20.8,0,0.961811819864274,48,0,0,1,0,0,0
2019-07-07,7,0,74,20.2,0,0.991610092125121,49,0,0,1,0,0,0
2019-07-07,8,0,77.4,20.7,0,0.967255363677231,50,0,0,1,0,0,0
2019-07-07,9,0,71.7,22,0,0.882093674088273,51,0,0,1,0,0,0
2019-07-08,10,0,57.1,24.7,0,0.616574013362942,52,0,0,1,0,0,0
2019-07-08,11,0,52.7,26.1,0,0.444002770736375,53,0,0,1,0,0,0
2019-07-08,12,0,51,27.3,0,0.28778056750553,54,0,0,1,0,0,0
2019-07-08,13,0,50.2,27.7,0,0.235984429039618,55,0,0,1,0,0,0
2019-07-08,14,0,50.2,28.2,0,0.172860761328476,56,0,0,1,0,0,0
2019-07-08,15,0,50.5,28.3,0,0.160574303993152,57,0,0,1,0,0,0
2019-07-08,16,0,50.2,28.1,0,0.185278478027216,58,0,0,1,0,0,0
2019-07-08,17,0,52.1,26.9,0,0.340041498976665,59,0,0,1,0,0,0
2019-07-08,18,0,55.8,26.6,0,0.379232319581893,60,0,0,1,0,0,0
2019-07-08,19,0,66.3,25.8,0,0.482281966387729,61,0,0,1,0,0,0
2019-07-08,20,0,66.6,25.1,0,0.569038926302587,62,0,0,1,0,0,0
2019-07-08,21,0,73.5,23.8,0,0.716732534201063,63,0,0,1,0,0,0
2019-07-08,22,0,76.7,23.6,0,0.737548269840038,64,0,0,1,0,0,0
2019-07-08,23,1,96.8,21.4,1,0.925225493980486,0,1,0.925225493980486,1,0.925225493980486,0.308408497993496,0.0146021244983739
2019-07-08,24,0.5,98,21.7,1,0.904460474677906,0,2,0.904460474677906,1,1.82968596865839,0.609895322886131,0.0899738307215327
2019-07-08,1,0,97.8,21.6,1,0.911561948881998,0,3,0.911561948881998,1,2.74124791754039,0.913749305846797,0.165937326461699
2019-07-08,2,0,89.7,20.7,0,0.967255363677231,1,3,0,1,2.74124791754039,0.913749305846797,0.165937326461699
2019-07-08,3,0,86.6,19.9,0,1.0039021716479,2,0,0,1,0,0,0
2019-07-08,4,0,97.1,19.4,1,1.02045927917239,0,1,1.02045927917239,1,1.02045927917239,0.340153093057462,0.0225382732643655
2019-07-08,5,0,94.7,19.3,1,1.02317598008718,0,2,1.02317598008718,1,2.04363525925957,0.681211753086523,0.107802938271631
2019-07-08,6,0,91.4,19.5,0,1.01754364116835,1,2,0,1,2.04363525925957,0.681211753086523,0.107802938271631
2019-07-08,7,0,94.4,19.3,1,1.02317598008718,0,3,1.02317598008718,1,3.06681123934675,1.02227041311558,0.193067603278896
2019-07-08,8,0,84.9,21.7,0,0.904460474677906,1,3,0,1,3.06681123934675,1.02227041311558,0.193067603278896
2019-07-08,9,0,74.8,23.2,0,0.777451048335543,2,0,0,1,0,0,0
2019-07-09,10,0,57.8,25.2,0,0.556903827286182,3,0,0,1,0,0,0
2019-07-09,11,0,59.4,25.1,0,0.569038926302587,4,0,0,1,0,0,0
2019-07-09,12,0,57.4,26,0,0.45682170652376,5,0,0,1,0,0,0
2019-07-09,13,0,54.5,26.6,0,0.379232319581893,6,0,0,1,0,0,0
2019-07-09,14,0,52.1,27.7,0,0.235984429039618,7,0,0,1,0,0,0
2019-07-09,15,0,53.2,27.3,0,0.28778056750553,8,0,0,1,0,0,0
2019-07-09,16,0,55.9,27.1,0,0.313887039947221,9,0,0,1,0,0,0
2019-07-09,17,0,54.6,27.3,0,0.28778056750553,10,0,0,1,0,0,0
2019-07-09,18,0,58.7,26.4,0,0.405253230483698,11,0,0,1,0,0,0
2019-07-09,19,0,59.9,25.9,0,0.469583097724758,12,0,0,1,0,0,0
2019-07-09,20,0,62.5,25.1,0,0.569038926302587,13,0,0,1,0,0,0
2019-07-09,21,0,63.6,24.9,0,0.593014786547798,14,0,0,1,0,0,0
2019-07-09,22,0,66.4,24.3,0,0.662334036737294,15,0,0,1,0,0,0
2019-07-09,23,0,65.7,24.2,0,0.673472526992004,16,0,0,1,0,0,0
2019-07-09,24,0,66.9,23.8,0,0.716732534201063,17,0,0,1,0,0,0
2019-07-09,1,0,64.9,23.5,0,0.747743622304841,18,0,0,1,0,0,0
2019-07-09,2,0,64.2,23.2,0,0.777451048335543,19,0,0,1,0,0,0
2019-07-09,3,0,61.6,23.5,0,0.747743622304841,20,0,0,1,0,0,0
2019-07-09,4,0,61.8,23.3,0,0.767697308875491,21,0,0,1,0,0,0
2019-07-09,5,0,63.3,22.9,0,0.805793620457243,22,0,0,1,0,0,0
2019-07-09,6,0,65.3,22.6,0,0.832715178501512,23,0,0,1,0,0,0
2019-07-09,7,2.5,92.2,19.6,1,1.01442956216808,0,1,1.01442956216808,1,1.01442956216808,0.33814318738936,0.0220357968473399
2019-07-09,8,2,90,19.9,0,1.0039021716479,1,1,0,1,1.01442956216808,0.33814318738936,0.0220357968473399
2019-07-09,9,0,85.2,21.1,0,0.944353263650737,2,0,0,1,0,0,0
2019-07-10,10,0,79.7,21.9,0,0.889724911365818,3,0,0,1,0,0,0
2019-07-10,11,0,76.4,22.9,0,0.805793620457243,4,0,0,1,0,0,0
2019-07-10,12,0,71,23.4,0,0.757794078648668,5,0,0,1,0,0,0
2019-07-10,13,0,83,22.7,0,0.823902487041018,6,0,0,1,0,0,0
2019-07-10,14,1,85,22.4,0,0.84984782351753,7,0,0,1,0,0,0
2019-07-10,15,2.5,93.1,21.3,1,0.931784982886433,0,1,0.931784982886433,1,0.931784982886433,0.310594994295478,0.0151487485738694
2019-07-10,16,2.5,94.1,21.3,1,0.931784982886433,0,2,0.931784982886433,1,1.86356996577287,0.621189988590955,0.0927974971477388
2019-07-10,17,0.5,91.6,21.6,0,0.911561948881998,1,2,0,1,1.86356996577287,0.621189988590955,0.0927974971477388
2019-07-10,18,0.5,89.5,21.6,0,0.911561948881998,2,0,0,1,0,0,0
2019-07-10,19,0.5,86.9,21.8,0,0.897180994551213,3,0,0,1,0,0,0
2019-07-10,20,0.5,87.5,21.6,0,0.911561948881998,4,0,0,1,0,0,0
2019-07-10,21,0,88.9,21.7,0,0.904460474677906,5,0,0,1,0,0,0
2019-07-10,22,0,84.5,22.5,0,0.841364222918988,6,0,0,1,0,0,0
2019-07-10,23,0.5,85,22.7,0,0.823902487041018,7,0,0,1,0,0,0
2019-07-10,24,0,82.1,23.3,0,0.767697308875491,8,0,0,1,0,0,0
2019-07-10,1,0,85.6,22.9,0,0.805793620457243,9,0,0,1,0,0,0
2019-07-10,2,0,89.8,22,0,0.882093674088273,10,0,0,1,0,0,0
2019-07-10,3,0,90.9,21.8,0,0.897180994551213,11,0,0,1,0,0,0
2019-07-10,4,0,93.4,21.7,1,0.904460474677906,0,1,0.904460474677906,1,0.904460474677906,0.301486824892635,0.0128717062231588
2019-07-10,5,0,89.4,21.9,0,0.889724911365818,1,1,0,1,0.904460474677906,0.301486824892635,0.0128717062231588
2019-07-10,6,0,90,21.6,0,0.911561948881998,2,0,0,1,0,0,0
2019-07-10,7,0,87.6,21.8,0,0.897180994551213,3,0,0,1,0,0,0
2019-07-10,8,0,85.3,22.8,0,0.814927999146579,4,0,0,1,0,0,0
2019-07-10,9,0,81.1,23.4,0,0.757794078648668,5,0,0,1,0,0,0
2019-07-11,10,0,78,23.9,0,0.706117154514705,6,0,0,1,0,0,0
2019-07-11,11,0,76.5,24.9,0,0.593014786547798,7,0,0,1,0,0,0
2019-07-11,12,0,73.6,25.2,0,0.556903827286182,8,0,0,1,0,0,0
2019-07-11,13,0,72.1,25.6,0,0.507473065882102,9,0,0,1,0,0,0
2019-07-11,14,0,67,26.4,0,0.405253230483698,10,0,0,1,0,0,0
2019-07-11,15,0,69.6,26.6,0,0.379232319581893,11,0,0,1,0,0,0
2019-07-11,16,0,71.2,25.9,0,0.469583097724758,12,0,0,1,0,0,0
2019-07-11,17,0,70,25.8,0,0.482281966387729,13,0,0,1,0,0,0
2019-07-11,18,0,66.2,27,0,0.326962179202605,14,0,0,1,0,0,0
2019-07-11,19,0,71.8,25,0,0.581077149556929,15,0,0,1,0,0,0
2019-07-11,20,0,73.4,23.9,0,0.706117154514705,16,0,0,1,0,0,0
2019-07-11,21,0,73.6,23.5,0,0.747743622304841,17,0,0,1,0,0,0
2019-07-11,22,0,74.5,23.2,0,0.777451048335543,18,0,0,1,0,0,0
2019-07-11,23,0,75.7,22.9,0,0.805793620457243,19,0,0,1,0,0,0
2019-07-11,24,0,76.7,22.6,0,0.832715178501512,20,0,0,1,0,0,0
2019-07-11,1,0,78.2,22.4,0,0.84984782351753,21,0,0,1,0,0,0
2019-07-11,2,0,78.7,22.1,0,0.874288778598518,22,0,0,1,0,0,0
2019-07-11,3,0,78.7,22,0,0.882093674088273,23,0,0,1,0,0,0
2019-07-11,4,0,79.7,21.5,0,0.918484059629598,24,0,0,1,0,0,0
2019-07-11,5,0,78.7,21.7,0,0.904460474677906,25,0,0,1,0,0,0
2019-07-11,6,0,79.4,21.5,0,0.918484059629598,26,0,0,1,0,0,0
2019-07-11,7,0,86.7,20.5,0,0.977572555397314,27,0,0,1,0,0,0
2019-07-11,8,0,74.6,23.2,0,0.777451048335543,28,0,0,1,0,0,0
2019-07-11,9,0,68.5,25,0,0.581077149556929,29,0,0,1,0,0,0
2019-07-12,10,0,65.9,25.3,0,0.54467567937045,30,0,0,1,0,0,0
2019-07-12,11,0,64.5,25.4,0,0.532358430871649,31,0,0,1,0,0,0
2019-07-12,12,0,56.1,27.7,0,0.235984429039618,32,0,0,1,0,0,0
2019-07-12,13,0,55.3,28.1,0,0.185278478027216,33,0,0,1,0,0,0
2019-07-12,14,0,52.3,29.3,0,0.0493010643771209,34,0,0,1,0,0,0
2019-07-12,15,0,52.5,29.1,0,0.0692495626792898,35,0,0,1,0,0,0
2019-07-12,16,0,52.8,29.6,0,0.0229288114010519,36,0,0,1,0,0,0
2019-07-12,17,0,54.9,28.8,0,0.101714596434463,37,0,0,1,0,0,0
2019-07-12,18,0,54.2,28.5,0,0.136459582458664,38,0,0,1,0,0,0
2019-07-12,19,0,59.2,27.7,0,0.235984429039618,39,0,0,1,0,0,0
2019-07-12,20,0,64.1,26.8,0,0.353117619957617,40,0,0,1,0,0,0
2019-07-12,21,0,71.1,25.6,0,0.507473065882102,41,0,0,1,0,0,0
2019-07-12,22,0,74.5,24.6,0,0.628188722799122,42,0,0,1,0,0,0
2019-07-12,23,0,78.6,23.9,0,0.706117154514705,43,0,0,1,0,0,0
2019-07-12,24,0,82.3,23.2,0,0.777451048335543,44,0,0,1,0,0,0
2019-07-12,1,0,85.5,22.5,0,0.841364222918988,45,0,0,1,0,0,0
2019-07-12,2,0,84.1,22.7,0,0.823902487041018,46,0,0,1,0,0,0
2019-07-12,3,0,87.6,22.2,0,0.866311768540592,47,0,0,1,0,0,0
2019-07-12,4,0,90.5,21.7,0,0.904460474677906,48,0,0,1,0,0,0
2019-07-12,5,0,90.1,21.7,0,0.904460474677906,49,0,0,1,0,0,0
2019-07-12,6,0,92.8,21.3,1,0.931784982886433,0,1,0.931784982886433,1,0.931784982886433,0.310594994295478,0.0151487485738694
2019-07-12,7,0,90.9,21.4,0,0.925225493980486,1,1,0,1,0.931784982886433,0.310594994295478,0.0151487485738694
2019-07-12,8,0,92.8,21.7,1,0.904460474677906,0,2,0.904460474677906,1,1.83624545756434,0.612081819188113,0.0905204547970282
2019-07-12,9,0,95.6,21.7,1,0.904460474677906,0,3,0.904460474677906,1,2.74070593224224,0.913568644080748,0.165892161020187
2019-07-13,10,0.5,95.6,22.1,1,0.874288778598518,0,4,0.874288778598518,1,3.61499471084076,1.20499823694692,0.23874955923673
2019-07-13,11,0.5,95.4,22.4,1,0.84984782351753,0,5,0.84984782351753,1,4.46484253435829,1.4882808447861,0.309570211196524
2019-07-13,12,0.5,90.7,23,0,0.796501312900028,1,5,0,1,4.46484253435829,1.4882808447861,0.309570211196524
2019-07-13,13,0,85,24.7,0,0.616574013362942,2,0,0,1,0,0,0
2019-07-13,14,0,87.3,24.3,0,0.662334036737294,3,0,0,1,0,0,0
2019-07-13,15,0,86,23.2,0,0.777451048335543,4,0,0,1,0,0,0
2019-07-13,16,0,76.2,24.8,0,0.604848238386529,5,0,0,1,0,0,0
2019-07-13,17,0,71.4,26,0,0.45682170652376,6,0,0,1,0,0,0
2019-07-13,18,0,73.3,25.5,0,0.519956157028141,7,0,0,1,0,0,0
2019-07-13,19,0,75,25.5,0,0.519956157028141,8,0,0,1,0,0,0
2019-07-13,20,0,80.4,24.3,0,0.662334036737294,9,0,0,1,0,0,0
2019-07-13,21,0,82.8,23.4,0,0.757794078648668,10,0,0,1,0,0,0
2019-07-13,22,0,84.8,23,0,0.796501312900028,11,0,0,1,0,0,0
2019-07-13,23,0,86.5,22.6,0,0.832715178501512,12,0,0,1,0,0,0
2019-07-13,24,0,93.5,21.5,1,0.918484059629598,0,1,0.918484059629598,1,0.918484059629598,0.306161353209866,0.0140403383024665
2019-07-13,1,0,92.8,21.6,1,0.911561948881998,0,2,0.911561948881998,1,1.8300460085116,0.610015336170532,0.090003834042633
2019-07-13,2,0,94.7,21.4,1,0.925225493980486,0,3,0.925225493980486,1,2.75527150249208,0.918423834164028,0.167105958541007
2019-07-13,3,0,96,21.4,1,0.925225493980486,0,4,0.925225493980486,1,3.68049699647257,1.22683233215752,0.244208083039381
2019-07-13,4,0,98.3,20.8,1,0.961811819864274,0,5,0.961811819864274,1,4.64230881633684,1.54743627211228,0.32435906802807
2019-07-13,5,0,99.9,20.4,1,0.982444363252474,0,6,0.982444363252474,1,5.62475317958932,1.87491772652977,0.406229431632443
2019-07-13,6,0,99.4,20.4,1,0.982444363252474,0,7,0.982444363252474,1,6.60719754284179,2.20239918094726,0.488099795236816
2019-07-13,7,0,99.9,20.8,1,0.961811819864274,0,8,0.961811819864274,1,7.56900936270607,2.52300312090202,0.568250780225506
2019-07-13,8,0,94.8,22.2,1,0.866311768540592,0,9,0.866311768540592,1,8.43532113124666,2.81177371041555,0.640443427603888
2019-07-13,9,0,77.1,25.4,0,0.532358430871649,1,9,0,1,8.43532113124666,2.81177371041555,0.640443427603888
2019-07-14,10,0,72.5,26.8,0,0.353117619957617,2,0,0,1,0,0,0
2019-07-14,11,0,65.5,28.2,0,0.172860761328476,3,0,0,1,0,0,0
2019-07-14,12,0,63.6,29.4,0,0.0399700508675576,4,0,0,1,0,0,0
2019-07-14,13,0,63.1,29,0,0.0797700235885415,5,0,0,1,0,0,0
2019-07-14,14,0,64.6,27.9,0,0.210450287534895,6,0,0,1,0,0,0
2019-07-14,15,0,74.6,27.2,0,0.300823804345635,7,0,0,1,0,0,0
2019-07-14,16,8.5,99,24.5,1,0.639689077167652,0,1,0.639689077167652,1,0.639689077167652,0.213229692389217,0
2019-07-14,17,0,92,25.2,1,0.556903827286182,0,2,0.556903827286182,1,1.19659290445383,0.398864301484612,0.0372160753711529
2019-07-14,18,0.5,79.2,26.5,0,0.392257645894514,1,2,0,1,1.19659290445383,0.398864301484612,0.0372160753711529
2019-07-14,19,0,77.4,25.5,0,0.519956157028141,2,0,0,1,0,0,0
2019-07-14,20,0,80.1,24.4,0,0.651071882453056,3,0,0,1,0,0,0
2019-07-14,21,0,81.7,23.9,0,0.706117154514705,4,0,0,1,0,0,0
2019-07-14,22,0,88.2,23.1,0,0.787053096012742,5,0,0,1,0,0,0
2019-07-14,23,0,88.9,22.6,0,0.832715178501512,6,0,0,1,0,0,0
2019-07-14,24,0,88.3,22.6,0,0.832715178501512,7,0,0,1,0,0,0
2019-07-14,1,0,90.3,22.4,0,0.84984782351753,8,0,0,1,0,0,0
2019-07-14,2,0,88.5,22.6,0,0.832715178501512,9,0,0,1,0,0,0
2019-07-14,3,0,91.7,22.1,0,0.874288778598518,10,0,0,1,0,0,0
2019-07-14,4,0,90.6,21.9,0,0.889724911365818,11,0,0,1,0,0,0
2019-07-14,5,0,95.5,21.5,1,0.918484059629598,0,1,0.918484059629598,1,0.918484059629598,0.306161353209866,0.0140403383024665
2019-07-14,6,0,95.5,21.3,1,0.931784982886433,0,2,0.931784982886433,1,1.85026904251603,0.616756347505344,0.0916890868763359
2019-07-14,7,0,97.1,21,1,0.950359731012353,0,3,0.950359731012353,1,2.80062877352838,0.933542924509461,0.170885731127365
2019-07-14,8,0,89.1,22.4,0,0.84984782351753,1,3,0,1,2.80062877352838,0.933542924509461,0.170885731127365
2019-07-14,9,0,79.3,25.1,0,0.569038926302587,2,0,0,1,0,0,0
2019-07-15,10,0,71,25.8,0,0.482281966387729,3,0,0,1,0,0,0
2019-07-15,11,0,68.1,26.8,0,0.353117619957617,4,0,0,1,0,0,0
2019-07-15,12,0,65.7,27.5,0,0.261788524945977,5,0,0,1,0,0,0
2019-07-15,13,0,64.2,28.9,0,0.0906025006661298,6,0,0,1,0,0,0
2019-07-15,14,0,63.5,28.8,0,0.101714596434463,7,0,0,1,0,0,0
2019-07-15,15,0,61,29.1,0,0.0692495626792898,8,0,0,1,0,0,0
2019-07-15,16,0,62.5,28.9,0,0.0906025006661298,9,0,0,1,0,0,0
2019-07-15,17,0,60.4,28.8,0,0.101714596434463,10,0,0,1,0,0,0
2019-07-15,18,0,64.5,28.4,0,0.148434875121192,11,0,0,1,0,0,0
2019-07-15,19,0,68.4,26.6,0,0.379232319581893,12,0,0,1,0,0,0
2019-07-15,20,0,75.4,25.5,0,0.519956157028141,13,0,0,1,0,0,0
2019-07-15,21,0,78,24.8,0,0.604848238386529,14,0,0,1,0,0,0
2019-07-15,22,0,78.1,24.2,0,0.673472526992004,15,0,0,1,0,0,0
2019-07-15,23,0,81.2,23.7,0,0.72721041840289,16,0,0,1,0,0,0
2019-07-15,24,0,85.8,22.9,0,0.805793620457243,17,0,0,1,0,0,0
2019-07-15,1,0,85.5,23.1,0,0.787053096012742,18,0,0,1,0,0,0
2019-07-15,2,0,89.1,22.8,0,0.814927999146579,19,0,0,1,0,0,0
2019-07-15,3,0,87.8,22.7,0,0.823902487041018,20,0,0,1,0,0,0
2019-07-15,4,0,93.2,21.8,1,0.897180994551213,0,1,0.897180994551213,1,0.897180994551213,0.299060331517071,0.0122650828792677
2019-07-15,5,0,98.3,21.2,1,0.938161300522622,0,2,0.938161300522622,1,1.83534229507383,0.611780765024612,0.0904451912561529
2019-07-15,6,0,97,20.7,1,0.967255363677231,0,3,0.967255363677231,1,2.80259765875107,0.934199219583688,0.171049804895922
2019-07-15,7,0,95.8,20.2,1,0.991610092125121,0,4,0.991610092125121,1,3.79420775087619,1.26473591695873,0.253683979239682
2019-07-15,8,0,87.9,21.2,0,0.938161300522622,1,4,0,1,3.79420775087619,1.26473591695873,0.253683979239682
2019-07-15,9,0,81.7,22.8,0,0.814927999146579,2,0,0,1,0,0,0
2019-07-16,10,0,71.7,26,0,0.45682170652376,3,0,0,1,0,0,0
2019-07-16,11,0,64.1,27,0,0.326962179202605,4,0,0,1,0,0,0
2019-07-16,12,0,62,27.9,0,0.210450287534895,5,0,0,1,0,0,0
2019-07-16,13,0,59.2,29.6,0,0.0229288114010519,6,0,0,1,0,0,0
2019-07-16,14,0,58.5,30,0,0,7,0,0,1,0,0,0
2019-07-16,15,0,57.4,29.1,0,0.0692495626792898,8,0,0,1,0,0,0
2019-07-16,16,0,56,30.8,0,0,9,0,0,1,0,0,0
2019-07-16,17,0,59.8,29.2,0,0.0590785612994205,10,0,0,1,0,0,0
2019-07-16,18,0,68.1,27.8,0,0.223178109404385,11,0,0,1,0,0,0
2019-07-16,19,0,69,27.4,0,0.274765828232679,12,0,0,1,0,0,0
2019-07-16,20,0,75,25.8,0,0.482281966387729,13,0,0,1,0,0,0
2019-07-16,21,0,78.2,24.7,0,0.616574013362942,14,0,0,1,0,0,0
2019-07-16,22,0,80.2,24.2,0,0.673472526992004,15,0,0,1,0,0,0
2019-07-16,23,0,83,24,0,0.69536688982439,16,0,0,1,0,0,0
2019-07-16,24,0,85.5,23.9,0,0.706117154514705,17,0,0,1,0,0,0
2019-07-16,1,0,83,23.8,0,0.716732534201063,18,0,0,1,0,0,0
2019-07-16,2,0,76.3,23.7,0,0.72721041840289,19,0,0,1,0,0,0
2019-07-16,3,0,80,22.7,0,0.823902487041018,20,0,0,1,0,0,0
2019-07-16,4,0,87.5,21.7,0,0.904460474677906,21,0,0,1,0,0,0
2019-07-16,5,0,92.2,20.7,1,0.967255363677231,0,1,0.967255363677231,1,0.967255363677231,0.322418454559077,0.0181046136397692
2019-07-16,6,0,91.3,20.6,0,0.972509255348771,1,1,0,1,0.967255363677231,0.322418454559077,0.0181046136397692
2019-07-16,7,0,92.9,20.4,1,0.982444363252474,0,2,0.982444363252474,1,1.9496997269297,0.649899908976568,0.0999749772441421
2019-07-16,8,0,83,22.7,0,0.823902487041018,1,2,0,1,1.9496997269297,0.649899908976568,0.0999749772441421
2019-07-16,9,0,69.5,25.6,0,0.507473065882102,2,0,0,1,0,0,0
2019-07-17,10,0,61.8,26,0,0.45682170652376,3,0,0,1,0,0,0
2019-07-17,11,0,57.5,27.8,0,0.223178109404385,4,0,0,1,0,0,0
2019-07-17,12,0,59.1,28.1,0,0.185278478027216,5,0,0,1,0,0,0
2019-07-17,13,0,54.8,28.2,0,0.172860761328476,6,0,0,1,0,0,0
2019-07-17,14,0,49,29.6,0,0.0229288114010519,7,0,0,1,0,0,0
2019-07-17,15,0,52.7,29.6,0,0.0229288114010519,8,0,0,1,0,0,0
2019-07-17,16,0,52.9,30.9,0,0,9,0,0,1,0,0,0
2019-07-17,17,0,55.3,30,0,0,10,0,0,1,0,0,0
2019-07-17,18,0,65.1,28.5,0,0.136459582458664,11,0,0,1,0,0,0
2019-07-17,19,0,71.5,26.4,0,0.405253230483698,12,0,0,1,0,0,0
2019-07-17,20,0,72.8,26.3,0,0.418213084976641,13,0,0,1,0,0,0
2019-07-17,21,0,78,25.5,0,0.519956157028141,14,0,0,1,0,0,0
2019-07-17,22,0,82.5,24.9,0,0.593014786547798,15,0,0,1,0,0,0
2019-07-17,23,0,92.1,24,1,0.69536688982439,0,1,0.69536688982439,1,0.69536688982439,0.231788963274797,0
2019-07-17,24,0.5,97.7,23.2,1,0.777451048335543,0,2,0.777451048335543,1,1.47281793815993,0.490939312719978,0.0602348281799945
2019-07-17,1,5,99.9,22.8,1,0.814927999146579,0,3,0.814927999146579,1,2.28774593730651,0.762581979102171,0.128145494775543
2019-07-17,2,13.5,99.9,22.5,1,0.841364222918988,0,4,0.841364222918988,1,3.1291101602255,1.04303672007517,0.198259180018792
2019-07-17,3,3,99.9,22.5,1,0.841364222918988,0,5,0.841364222918988,1,3.97047438314449,1.32349146104816,0.268372865262041
2019-07-17,4,1,99.9,22.4,1,0.84984782351753,0,6,0.84984782351753,1,4.82032220666202,1.60677406888734,0.339193517221835
2019-07-17,5,1.5,99.9,22.3,1,0.858164236215376,0,7,0.858164236215376,1,5.67848644287739,1.89282881429246,0.410707203573116
2019-07-17,6,1.5,99.9,22.2,1,0.866311768540592,0,8,0.866311768540592,1,6.54479821141799,2.181599403806,0.482899850951499
2019-07-17,7,2.5,99.9,21.5,1,0.918484059629598,0,9,0.918484059629598,1,7.46328227104758,2.48776075701586,0.559440189253965
2019-07-17,8,1,99.5,21,1,0.950359731012353,0,10,0.950359731012353,1,8.41364200205994,2.80454733401998,0.638636833504995
2019-07-17,9,0.5,94.9,21.6,1,0.911561948881998,0,11,0.911561948881998,1,9.32520395094194,3.10840131698065,0.714600329245161
2019-07-18,10,0.5,89.7,21.6,0,0.911561948881998,1,11,0,1,9.32520395094194,3.10840131698065,0.714600329245161
2019-07-18,11,0.5,96.9,22.4,1,0.84984782351753,0,12,0.84984782351753,1,10.1750517744595,3.39168392481982,0.785420981204955
2019-07-18,12,0.5,86,23.3,0,0.767697308875491,1,12,0,1,10.1750517744595,3.39168392481982,0.785420981204955
2019-07-18,13,0,90.8,23.5,0,0.747743622304841,2,0,0,1,0,0,0
2019-07-18,14,0,87.4,22.9,0,0.805793620457243,3,0,0,1,0,0,0
2019-07-18,15,0,81.5,24.4,0,0.651071882453056,4,0,0,1,0,0,0
2019-07-18,16,0,79.5,25.3,0,0.54467567937045,5,0,0,1,0,0,0
2019-07-18,17,0,81,25,0,0.581077149556929,6,0,0,1,0,0,0
2019-07-18,18,0.5,90.2,23.9,0,0.706117154514705,7,0,0,1,0,0,0
2019-07-18,19,3.5,98.9,23.3,1,0.767697308875491,0,1,0.767697308875491,1,0.767697308875491,0.255899102958497,0.00147477573962425
2019-07-18,20,0,97.2,23.6,1,0.737548269840038,0,2,0.737548269840038,1,1.50524557871553,0.50174852623851,0.0629371315596274
2019-07-18,21,0,99.9,23,1,0.796501312900028,0,3,0.796501312900028,1,2.30174689161556,0.767248963871852,0.129312240967963
2019-07-18,22,0,99.9,22.8,1,0.814927999146579,0,4,0.814927999146579,1,3.11667489076214,1.03889163025405,0.197222907563511
2019-07-18,23,0,99.9,23.1,1,0.787053096012742,0,5,0.787053096012742,1,3.90372798677488,1.30124266225829,0.262810665564573
2019-07-18,24,0,99.9,23,1,0.796501312900028,0,6,0.796501312900028,1,4.70022929967491,1.56674309989164,0.329185774972909
2019-07-18,1,0,99.9,23,1,0.796501312900028,0,7,0.796501312900028,1,5.49673061257493,1.83224353752498,0.395560884381244
2019-07-18,2,0,99.9,23.1,1,0.787053096012742,0,8,0.787053096012742,1,6.28378370858768,2.09459456952922,0.461148642382306
2019-07-18,3,0,99.9,23,1,0.796501312900028,0,9,0.796501312900028,1,7.0802850214877,2.36009500716257,0.527523751790642
2019-07-18,4,0,99.3,23.2,1,0.777451048335543,0,10,0.777451048335543,1,7.85773606982325,2.61924535660775,0.592311339151937
2019-07-18,5,0,97.9,23.4,1,0.757794078648668,0,11,0.757794078648668,1,8.61553014847192,2.87184338282397,0.655460845705993
2019-07-18,6,1,99.9,23,1,0.796501312900028,0,12,0.796501312900028,1,9.41203146137194,3.13734382045731,0.721835955114329
2019-07-18,7,1,99.9,23.1,1,0.787053096012742,0,13,0.787053096012742,1,10.1990845573847,3.39969485246156,0.787423713115391
2019-07-18,8,0,99.8,23.4,1,0.757794078648668,0,14,0.757794078648668,1,10.9568786360334,3.65229287867779,0.850573219669446
2019-07-18,9,0,99.9,24.2,1,0.673472526992004,0,15,0.673472526992004,1,11.6303511630254,3.87678372100845,0.906695930252113
2019-07-19,10,0,94.5,24.2,1,0.673472526992004,0,16,0.673472526992004,1,12.3038236900174,4.10127456333912,0.96281864083478
2019-07-19,11,0,92,24.5,1,0.639689077167652,0,17,0.639689077167652,1,12.943512767185,4.31450425572834,1
2019-07-19,12,0.5,94.9,24.1,1,0.684484426061793,0,18,0.684484426061793,1,13.6279971932468,4.54266573108227,1
2019-07-19,13,5,99.9,23.8,1,0.716732534201063,0,19,0.716732534201063,1,14.3447297274479,4.78157657581596,1
2019-07-19,14,4.5,99.9,24.3,1,0.662334036737294,0,20,0.662334036737294,1,15.0070637641852,5.00235458806172,1
2019-07-19,15,4,99.9,24,1,0.69536688982439,0,21,0.69536688982439,1,15.7024306540096,5.23414355133652,1
2019-07-19,16,2,99.9,24.2,1,0.673472526992004,0,22,0.673472526992004,1,16.3759031810016,5.45863439366719,1
2019-07-19,17,2,99.5,24.2,1,0.673472526992004,0,23,0.673472526992004,1,17.0493757079936,5.68312523599786,1
2019-07-19,18,11.5,99.9,24.1,1,0.684484426061793,0,24,0.684484426061793,1,17.7338601340554,5.91128671135179,1
2019-07-19,19,9,99.9,24.6,1,0.628188722799122,0,25,0.628188722799122,1,18.3620488568545,6.12068295228483,1
2019-07-19,20,3,99.9,24.5,1,0.639689077167652,0,26,0.639689077167652,1,19.0017379340221,6.33391264467404,1
2019-07-19,21,19,99.9,24.3,1,0.662334036737294,0,27,0.662334036737294,1,19.6640719707594,6.55469065691981,1
2019-07-19,22,1.5,94.5,24.7,1,0.616574013362942,0,28,0.616574013362942,1,20.2806459841224,6.76021532804079,1
2019-07-19,23,2,94.3,24.6,1,0.628188722799122,0,29,0.628188722799122,1,20.9088347069215,6.96961156897383,1
2019-07-19,24,3.5,93.2,24.4,1,0.651071882453056,0,30,0.651071882453056,1,21.5599065893746,7.18663552979152,1
2019-07-19,1,5,92.5,24.3,1,0.662334036737294,0,31,0.662334036737294,1,22.2222406261118,7.40741354203728,1
2019-07-19,2,10,93,24.2,1,0.673472526992004,0,32,0.673472526992004,1,22.8957131531039,7.63190438436795,1
2019-07-19,3,9,92.8,24.3,1,0.662334036737294,0,33,0.662334036737294,1,23.5580471898411,7.85268239661372,1
2019-07-19,4,9,93.1,24.3,1,0.662334036737294,0,34,0.662334036737294,1,24.2203812265784,8.07346040885948,1
2019-07-19,5,12,95.1,24.2,1,0.673472526992004,0,35,0.673472526992004,1,24.8938537535704,8.29795125119015,1
2019-07-19,6,5.5,94.2,24.4,1,0.651071882453056,0,36,0.651071882453056,1,25.5449256360235,8.51497521200784,1
2019-07-19,7,6,94.6,24.6,1,0.628188722799122,0,37,0.628188722799122,1,26.1731143588226,8.72437145294088,1
2019-07-19,8,8.5,97.4,24.5,1,0.639689077167652,0,38,0.639689077167652,1,26.8128034359903,8.93760114533009,1
2019-07-19,9,9,96.6,25.4,1,0.532358430871649,0,39,0.532358430871649,1,27.3451618668619,9.11505395562064,1
2019-07-20,10,2,94.5,25.7,1,0.494913504615628,0,40,0.494913504615628,1,27.8400753714776,9.28002512382585,1
2019-07-20,11,1,93.1,25.6,1,0.507473065882102,0,41,0.507473065882102,1,28.3475484373597,9.44918281245322,1
2019-07-20,12,1,91.8,25.5,0,0.519956157028141,1,41,0,1,28.3475484373597,9.44918281245322,1
2019-07-20,13,3,94.1,25.1,1,0.569038926302587,0,42,0.569038926302587,1,28.9165873636622,9.63886245455408,1
2019-07-20,14,4,96.9,24.5,1,0.639689077167652,0,43,0.639689077167652,1,29.5562764408299,9.8520921469433,1
2019-07-20,15,6.5,98.9,24.2,1,0.673472526992004,0,44,0.673472526992004,1,30.2297489678219,10.076582989274,1
2019-07-20,16,1.5,98.5,24.2,1,0.673472526992004,0,45,0.673472526992004,1,30.9032214948139,10.3010738316046,1
2019-07-20,17,1,98.6,24,1,0.69536688982439,0,46,0.69536688982439,1,31.5985883846383,10.5328627948794,1
2019-07-20,18,0.5,99.5,23.7,1,0.72721041840289,0,47,0.72721041840289,1,32.3257988030412,10.7752662676804,1
2019-07-20,19,1.5,99.7,23.5,1,0.747743622304841,0,48,0.747743622304841,1,33.073542425346,11.024514141782,1
2019-07-20,20,5,99.9,23.4,1,0.757794078648668,0,49,0.757794078648668,1,33.8313365039947,11.2771121679982,1
2019-07-20,21,5,99.9,23.3,1,0.767697308875491,0,50,0.767697308875491,1,34.5990338128702,11.5330112709567,1
2019-07-20,22,2,99.9,23.5,1,0.747743622304841,0,51,0.747743622304841,1,35.346777435175,11.7822591450583,1
2019-07-20,23,4,99.9,23.3,1,0.767697308875491,0,52,0.767697308875491,1,36.1144747440505,12.0381582480168,1
2019-07-20,24,6,99.9,23.3,1,0.767697308875491,0,53,0.767697308875491,1,36.882172052926,12.2940573509753,1
2019-07-20,1,6.5,99.9,23.3,1,0.767697308875491,0,54,0.767697308875491,1,37.6498693618015,12.5499564539338,1
2019-07-20,2,4.5,99.9,23.3,1,0.767697308875491,0,55,0.767697308875491,1,38.417566670677,12.8058555568923,1
2019-07-20,3,2.5,99.9,23.5,1,0.747743622304841,0,56,0.747743622304841,1,39.1653102929818,13.0551034309939,1
2019-07-20,4,1.5,99.9,23.6,1,0.737548269840038,0,57,0.737548269840038,1,39.9028585628219,13.300952854274,1
2019-07-20,5,0.5,99.9,23.5,1,0.747743622304841,0,58,0.747743622304841,1,40.6506021851267,13.5502007283756,1
2019-07-20,6,1,99.9,23.6,1,0.737548269840038,0,59,0.737548269840038,1,41.3881504549667,13.7960501516556,1
2019-07-20,7,0,99.9,23.6,1,0.737548269840038,0,60,0.737548269840038,1,42.1256987248068,14.0418995749356,1
2019-07-20,8,0.5,99.9,23.6,1,0.737548269840038,0,61,0.737548269840038,1,42.8632469946468,14.2877489982156,1
2019-07-20,9,0,99.9,23.9,1,0.706117154514705,0,62,0.706117154514705,1,43.5693641491615,14.5231213830538,1
2019-07-21,10,0.5,99.9,24.2,1,0.673472526992004,0,63,0.673472526992004,1,44.2428366761535,14.7476122253845,1
2019-07-21,11,0,99.9,24.4,1,0.651071882453056,0,64,0.651071882453056,1,44.8939085586066,14.9646361862022,1
2019-07-21,12,0,99.7,24.8,1,0.604848238386529,0,65,0.604848238386529,1,45.4987567969931,15.1662522656644,1
2019-07-21,13,0,96.7,25,1,0.581077149556929,0,66,0.581077149556929,1,46.07983394655,15.35994464885,1
2019-07-21,14,0,93,25.9,1,0.469583097724758,0,67,0.469583097724758,1,46.5494170442748,15.5164723480916,1
2019-07-21,15,0,91.4,25.8,0,0.482281966387729,1,67,0,1,46.5494170442748,15.5164723480916,1
2019-07-21,16,0,92.4,25.6,1,0.507473065882102,0,68,0.507473065882102,1,47.0568901101569,15.685630036719,1
2019-07-21,17,0,88.6,26.4,0,0.405253230483698,1,68,0,1,47.0568901101569,15.685630036719,1
2019-07-21,18,0,86,27.2,0,0.300823804345635,2,0,0,1,0,0,0
2019-07-21,19,0,83.7,27.6,0,0.248858076529485,3,0,0,1,0,0,0
2019-07-21,20,0,88.9,26.8,0,0.353117619957617,4,0,0,1,0,0,0
2019-07-21,21,0,93.8,25.7,1,0.494913504615628,0,1,0.494913504615628,1,0.494913504615628,0.164971168205209,0
2019-07-21,22,0,99.9,24.8,1,0.604848238386529,0,2,0.604848238386529,1,1.09976174300216,0.366587247667386,0.0291468119168464
2019-07-21,23,0,92.7,24.8,1,0.604848238386529,0,3,0.604848238386529,1,1.70460998138869,0.568203327129562,0.0795508317823905
2019-07-21,24,0,99.3,23.9,1,0.706117154514705,0,4,0.706117154514705,1,2.41072713590339,0.803575711967797,0.138393927991949
2019-07-21,1,0,96.5,24.3,1,0.662334036737294,0,5,0.662334036737294,1,3.07306117264068,1.02435372421356,0.19358843105339
2019-07-21,2,0,98.2,24.2,1,0.673472526992004,0,6,0.673472526992004,1,3.74653369963269,1.24884456654423,0.249711141636057
2019-07-21,3,0,99.2,24,1,0.69536688982439,0,7,0.69536688982439,1,4.44190058945708,1.48063352981903,0.307658382454757
2019-07-21,4,0,99.9,23.9,1,0.706117154514705,0,8,0.706117154514705,1,5.14801774397178,1.71600591465726,0.366501478664315
2019-07-21,5,0,99.9,23.9,1,0.706117154514705,0,9,0.706117154514705,1,5.85413489848649,1.9513782994955,0.425344574873874
2019-07-21,6,0,99.9,23.7,1,0.72721041840289,0,10,0.72721041840289,1,6.58134531688938,2.19378177229646,0.485945443074115
2019-07-21,7,0,99.9,23.3,1,0.767697308875491,0,11,0.767697308875491,1,7.34904262576487,2.44968087525496,0.549920218813739
2019-07-21,8,0,99.2,24.2,1,0.673472526992004,0,12,0.673472526992004,1,8.02251515275687,2.67417171758562,0.606042929396406
2019-07-21,9,0,91.2,24.9,0,0.593014786547798,1,12,0,1,8.02251515275687,2.67417171758562,0.606042929396406
2019-07-22,10,0,80.7,27.6,0,0.248858076529485,2,0,0,1,0,0,0
2019-07-22,11,0,77.8,29,0,0.0797700235885415,3,0,0,1,0,0,0
2019-07-22,12,0,76.7,30.3,0,0,4,0,0,1,0,0,0
2019-07-22,13,0,67.6,31.2,0,0,5,0,0,1,0,0,0
2019-07-22,14,0,68,32.4,0,0,6,0,0,1,0,0,0
2019-07-22,15,0,69,31.5,0,0,7,0,0,1,0,0,0
2019-07-22,16,0,78.4,29.6,0,0.0229288114010519,8,0,0,1,0,0,0
2019-07-22,17,0,80.1,29.5,0,0.0311511269938033,9,0,0,1,0,0,0
2019-07-22,18,0,80.5,29.9,0,0.00335102610738999,10,0,0,1,0,0,0
2019-07-22,19,0,80.8,28.4,0,0.148434875121192,11,0,0,1,0,0,0
2019-07-22,20,0,86.6,28,0,0.197812848640127,12,0,0,1,0,0,0
2019-07-22,21,0,89.8,27.2,0,0.300823804345635,13,0,0,1,0,0,0
2019-07-22,22,0,90.6,27,0,0.326962179202605,14,0,0,1,0,0,0
2019-07-22,23,0,91.8,26.6,0,0.379232319581893,15,0,0,1,0,0,0
2019-07-22,24,0,94.6,26.2,1,0.431131447810326,0,1,0.431131447810326,1,0.431131447810326,0.143710482603442,0
2019-07-22,1,0,95.6,26,1,0.45682170652376,0,2,0.45682170652376,1,0.887953154334086,0.295984384778029,0.0114960961945072
2019-07-22,2,0,96.2,25.7,1,0.494913504615628,0,3,0.494913504615628,1,1.38286665894971,0.460955552983238,0.0527388882458095
2019-07-22,3,0,98.6,25.5,1,0.519956157028141,0,4,0.519956157028141,1,1.90282281597785,0.634274271992618,0.0960685679981546
2019-07-22,4,0,98.9,25.4,1,0.532358430871649,0,5,0.532358430871649,1,2.4351812468495,0.811727082283168,0.140431770570792
2019-07-22,5,0,99.6,25.4,1,0.532358430871649,0,6,0.532358430871649,1,2.96753967772115,0.989179892573718,0.184794973143429
2019-07-22,6,0,98.7,25.4,1,0.532358430871649,0,7,0.532358430871649,1,3.4998981085928,1.16663270286427,0.229158175716067
2019-07-22,7,0,98.7,25.2,1,0.556903827286182,0,8,0.556903827286182,1,4.05680193587899,1.35226731195966,0.275566827989915
2019-07-22,8,0,94.3,25.8,1,0.482281966387729,0,9,0.482281966387729,1,4.53908390226671,1.51302796742224,0.315756991855559
2019-07-22,9,0,90.4,26.5,0,0.392257645894514,1,9,0,1,4.53908390226671,1.51302796742224,0.315756991855559
2019-07-23,10,0,81.3,29.4,0,0.0399700508675576,2,0,0,1,0,0,0
2019-07-23,11,0,75.6,30.1,0,0,3,0,0,1,0,0,0
2019-07-23,12,0,66.7,31.4,0,0,4,0,0,1,0,0,0
2019-07-23,13,0,65.7,32.4,0,0,5,0,0,1,0,0,0
2019-07-23,14,0,65.7,32.7,0,0,6,0,0,1,0,0,0
2019-07-23,15,0,65.4,32.3,0,0,7,0,0,1,0,0,0
2019-07-23,16,0,61.1,32.2,0,0,8,0,0,1,0,0,0
2019-07-23,17,0,65.7,31.6,0,0,9,0,0,1,0,0,0
2019-07-23,18,0,65.3,31.8,0,0,10,0,0,1,0,0,0
2019-07-23,19,0,69.7,30.2,0,0,11,0,0,1,0,0,0
2019-07-23,20,0,77.6,28.3,0,0.160574303993152,12,0,0,1,0,0,0
2019-07-23,21,0,81.4,27.3,0,0.28778056750553,13,0,0,1,0,0,0
2019-07-23,22,0,85.8,26.5,0,0.392257645894514,14,0,0,1,0,0,0
2019-07-23,23,0,87.1,26.1,0,0.444002770736375,15,0,0,1,0,0,0
2019-07-23,24,0,92.7,25.3,1,0.54467567937045,0,1,0.54467567937045,1,0.54467567937045,0.18155855979015,0
2019-07-23,1,0,91.4,25.6,0,0.507473065882102,1,1,0,1,0.54467567937045,0.18155855979015,0
2019-07-23,2,0,91.4,25.6,0,0.507473065882102,2,0,0,1,0,0,0
2019-07-23,3,0,91,25.5,0,0.519956157028141,3,0,0,1,0,0,0
2019-07-23,4,0,92.6,25.4,1,0.532358430871649,0,1,0.532358430871649,1,0.532358430871649,0.17745281029055,0
2019-07-23,5,0,93.6,25.2,1,0.556903827286182,0,2,0.556903827286182,1,1.08926225815783,0.363087419385944,0.028271854846486
2019-07-23,6,0,94.5,25.2,1,0.556903827286182,0,3,0.556903827286182,1,1.64616608544401,0.548722028481338,0.0746805071203345
2019-07-23,7,0,93.7,25.2,1,0.556903827286182,0,4,0.556903827286182,1,2.2030699127302,0.734356637576732,0.121089159394183
2019-07-23,8,0,91.5,25.5,0,0.519956157028141,1,4,0,1,2.2030699127302,0.734356637576732,0.121089159394183
2019-07-23,9,0,87.1,26.2,0,0.431131447810326,2,0,0,1,0,0,0
2019-07-24,10,0,83.7,26.7,0,0.366183481577597,3,0,0,1,0,0,0
2019-07-24,11,0,80.8,27.5,0,0.261788524945977,4,0,0,1,0,0,0
2019-07-24,12,0,81.2,27.3,0,0.28778056750553,5,0,0,1,0,0,0
2019-07-24,13,0,78.5,28.6,0,0.124667087871404,6,0,0,1,0,0,0
2019-07-24,14,0,78.5,28.6,0,0.124667087871404,7,0,0,1,0,0,0
2019-07-24,15,0,81.5,27.9,0,0.210450287534895,8,0,0,1,0,0,0
2019-07-24,16,0,80.5,28,0,0.197812848640127,9,0,0,1,0,0,0
2019-07-24,17,0,86,27.2,0,0.300823804345635,10,0,0,1,0,0,0
2019-07-24,18,0,86.2,27.1,0,0.313887039947221,11,0,0,1,0,0,0
2019-07-24,19,0,85.4,27.2,0,0.300823804345635,12,0,0,1,0,0,0
2019-07-24,20,0,86.9,26.9,0,0.340041498976665,13,0,0,1,0,0,0
2019-07-24,21,0,86.9,26.8,0,0.353117619957617,14,0,0,1,0,0,0
2019-07-24,22,0,89.3,26.6,0,0.379232319581893,15,0,0,1,0,0,0
2019-07-24,23,0,92.5,26.3,1,0.418213084976641,0,1,0.418213084976641,1,0.418213084976641,0.13940436165888,0
2019-07-24,24,0,93.5,26.1,1,0.444002770736375,0,2,0.444002770736375,1,0.862215855713016,0.287405285237672,0.00935132130941797
2019-07-24,1,0,93.9,26.1,1,0.444002770736375,0,3,0.444002770736375,1,1.30621862644939,0.435406208816463,0.0463515522041159
2019-07-24,2,0,95.3,25.9,1,0.469583097724758,0,4,0.469583097724758,1,1.77580172417415,0.591933908058049,0.0854834770145123
2019-07-24,3,0,96.6,25.7,1,0.494913504615628,0,5,0.494913504615628,1,2.27071522878978,0.756905076263259,0.126726269065815
2019-07-24,4,0,99.8,25.4,1,0.532358430871649,0,6,0.532358430871649,1,2.80307365966143,0.934357886553808,0.171089471638452
2019-07-24,5,0,99.9,25.2,1,0.556903827286182,0,7,0.556903827286182,1,3.35997748694761,1.1199924956492,0.217498123912301
2019-07-24,6,0.5,99.9,25.2,1,0.556903827286182,0,8,0.556903827286182,1,3.91688131423379,1.3056271047446,0.263906776186149
2019-07-24,7,0,99.9,25.3,1,0.54467567937045,0,9,0.54467567937045,1,4.46155699360424,1.48718566453475,0.309296416133687
2019-07-24,8,0,99.9,25.4,1,0.532358430871649,0,10,0.532358430871649,1,4.99391542447589,1.6646384748253,0.353659618706324
2019-07-24,9,0,99.9,25.6,1,0.507473065882102,0,11,0.507473065882102,1,5.50138849035799,1.83379616345266,0.395949040863166
2019-07-25,10,0,99.9,25.7,1,0.494913504615628,0,12,0.494913504615628,1,5.99630199497362,1.99876733165787,0.437191832914468
2019-07-25,11,0,99.9,25.8,1,0.482281966387729,0,13,0.482281966387729,1,6.47858396136135,2.15952798712045,0.477381996780112
2019-07-25,12,0.5,99.9,26.4,1,0.405253230483698,0,14,0.405253230483698,1,6.88383719184505,2.29461239728168,0.511153099320421
2019-07-25,13,0.5,96.2,26.5,1,0.392257645894514,0,15,0.392257645894514,1,7.27609483773956,2.42536494591319,0.543841236478297
2019-07-25,14,0,92.8,27.4,1,0.274765828232679,0,16,0.274765828232679,1,7.55086066597224,2.51695355532408,0.56673838883102
2019-07-25,15,0,88.2,28.3,0,0.160574303993152,1,16,0,1,7.55086066597224,2.51695355532408,0.56673838883102
2019-07-25,16,0,85.3,28.6,0,0.124667087871404,2,0,0,1,0,0,0
2019-07-25,17,0,85.2,28.6,0,0.124667087871404,3,0,0,1,0,0,0
2019-07-25,18,0,86.6,28.4,0,0.148434875121192,4,0,0,1,0,0,0
2019-07-25,19,0,86.8,28.1,0,0.185278478027216,5,0,0,1,0,0,0
2019-07-25,20,0,86.5,28.2,0,0.172860761328476,6,0,0,1,0,0,0
2019-07-25,21,0,91.1,27.1,0,0.313887039947221,7,0,0,1,0,0,0
2019-07-25,22,0,93.5,26.8,1,0.353117619957617,0,1,0.353117619957617,1,0.353117619957617,0.117705873319206,0
2019-07-25,23,0,92,26.7,1,0.366183481577597,0,2,0.366183481577597,1,0.719301101535214,0.239767033845071,0
2019-07-25,24,0,95.2,26.5,1,0.392257645894514,0,3,0.392257645894514,1,1.11155874742973,0.370519582476576,0.030129895619144
2019-07-25,1,0,93.9,26.3,1,0.418213084976641,0,4,0.418213084976641,1,1.52977183240637,0.509923944135456,0.0649809860338641
2019-07-25,2,0,96,26,1,0.45682170652376,0,5,0.45682170652376,1,1.98659353893013,0.662197846310043,0.103049461577511
2019-07-25,3,0,96.4,26,1,0.45682170652376,0,6,0.45682170652376,1,2.44341524545389,0.81447174848463,0.141117937121157
2019-07-25,4,0,96.9,25.9,1,0.469583097724758,0,7,0.469583097724758,1,2.91299834317865,0.970999447726216,0.180249861931554
2019-07-25,5,0,97,25.9,1,0.469583097724758,0,8,0.469583097724758,1,3.38258144090341,1.1275271469678,0.21938178674195
2019-07-25,6,0,99.8,25.7,1,0.494913504615628,0,9,0.494913504615628,1,3.87749494551903,1.29249831517301,0.260624578793253
2019-07-25,7,0,99.9,25.6,1,0.507473065882102,0,10,0.507473065882102,1,4.38496801140114,1.46165600380038,0.302914000950095
2019-07-25,8,0,99.7,26,1,0.45682170652376,0,11,0.45682170652376,1,4.8417897179249,1.61392990597497,0.340982476493741
2019-07-25,9,0,92.9,26.8,1,0.353117619957617,0,12,0.353117619957617,1,5.19490733788251,1.73163577929417,0.370408944823543
2019-07-26,10,0,85.9,28,0,0.197812848640127,1,12,0,1,5.19490733788251,1.73163577929417,0.370408944823543
2019-07-26,11,0,84.8,28.5,0,0.136459582458664,2,0,0,1,0,0,0
2019-07-26,12,0,80.9,29.1,0,0.0692495626792898,3,0,0,1,0,0,0
2019-07-26,13,0,78.4,29.5,0,0.0311511269938033,4,0,0,1,0,0,0
2019-07-26,14,0,77,30.1,0,0,5,0,0,1,0,0,0
2019-07-26,15,0,73.6,30.9,0,0,6,0,0,1,0,0,0
2019-07-26,16,0,81.4,29.1,0,0.0692495626792898,7,0,0,1,0,0,0
2019-07-26,17,0,82,29.1,0,0.0692495626792898,8,0,0,1,0,0,0
2019-07-26,18,0,83.8,28.5,0,0.136459582458664,9,0,0,1,0,0,0
2019-07-26,19,0,87.2,27.9,0,0.210450287534895,10,0,0,1,0,0,0
2019-07-26,20,0,88.3,27.4,0,0.274765828232679,11,0,0,1,0,0,0
2019-07-26,21,0,89.8,27.1,0,0.313887039947221,12,0,0,1,0,0,0
2019-07-26,22,0,90,27.2,0,0.300823804345635,13,0,0,1,0,0,0
2019-07-26,23,0,91.4,27,0,0.326962179202605,14,0,0,1,0,0,0
2019-07-26,24,0,92.8,26.7,1,0.366183481577597,0,1,0.366183481577597,1,0.366183481577597,0.122061160525866,0
2019-07-26,1,0,95.1,26.6,1,0.379232319581893,0,2,0.379232319581893,1,0.74541580115949,0.24847193371983,0
2019-07-26,2,0,95.5,26.4,1,0.405253230483698,0,3,0.405253230483698,1,1.15066903164319,0.383556343881063,0.0333890859702657
2019-07-26,3,0,95.6,26.4,1,0.405253230483698,0,4,0.405253230483698,1,1.55592226212689,0.518640754042295,0.0671601885105738
2019-07-26,4,0,96.9,26.3,1,0.418213084976641,0,5,0.418213084976641,1,1.97413534710353,0.658045115701176,0.102011278925294
2019-07-26,5,0,97.1,26.3,1,0.418213084976641,0,6,0.418213084976641,1,2.39234843208017,0.797449477360056,0.136862369340014
2019-07-26,6,0,98,26.1,1,0.444002770736375,0,7,0.444002770736375,1,2.83635120281654,0.945450400938848,0.173862600234712
2019-07-26,7,0,98.3,26,1,0.45682170652376,0,8,0.45682170652376,1,3.2931729093403,1.09772430311343,0.211931075778359
2019-07-26,8,0,96.5,26.4,1,0.405253230483698,0,9,0.405253230483698,1,3.698426139824,1.23280871327467,0.245702178318667
2019-07-26,9,0,90.4,27.3,0,0.28778056750553,1,9,0,1,3.698426139824,1.23280871327467,0.245702178318667
2019-07-27,10,0,87.3,27.6,0,0.248858076529485,2,0,0,1,0,0,0
2019-07-27,11,0,89.8,27.5,0,0.261788524945977,3,0,0,1,0,0,0
2019-07-27,12,0,85.1,28.6,0,0.124667087871404,4,0,0,1,0,0,0
2019-07-27,13,1,95.8,26.4,1,0.405253230483698,0,1,0.405253230483698,1,0.405253230483698,0.135084410161233,0
2019-07-27,14,2.5,98.7,26.4,1,0.405253230483698,0,2,0.405253230483698,1,0.810506460967396,0.270168820322465,0.00504220508061633
2019-07-27,15,1,99.2,26.4,1,0.405253230483698,0,3,0.405253230483698,1,1.21575969145109,0.405253230483698,0.0388133076209245
2019-07-27,16,0.5,93.7,26.9,1,0.340041498976665,0,4,0.340041498976665,1,1.55580119042776,0.518600396809253,0.0671500992023133
2019-07-27,17,0,95.9,27.3,1,0.28778056750553,0,5,0.28778056750553,1,1.84358175793329,0.61452725264443,0.0911318131611074
2019-07-27,18,0,92,27.6,1,0.248858076529485,0,6,0.248858076529485,1,2.09243983446277,0.697479944820925,0.111869986205231
2019-07-27,19,0,92.4,27.4,1,0.274765828232679,0,7,0.274765828232679,1,2.36720566269545,0.789068554231818,0.134767138557954
2019-07-27,20,0,96.4,27,1,0.326962179202605,0,8,0.326962179202605,1,2.69416784189806,0.898055947299353,0.162013986824838
2019-07-27,21,0,98.2,26.6,1,0.379232319581893,0,9,0.379232319581893,1,3.07340016147995,1.02446672049332,0.193616680123329
2019-07-27,22,0,99.5,26.5,1,0.392257645894514,0,10,0.392257645894514,1,3.46565780737447,1.15521926912482,0.226304817281205
2019-07-27,23,0,99.7,26.2,1,0.431131447810326,0,11,0.431131447810326,1,3.89678925518479,1.29892975172826,0.262232437932066
2019-07-27,24,0.5,99.9,26.1,1,0.444002770736375,0,12,0.444002770736375,1,4.34079202592117,1.44693067530706,0.299232668826764
2019-07-27,1,0,99.9,26.2,1,0.431131447810326,0,13,0.431131447810326,1,4.77192347373149,1.5906411579105,0.335160289477624
2019-07-27,2,3,99.9,26,1,0.45682170652376,0,14,0.45682170652376,1,5.22874518025525,1.74291506008508,0.373228765021271
2019-07-27,3,0,99.9,26,1,0.45682170652376,0,15,0.45682170652376,1,5.68556688677901,1.89518896225967,0.411297240564918
2019-07-27,4,0,99.9,25.9,1,0.469583097724758,0,16,0.469583097724758,1,6.15514998450377,2.05171666150126,0.450429165375314
2019-07-27,5,0,99.9,25.9,1,0.469583097724758,0,17,0.469583097724758,1,6.62473308222853,2.20824436074284,0.48956109018571
2019-07-27,6,0,99.9,25.9,1,0.469583097724758,0,18,0.469583097724758,1,7.09431617995328,2.36477205998443,0.528693014996107
2019-07-27,7,0,99.9,25.8,1,0.482281966387729,0,19,0.482281966387729,1,7.57659814634101,2.525532715447,0.568883178861751
2019-07-27,8,0,99.8,26,1,0.45682170652376,0,20,0.45682170652376,1,8.03341985286477,2.67780661762159,0.606951654405398
2019-07-27,9,0,97.5,26.8,1,0.353117619957617,0,21,0.353117619957617,1,8.38653747282239,2.7955124909408,0.636378122735199
2019-07-28,10,0,88.4,28.2,0,0.172860761328476,1,21,0,1,8.38653747282239,2.7955124909408,0.636378122735199
2019-07-28,11,0,82.9,29,0,0.0797700235885415,2,0,0,1,0,0,0
2019-07-28,12,0,79.2,29.7,0,0.0154183603326341,3,0,0,1,0,0,0
2019-07-28,13,0,72.7,31.3,0,0,4,0,0,1,0,0,0
2019-07-28,14,0,75.1,30.2,0,0,5,0,0,1,0,0,0
2019-07-28,15,0,74.6,30.3,0,0,6,0,0,1,0,0,0
2019-07-28,16,0,76.5,29.8,0,0.00879165189440771,7,0,0,1,0,0,0
2019-07-28,17,0,75.6,29.9,0,0.00335102610738999,8,0,0,1,0,0,0
2019-07-28,18,0,76.4,29.9,0,0.00335102610738999,9,0,0,1,0,0,0
2019-07-28,19,0,79,29.1,0,0.0692495626792898,10,0,0,1,0,0,0
2019-07-28,20,0,80.8,27.9,0,0.210450287534895,11,0,0,1,0,0,0
2019-07-28,21,0,86.7,27.3,0,0.28778056750553,12,0,0,1,0,0,0
2019-07-28,22,0,88.5,26.7,0,0.366183481577597,13,0,0,1,0,0,0
2019-07-28,23,0,88.5,26.6,0,0.379232319581893,14,0,0,1,0,0,0
2019-07-28,24,0,92.2,26.1,1,0.444002770736375,0,1,0.444002770736375,1,0.444002770736375,0.148000923578792,0
2019-07-28,1,0,95,25.6,1,0.507473065882102,0,2,0.507473065882102,1,0.951475836618477,0.317158612206159,0.0167896530515397
2019-07-28,2,0,95.7,25.6,1,0.507473065882102,0,3,0.507473065882102,1,1.45894890250058,0.486316300833526,0.0590790752083816
2019-07-28,3,0,97.3,25.4,1,0.532358430871649,0,4,0.532358430871649,1,1.99130733337223,0.663769111124076,0.103442277781019
2019-07-28,4,0,97.7,25.3,1,0.54467567937045,0,5,0.54467567937045,1,2.53598301274268,0.845327670914226,0.148831917728557
2019-07-28,5,0,98.5,24.9,1,0.593014786547798,0,6,0.593014786547798,1,3.12899779929048,1.04299926643016,0.19824981660754
2019-07-28,6,0,99.9,24.5,1,0.639689077167652,0,7,0.639689077167652,1,3.76868687645813,1.25622895881938,0.251557239704844
2019-07-28,7,0,99.9,24.6,1,0.628188722799122,0,8,0.628188722799122,1,4.39687559925725,1.46562519975242,0.303906299938104
2019-07-28,8,0,92.5,26.5,1,0.392257645894514,0,9,0.392257645894514,1,4.78913324515177,1.59637774838392,0.336594437095981
2019-07-28,9,0,82.2,28,0,0.197812848640127,1,9,0,1,4.78913324515177,1.59637774838392,0.336594437095981
2019-07-29,10,0,72.9,31,0,0,2,0,0,1,0,0,0
2019-07-29,11,0,70,30.2,0,0,3,0,0,1,0,0,0
2019-07-29,12,0,65,31.8,0,0,4,0,0,1,0,0,0
2019-07-29,13,0,62.6,32.2,0,0,5,0,0,1,0,0,0
2019-07-29,14,0,63.9,32,0,0,6,0,0,1,0,0,0
2019-07-29,15,0,59.9,33.5,0,0,7,0,0,1,0,0,0
2019-07-29,16,0,60.4,33.2,0,0,8,0,0,1,0,0,0
2019-07-29,17,0,60.2,32.3,0,0,9,0,0,1,0,0,0
2019-07-29,18,0,64.4,31.8,0,0,10,0,0,1,0,0,0
2019-07-29,19,0,67,31.1,0,0,11,0,0,1,0,0,0
2019-07-29,20,0,74.8,29.2,0,0.0590785612994205,12,0,0,1,0,0,0
2019-07-29,21,0,81.2,27.7,0,0.235984429039618,13,0,0,1,0,0,0
2019-07-29,22,0,79.3,27.3,0,0.28778056750553,14,0,0,1,0,0,0
2019-07-29,23,0,83.8,26.9,0,0.340041498976665,15,0,0,1,0,0,0
2019-07-29,24,0,88.2,26.2,0,0.431131447810326,16,0,0,1,0,0,0
2019-07-29,1,0,87.8,26.4,0,0.405253230483698,17,0,0,1,0,0,0
2019-07-29,2,0,89.6,26.3,0,0.418213084976641,18,0,0,1,0,0,0
2019-07-29,3,0,90.1,26.3,0,0.418213084976641,19,0,0,1,0,0,0
2019-07-29,4,0,93.4,25.8,1,0.482281966387729,0,1,0.482281966387729,1,0.482281966387729,0.160760655462576,0
2019-07-29,5,0,94.7,25.6,1,0.507473065882102,0,2,0.507473065882102,1,0.989755032269831,0.329918344089944,0.0199795860224859
2019-07-29,6,0,94.2,25.8,1,0.482281966387729,0,3,0.482281966387729,1,1.47203699865756,0.49067899955252,0.06016974988813
2019-07-29,7,0,93.8,26,1,0.45682170652376,0,4,0.45682170652376,1,1.92885870518132,0.642952901727107,0.0982382254317767
2019-07-29,8,0,91.2,26.4,0,0.405253230483698,1,4,0,1,1.92885870518132,0.642952901727107,0.0982382254317767
2019-07-29,9,0,86.2,27.7,0,0.235984429039618,2,0,0,1,0,0,0
2019-07-30,10,0,83.5,27.9,0,0.210450287534895,3,0,0,1,0,0,0
2019-07-30,11,0,75.8,30.2,0,0,4,0,0,1,0,0,0
2019-07-30,12,0,71.7,30.5,0,0,5,0,0,1,0,0,0
2019-07-30,13,0,69.6,31.3,0,0,6,0,0,1,0,0,0
2019-07-30,14,0,64.5,32.7,0,0,7,0,0,1,0,0,0
2019-07-30,15,0,63.4,33.4,0,0,8,0,0,1,0,0,0
2019-07-30,16,0,64.7,33.6,0,0,9,0,0,1,0,0,0
2019-07-30,17,0,64.1,33,0,0,10,0,0,1,0,0,0
2019-07-30,18,0,69.5,31.2,0,0,11,0,0,1,0,0,0
2019-07-30,19,0,69.9,31,0,0,12,0,0,1,0,0,0
2019-07-30,20,0,74.4,29.7,0,0.0154183603326341,13,0,0,1,0,0,0
2019-07-30,21,0,80.2,28.8,0,0.101714596434463,14,0,0,1,0,0,0
2019-07-30,22,0,85.7,28.2,0,0.172860761328476,15,0,0,1,0,0,0
2019-07-30,23,0,89.7,27.4,0,0.274765828232679,16,0,0,1,0,0,0
2019-07-30,24,0,89.8,27.4,0,0.274765828232679,17,0,0,1,0,0,0
2019-07-30,1,0,89.9,27.1,0,0.313887039947221,18,0,0,1,0,0,0
2019-07-30,2,0,91,27.1,0,0.313887039947221,19,0,0,1,0,0,0
2019-07-30,3,0,92.4,26.6,1,0.379232319581893,0,1,0.379232319581893,1,0.379232319581893,0.126410773193964,0
2019-07-30,4,0,95.3,26.4,1,0.405253230483698,0,2,0.405253230483698,1,0.784485550065591,0.261495183355197,0.00287379583879925
2019-07-30,5,0,95,26.1,1,0.444002770736375,0,3,0.444002770736375,1,1.22848832080197,0.409496106933988,0.0398740267334971
2019-07-30,6,0,96.7,25.7,1,0.494913504615628,0,4,0.494913504615628,1,1.72340182541759,0.574467275139198,0.0811168187847995
2019-07-30,7,0,96.5,25.8,1,0.482281966387729,0,5,0.482281966387729,1,2.20568379180532,0.735227930601774,0.121306982650444
2019-07-30,8,0,87,28,0,0.197812848640127,1,5,0,1,2.20568379180532,0.735227930601774,0.121306982650444
2019-07-30,9,0,82.2,28.4,0,0.148434875121192,2,0,0,1,0,0,0
